office-name,official-title,ocd-division,division-description,homepage-url,phone,email,location name,address 1,address 2,city,state,zip,start_time,end_time,start_date,end_date,is_only_by_appointment,is_or_by_appointment,Appointment Phone #,is_subject_to_change
Ada County,County Clerk,ocd-division/country:us/state:id/county:ada,Ada County ID,adacounty.id.gov,(208) 287-6860,elections@adaweb.net,Ada County Clerk,400 N Benjamin Lane,Suite 100,Boise,ID,83704,7:00:00 - 06:00,18:00:00 - 06:00,10-17-2016,10-21-2016,no,no,,
Ada County,County Clerk,ocd-division/country:us/state:id/county:ada,Ada County ID,adacounty.id.gov,(208) 287-6860,elections@adaweb.net,Ada County Clerk,400 N Benjamin Lane,Suite 100,Boise,ID,83704,7:00:00 - 06:00,18:00:00 - 06:00,10-24-2016,10-28-2016,no,no,,
Ada County,County Clerk,ocd-division/country:us/state:id/county:ada,Ada County ID,adacounty.id.gov,(208) 287-6860,elections@adaweb.net,Ada County Clerk,400 N Benjamin Lane,Suite 100,Boise,ID,83704,7:00:00 - 06:00,18:00:00 - 06:00,10-31-2016,11-03-2016,no,no,,
Ada County,County Clerk,ocd-division/country:us/state:id/county:ada,Ada County ID,adacounty.id.gov,(208) 287-6860,elections@adaweb.net,Ada County Clerk,400 N Benjamin Lane,Suite 100,Boise,ID,83704,10:00:00 - 06:00,16:00:00 - 06:00,10-29-2016,10-29-2016,no,no,,
Ada County,County Clerk,ocd-division/country:us/state:id/county:ada,Ada County ID,adacounty.id.gov,(208) 287-6860,elections@adaweb.net,Ada County Clerk,400 N Benjamin Lane,Suite 100,Boise,ID,83704,7:00:00 - 06:00,17:00:00 - 06:00,11-04-2016,11-04-2016,no,no,,
Ada County,,ocd-division/country:us/state:id/county:ada,,,,,Meridien City Hall,33 E. Broadway Ave.,,Meridien,ID,83642,9:00:00 - 06:00,18:00:00 - 06:00,10-17-2016,10-21-2016,,,,
Ada County,,ocd-division/country:us/state:id/county:ada,,,,,Meridien City Hall,33 E. Broadway Ave.,,Meridien,ID,83642,9:00:00 - 06:00,18:00:00 - 06:00,10-24-2016,10-28-2016,,,,
Ada County,,ocd-division/country:us/state:id/county:ada,,,,,Meridien City Hall,33 E. Broadway Ave.,,Meridien,ID,83642,9:00:00 - 06:00,18:00:00 - 06:00,10-31-2016,11-03-2016,,,,
Ada County,,ocd-division/country:us/state:id/county:ada,,,,,Meridien City Hall,33 E. Broadway Ave.,,Meridien,ID,83642,9:00:00 - 06:00,17:00:00 - 06:00,11-04-2016,11-04-2016,,,,
Ada County,,ocd-division/country:us/state:id/county:ada,,,,,Eagle Senior Center,312 E. State St.,,Eagle,ID,83616,9:00:00 - 06:00,18:00:00 - 06:00,10-17-2016,10-21-2016,,,,
Ada County,,ocd-division/country:us/state:id/county:ada,,,,,Eagle Senior Center,312 E. State St.,,Eagle,ID,83616,9:00:00 - 06:00,18:00:00 - 06:00,10-24-2016,10-28-2016,,,,
Ada County,,ocd-division/country:us/state:id/county:ada,,,,,Eagle Senior Center,312 E. State St.,,Eagle,ID,83616,9:00:00 - 06:00,18:00:00 - 06:00,10-31-2016,11-03-2016,,,,
Ada County,,ocd-division/country:us/state:id/county:ada,,,,,Eagle Senior Center,312 E. State St.,,Eagle,ID,83616,9:00:00 - 06:00,17:00:00 - 06:00,11-04-2016,11-04-2016,,,,
Ada County,,ocd-division/country:us/state:id/county:ada,,,,,Boise City Hall,150 N. Capitol Blvd.,,Boise,ID,83702,9:00:00 - 06:00,18:00:00 - 06:00,10-17-2016,10-21-2016,,,,
Ada County,,ocd-division/country:us/state:id/county:ada,,,,,Boise City Hall,150 N. Capitol Blvd.,,Boise,ID,83702,9:00:00 - 06:00,18:00:00 - 06:00,10-24-2016,10-28-2016,,,,
Ada County,,ocd-division/country:us/state:id/county:ada,,,,,Boise City Hall,150 N. Capitol Blvd.,,Boise,ID,83702,9:00:00 - 06:00,18:00:00 - 06:00,10-31-2016,11-03-2016,,,,
Ada County,,ocd-division/country:us/state:id/county:ada,,,,,Boise City Hall,150 N. Capitol Blvd.,,Boise,ID,83702,9:00:00 - 06:00,17:00:00 - 06:00,11-04-2016,11-04-2016,,,,
Adams County,County Clerk,ocd-division/country:us/state:id/county:adams,Adams County ID,http://www.co.adams.id.us/,(208) 253-4561,gyoung@co.adams.id.us,Adams County Courthouse,201 Industrial Ave,,Council,ID,83612,8:00:00 - 06:00,17:00:00 - 06:00,09-23-2016,09-23-2016,no,no,,
Adams County,County Clerk,ocd-division/country:us/state:id/county:adams,Adams County ID,http://www.co.adams.id.us/,(208) 253-4561,gyoung@co.adams.id.us,Adams County Courthouse,201 Industrial Ave,,Council,ID,83612,8:00:00 - 06:00,17:00:00 - 06:00,09-26-2016,09-30-2016,no,no,,
Adams County,County Clerk,ocd-division/country:us/state:id/county:adams,Adams County ID,http://www.co.adams.id.us/,(208) 253-4561,gyoung@co.adams.id.us,Adams County Courthouse,201 Industrial Ave,,Council,ID,83612,8:00:00 - 06:00,17:00:00 - 06:00,10-03-2016,10-07-2016,no,no,,
Adams County,County Clerk,ocd-division/country:us/state:id/county:adams,Adams County ID,http://www.co.adams.id.us/,(208) 253-4561,gyoung@co.adams.id.us,Adams County Courthouse,201 Industrial Ave,,Council,ID,83612,8:00:00 - 06:00,17:00:00 - 06:00,10-11-2016,10-14-2016,no,no,,
Adams County,County Clerk,ocd-division/country:us/state:id/county:adams,Adams County ID,http://www.co.adams.id.us/,(208) 253-4561,gyoung@co.adams.id.us,Adams County Courthouse,201 Industrial Ave,,Council,ID,83612,8:00:00 - 06:00,17:00:00 - 06:00,10-17-2016,10-21-2016,no,no,,
Adams County,County Clerk,ocd-division/country:us/state:id/county:adams,Adams County ID,http://www.co.adams.id.us/,(208) 253-4561,gyoung@co.adams.id.us,Adams County Courthouse,201 Industrial Ave,,Council,ID,83612,8:00:00 - 06:00,17:00:00 - 06:00,10-24-2016,10-28-2016,no,no,,
Adams County,County Clerk,ocd-division/country:us/state:id/county:adams,Adams County ID,http://www.co.adams.id.us/,(208) 253-4561,gyoung@co.adams.id.us,Adams County Courthouse,201 Industrial Ave,,Council,ID,83612,8:00:00 - 06:00,17:00:00 - 06:00,10-31-2016,11-04-2016,no,no,,
Bannock County,County Clerk,ocd-division/country:us/state:id/county:bannock,Bannock County ID,http://www.co.bannock.id.us/,(208) 236-7329,julieh@bannockcounty.us,Bannock County Elections Office,141 N. 6th,,Pocatello,ID,83201,9:00:00 - 06:00,17:00:00 - 06:00,11-04-2016,11-04-2016,no,no,,
Bannock County,County Clerk,ocd-division/country:us/state:id/county:bannock,Bannock County ID,http://www.co.bannock.id.us/,(208) 236-7329,julieh@bannockcounty.us,Bannock County Elections Office,141 N. 6th,,Pocatello,ID,83201,9:00:00 - 06:00,16:30:00 - 06:00,09-26-2016,09-30-2016,no,no,,
Bannock County,County Clerk,ocd-division/country:us/state:id/county:bannock,Bannock County ID,http://www.co.bannock.id.us/,(208) 236-7329,julieh@bannockcounty.us,Bannock County Elections Office,141 N. 6th,,Pocatello,ID,83201,9:00:00 - 06:00,16:30:00 - 06:00,10-03-2016,10-07-2016,no,no,,
Bannock County,County Clerk,ocd-division/country:us/state:id/county:bannock,Bannock County ID,http://www.co.bannock.id.us/,(208) 236-7329,julieh@bannockcounty.us,Bannock County Elections Office,141 N. 6th,,Pocatello,ID,83201,9:00:00 - 06:00,16:30:00 - 06:00,10-11-2016,10-14-2016,no,no,,
Bannock County,County Clerk,ocd-division/country:us/state:id/county:bannock,Bannock County ID,http://www.co.bannock.id.us/,(208) 236-7329,julieh@bannockcounty.us,Bannock County Elections Office,141 N. 6th,,Pocatello,ID,83201,9:00:00 - 06:00,16:30:00 - 06:00,10-17-2016,10-21-2016,no,no,,
Bannock County,County Clerk,ocd-division/country:us/state:id/county:bannock,Bannock County ID,http://www.co.bannock.id.us/,(208) 236-7329,julieh@bannockcounty.us,Bannock County Elections Office,141 N. 6th,,Pocatello,ID,83201,9:00:00 - 06:00,16:30:00 - 06:00,10-24-2016,10-28-2016,no,no,,
Bannock County,County Clerk,ocd-division/country:us/state:id/county:bannock,Bannock County ID,http://www.co.bannock.id.us/,(208) 236-7329,julieh@bannockcounty.us,Bannock County Elections Office,141 N. 6th,,Pocatello,ID,83201,9:00:00 - 06:00,16:30:00 - 06:00,10-31-2016,11-03-2016,no,no,,
Bear Lake County,County Clerk,ocd-division/country:us/state:id/county:bear_lake,Bear Lake County ID,http://www.bearlakecounty.info/,(208) 945-2212,blclean@dcdi.net,Bear Lake County Courthouse,7 East Center,,Paris,ID,83261-0190,8:00:00 - 06:00,17:00:00 - 06:00,09-23-2016,09-23-2016,no,no,,
Bear Lake County,County Clerk,ocd-division/country:us/state:id/county:bear_lake,Bear Lake County ID,http://www.bearlakecounty.info/,(208) 945-2212,blclean@dcdi.net,Bear Lake County Courthouse,7 East Center,,Paris,ID,83261-0190,8:00:00 - 06:00,17:00:00 - 06:00,09-26-2016,09-30-2016,no,no,,
Bear Lake County,County Clerk,ocd-division/country:us/state:id/county:bear_lake,Bear Lake County ID,http://www.bearlakecounty.info/,(208) 945-2212,blclean@dcdi.net,Bear Lake County Courthouse,7 East Center,,Paris,ID,83261-0190,8:00:00 - 06:00,17:00:00 - 06:00,10-03-2016,10-07-2016,no,no,,
Bear Lake County,County Clerk,ocd-division/country:us/state:id/county:bear_lake,Bear Lake County ID,http://www.bearlakecounty.info/,(208) 945-2212,blclean@dcdi.net,Bear Lake County Courthouse,7 East Center,,Paris,ID,83261-0190,8:00:00 - 06:00,17:00:00 - 06:00,10-11-2016,10-14-2016,no,no,,
Bear Lake County,County Clerk,ocd-division/country:us/state:id/county:bear_lake,Bear Lake County ID,http://www.bearlakecounty.info/,(208) 945-2212,blclean@dcdi.net,Bear Lake County Courthouse,7 East Center,,Paris,ID,83261-0190,8:00:00 - 06:00,17:00:00 - 06:00,10-17-2016,10-21-2016,no,no,,
Bear Lake County,County Clerk,ocd-division/country:us/state:id/county:bear_lake,Bear Lake County ID,http://www.bearlakecounty.info/,(208) 945-2212,blclean@dcdi.net,Bear Lake County Courthouse,7 East Center,,Paris,ID,83261-0190,8:00:00 - 06:00,17:00:00 - 06:00,10-24-2016,10-28-2016,no,no,,
Bear Lake County,County Clerk,ocd-division/country:us/state:id/county:bear_lake,Bear Lake County ID,http://www.bearlakecounty.info/,(208) 945-2212,blclean@dcdi.net,Bear Lake County Courthouse,7 East Center,,Paris,ID,83261-0190,8:00:00 - 06:00,17:00:00 - 06:00,10-31-2016,11-04-2016,no,no,,
Benewah County,County Clerk,ocd-division/country:us/state:id/county:benewah,Benewah County ID,,(208) 245-3212,lragan@benewahcounty.org,Benewah County Courthouse         ,701 W College Ave,Suite 101,St Maries,ID,83861-1852,9:00:00 - 07:00,17:00:00 - 07:00,10-03-2016,10-07-2016,no,no,,
Benewah County,County Clerk,ocd-division/country:us/state:id/county:benewah,Benewah County ID,,(208) 245-3212,lragan@benewahcounty.org,Benewah County Courthouse         ,701 W College Ave,Suite 101,St Maries,ID,83861-1852,9:00:00 - 07:00,17:00:00 - 07:00,10-11-2016,10-14-2016,no,no,,
Benewah County,County Clerk,ocd-division/country:us/state:id/county:benewah,Benewah County ID,,(208) 245-3212,lragan@benewahcounty.org,Benewah County Courthouse         ,701 W College Ave,Suite 101,St Maries,ID,83861-1852,9:00:00 - 07:00,17:00:00 - 07:00,10-17-2016,10-21-2016,no,no,,
Benewah County,County Clerk,ocd-division/country:us/state:id/county:benewah,Benewah County ID,,(208) 245-3212,lragan@benewahcounty.org,Benewah County Courthouse         ,701 W College Ave,Suite 101,St Maries,ID,83861-1852,9:00:00 - 07:00,17:00:00 - 07:00,10-24-2016,10-28-2016,no,no,,
Benewah County,County Clerk,ocd-division/country:us/state:id/county:benewah,Benewah County ID,,(208) 245-3212,lragan@benewahcounty.org,Benewah County Courthouse         ,701 W College Ave,Suite 101,St Maries,ID,83861-1852,9:00:00 - 07:00,17:00:00 - 07:00,10-31-2016,11-04-2016,no,no,,
Bingham County,County Clerk,ocd-division/country:us/state:id/county:bingham,Bingham County ID,http://www.co.bingham.id.us/,(208) 782-3164,mjensen@co.bingham.id.us,Bingham County Courthouse,501 N Maple St,Room 105,Blackfoot,ID,83221-1776,8:30:00 - 06:00,12:00:00 - 06:00,10-17-2016,10-21-2016,no,no,,
Bingham County,County Clerk,ocd-division/country:us/state:id/county:bingham,Bingham County ID,http://www.co.bingham.id.us/,(208) 782-3164,mjensen@co.bingham.id.us,Bingham County Courthouse,501 N Maple St,Room 105,Blackfoot,ID,83221-1776,8:30:00 - 06:00,12:00:00 - 06:00,10-24-2016,10-28-2016,no,no,,
Bingham County,County Clerk,ocd-division/country:us/state:id/county:bingham,Bingham County ID,http://www.co.bingham.id.us/,(208) 782-3164,mjensen@co.bingham.id.us,Bingham County Courthouse,501 N Maple St,Room 105,Blackfoot,ID,83221-1776,8:30:00 - 06:00,12:00:00 - 06:00,10-31-2016,11-04-2016,no,no,,
Bingham County,County Clerk,ocd-division/country:us/state:id/county:bingham,Bingham County ID,http://www.co.bingham.id.us/,(208) 782-3164,mjensen@co.bingham.id.us,Bingham County Courthouse,501 N Maple St,Room 105,Blackfoot,ID,83221-1776,13:00:00 - 06:00,16:30:00 - 06:00,10-17-2016,10-21-2016,no,no,,
Bingham County,County Clerk,ocd-division/country:us/state:id/county:bingham,Bingham County ID,http://www.co.bingham.id.us/,(208) 782-3164,mjensen@co.bingham.id.us,Bingham County Courthouse,501 N Maple St,Room 105,Blackfoot,ID,83221-1776,13:00:00 - 06:00,16:30:00 - 06:00,10-24-2016,10-28-2016,no,no,,
Bingham County,County Clerk,ocd-division/country:us/state:id/county:bingham,Bingham County ID,http://www.co.bingham.id.us/,(208) 782-3164,mjensen@co.bingham.id.us,Bingham County Courthouse,501 N Maple St,Room 105,Blackfoot,ID,83221-1776,13:00:00 - 06:00,16:30:00 - 06:00,10-31-2016,11-04-2016,no,no,,
Blaine County,County Clerk,ocd-division/country:us/state:id/county:blaine,Blaine County ID,http://www.co.blaine.id.us/,(208) 788-5510,election@co.blaine.id.us,Old County Courthouse,206 1st Ave South,#200,Hailey,ID,83333-8429,8:00:00 - 06:00,17:00:00 - 06:00,10-17-2016,10-21-2016,no,no,,
Blaine County,County Clerk,ocd-division/country:us/state:id/county:blaine,Blaine County ID,http://www.co.blaine.id.us/,(208) 788-5510,election@co.blaine.id.us,Old County Courthouse,206 1st Ave South,#200,Hailey,ID,83333-8429,8:00:00 - 06:00,17:00:00 - 06:00,10-24-2016,10-28-2016,no,no,,
Blaine County,County Clerk,ocd-division/country:us/state:id/county:blaine,Blaine County ID,http://www.co.blaine.id.us/,(208) 788-5510,election@co.blaine.id.us,Old County Courthouse,206 1st Ave South,#200,Hailey,ID,83333-8429,8:00:00 - 06:00,17:00:00 - 06:00,10-31-2016,11-04-2016,no,no,,
Boise County,County Clerk,ocd-division/country:us/state:id/county:boise,Boise County ID,http://www.boisecounty.us/,(208) 392-4431,sloya@co.boise.id.us,Boise County Recorders Office,420 Main St,,Idaho City,ID,83631,8:00:00 - 06:00,17:00:00 - 06:00,09-26-2016,09-30-2016,no,no,,
Boise County,County Clerk,ocd-division/country:us/state:id/county:boise,Boise County ID,http://www.boisecounty.us/,(208) 392-4431,sloya@co.boise.id.us,Boise County Recorders Office,420 Main St,,Idaho City,ID,83631,8:00:00 - 06:00,17:00:00 - 06:00,10-03-2016,10-07-2016,no,no,,
Boise County,County Clerk,ocd-division/country:us/state:id/county:boise,Boise County ID,http://www.boisecounty.us/,(208) 392-4431,sloya@co.boise.id.us,Boise County Recorders Office,420 Main St,,Idaho City,ID,83631,8:00:00 - 06:00,17:00:00 - 06:00,10-10-2016,10-14-2016,no,no,,
Boise County,County Clerk,ocd-division/country:us/state:id/county:boise,Boise County ID,http://www.boisecounty.us/,(208) 392-4431,sloya@co.boise.id.us,Boise County Recorders Office,420 Main St,,Idaho City,ID,83631,8:00:00 - 06:00,17:00:00 - 06:00,10-17-2016,10-21-2016,no,no,,
Boise County,County Clerk,ocd-division/country:us/state:id/county:boise,Boise County ID,http://www.boisecounty.us/,(208) 392-4431,sloya@co.boise.id.us,Boise County Recorders Office,420 Main St,,Idaho City,ID,83631,8:00:00 - 06:00,17:00:00 - 06:00,10-24-2016,10-28-2016,no,no,,
Boise County,County Clerk,ocd-division/country:us/state:id/county:boise,Boise County ID,http://www.boisecounty.us/,(208) 392-4431,sloya@co.boise.id.us,Boise County Recorders Office,420 Main St,,Idaho City,ID,83631,8:00:00 - 06:00,17:00:00 - 06:00,10-31-2016,11-04-2016,no,no,,
Bonner County,County Clerk,ocd-division/country:us/state:id/county:bonner,Bonner County ID,bonnercounty.us,(208) 255-3631,cwrum@bonnercountyid.gov,,1500 Hwy 2,Suite 124,Sandpoint,ID,83864-1794,9:00:00 - 07:00,17:00:00 - 07:00,10-03-2016,10-07-2016,no,no,,
Bonner County,County Clerk,ocd-division/country:us/state:id/county:bonner,Bonner County ID,bonnercounty.us,(208) 255-3631,cwrum@bonnercountyid.gov,,1500 Hwy 2,Suite 124,Sandpoint,ID,83864-1794,9:00:00 - 07:00,17:00:00 - 07:00,10-11-2016,10-14-2016,no,no,,
Bonner County,County Clerk,ocd-division/country:us/state:id/county:bonner,Bonner County ID,bonnercounty.us,(208) 255-3631,cwrum@bonnercountyid.gov,,1500 Hwy 2,Suite 124,Sandpoint,ID,83864-1794,9:00:00 - 07:00,17:00:00 - 07:00,10-17-2016,10-21-2016,no,no,,
Bonner County,County Clerk,ocd-division/country:us/state:id/county:bonner,Bonner County ID,bonnercounty.us,(208) 255-3631,cwrum@bonnercountyid.gov,,1500 Hwy 2,Suite 124,Sandpoint,ID,83864-1794,9:00:00 - 07:00,17:00:00 - 07:00,10-24-2016,10-28-2016,no,no,,
Bonner County,County Clerk,ocd-division/country:us/state:id/county:bonner,Bonner County ID,bonnercounty.us,(208) 255-3631,cwrum@bonnercountyid.gov,,1500 Hwy 2,Suite 124,Sandpoint,ID,83864-1794,9:00:00 - 07:00,17:00:00 - 07:00,10-31-2016,11-04-2016,no,no,,
Bonneville County,County Clerk,ocd-division/country:us/state:id/county:bonneville,Bonneville County ID,http://www.co.bonneville.id.us/,(208) 529-1363,vote@co.bonneville.id.us,Bonneville County Elections,825 Shoup Ave,,Idaho Falls,ID,83402-3582,8:00:00 - 06:00,17:00:00 - 06:00,10-03-2016,10-07-2016,no,no,,
Bonneville County,County Clerk,ocd-division/country:us/state:id/county:bonneville,Bonneville County ID,http://www.co.bonneville.id.us/,(208) 529-1363,vote@co.bonneville.id.us,Bonneville County Elections,825 Shoup Ave,,Idaho Falls,ID,83402-3582,8:00:00 - 06:00,17:00:00 - 06:00,10-11-2016,10-14-2016,no,no,,
Bonneville County,County Clerk,ocd-division/country:us/state:id/county:bonneville,Bonneville County ID,http://www.co.bonneville.id.us/,(208) 529-1363,vote@co.bonneville.id.us,Bonneville County Elections,825 Shoup Ave,,Idaho Falls,ID,83402-3582,8:00:00 - 06:00,17:00:00 - 06:00,10-17-2016,10-21-2016,no,no,,
Bonneville County,County Clerk,ocd-division/country:us/state:id/county:bonneville,Bonneville County ID,http://www.co.bonneville.id.us/,(208) 529-1363,vote@co.bonneville.id.us,Bonneville County Elections,825 Shoup Ave,,Idaho Falls,ID,83402-3582,8:00:00 - 06:00,17:00:00 - 06:00,10-24-2016,10-28-2016,no,no,,
Bonneville County,County Clerk,ocd-division/country:us/state:id/county:bonneville,Bonneville County ID,http://www.co.bonneville.id.us/,(208) 529-1363,vote@co.bonneville.id.us,Bonneville County Elections,825 Shoup Ave,,Idaho Falls,ID,83402-3582,8:00:00 - 06:00,17:00:00 - 06:00,10-31-2016,11-04-2016,no,no,,
Boundary County,County Clerk,ocd-division/country:us/state:id/county:boundary,Boundary County ID,http://www.boundarycountyid.org/,(208) 267-2242,gposton@boundarycountyid.org,,6452 Kootenai Street,,Bonners Ferry,ID,83805,9:00:00 - 07:00,17:00:00 - 07:00,09-23-2016,09-23-2016,no,no,,
Boundary County,County Clerk,ocd-division/country:us/state:id/county:boundary,Boundary County ID,http://www.boundarycountyid.org/,(208) 267-2242,gposton@boundarycountyid.org,,6452 Kootenai Street,,Bonners Ferry,ID,83805,9:00:00 - 07:00,17:00:00 - 07:00,09-26-2016,09-30-2016,no,no,,
Boundary County,County Clerk,ocd-division/country:us/state:id/county:boundary,Boundary County ID,http://www.boundarycountyid.org/,(208) 267-2242,gposton@boundarycountyid.org,,6452 Kootenai Street,,Bonners Ferry,ID,83805,9:00:00 - 07:00,17:00:00 - 07:00,10-03-2016,10-07-2016,no,no,,
Boundary County,County Clerk,ocd-division/country:us/state:id/county:boundary,Boundary County ID,http://www.boundarycountyid.org/,(208) 267-2242,gposton@boundarycountyid.org,,6452 Kootenai Street,,Bonners Ferry,ID,83805,9:00:00 - 07:00,17:00:00 - 07:00,10-10-2016,10-14-2016,no,no,,
Boundary County,County Clerk,ocd-division/country:us/state:id/county:boundary,Boundary County ID,http://www.boundarycountyid.org/,(208) 267-2242,gposton@boundarycountyid.org,,6452 Kootenai Street,,Bonners Ferry,ID,83805,9:00:00 - 07:00,17:00:00 - 07:00,10-17-2016,10-21-2016,no,no,,
Boundary County,County Clerk,ocd-division/country:us/state:id/county:boundary,Boundary County ID,http://www.boundarycountyid.org/,(208) 267-2242,gposton@boundarycountyid.org,,6452 Kootenai Street,,Bonners Ferry,ID,83805,9:00:00 - 07:00,17:00:00 - 07:00,10-24-2016,10-28-2016,no,no,,
Boundary County,County Clerk,ocd-division/country:us/state:id/county:boundary,Boundary County ID,http://www.boundarycountyid.org/,(208) 267-2242,gposton@boundarycountyid.org,,6452 Kootenai Street,,Bonners Ferry,ID,83805,9:00:00 - 07:00,17:00:00 - 07:00,10-31-2016,11-04-2016,no,no,,
Camas County,County Clerk,ocd-division/country:us/state:id/county:camas,Camas County ID,,(208) 764-2242,camasclerk@rtci.net,Camas County Clerk,501 Soldier Road,,Fairfield,ID,83327,8:30:00 - 06:00,17:00:00 - 06:00,09-22-2016,09-23-2016,,,,
Camas County,County Clerk,ocd-division/country:us/state:id/county:camas,Camas County ID,,(208) 764-2242,camasclerk@rtci.net,Camas County Clerk,501 Soldier Road,,Fairfield,ID,83327,8:30:00 - 06:00,17:00:00 - 06:00,09-26-2016,09-30-2016,,,,
Camas County,County Clerk,ocd-division/country:us/state:id/county:camas,Camas County ID,,(208) 764-2242,camasclerk@rtci.net,Camas County Clerk,501 Soldier Road,,Fairfield,ID,83327,8:30:00 - 06:00,17:00:00 - 06:00,10-03-2016,10-07-2016,,,,
Camas County,County Clerk,ocd-division/country:us/state:id/county:camas,Camas County ID,,(208) 764-2242,camasclerk@rtci.net,Camas County Clerk,501 Soldier Road,,Fairfield,ID,83327,8:30:00 - 06:00,17:00:00 - 06:00,10-10-2016,10-14-2016,,,,
Camas County,County Clerk,ocd-division/country:us/state:id/county:camas,Camas County ID,,(208) 764-2242,camasclerk@rtci.net,Camas County Clerk,501 Soldier Road,,Fairfield,ID,83327,8:30:00 - 06:00,17:00:00 - 06:00,10-17-2016,10-21-2016,,,,
Camas County,County Clerk,ocd-division/country:us/state:id/county:camas,Camas County ID,,(208) 764-2242,camasclerk@rtci.net,Camas County Clerk,501 Soldier Road,,Fairfield,ID,83327,8:30:00 - 06:00,17:00:00 - 06:00,10-24-2016,10-28-2016,,,,
Canyon County,County Clerk,ocd-division/country:us/state:id/county:canyon,Canyon County ID,http://www.canyoncounty.org/,(208) 454-7563,electionsclerk@canyonco.org,Canyon County Clerk,1102 E Chicago,,Caldwell,ID,83605-3522,8:00:00 - 06:00,17:00:00 - 06:00,10-11-2016,10-14-2016,no,no,,
Canyon County,County Clerk,ocd-division/country:us/state:id/county:canyon,Canyon County ID,http://www.canyoncounty.org/,(208) 454-7563,electionsclerk@canyonco.org,Canyon County Clerk,1102 E Chicago,,Caldwell,ID,83605-3522,8:00:00 - 06:00,17:00:00 - 06:00,10-17-2016,10-21-2016,no,no,,
Canyon County,County Clerk,ocd-division/country:us/state:id/county:canyon,Canyon County ID,http://www.canyoncounty.org/,(208) 454-7563,electionsclerk@canyonco.org,Canyon County Clerk,1102 E Chicago,,Caldwell,ID,83605-3522,8:00:00 - 06:00,17:00:00 - 06:00,10-24-2016,10-28-2016,no,no,,
Canyon County,County Clerk,ocd-division/country:us/state:id/county:canyon,Canyon County ID,http://www.canyoncounty.org/,(208) 454-7563,electionsclerk@canyonco.org,Canyon County Clerk,1102 E Chicago,,Caldwell,ID,83605-3522,8:00:00 - 06:00,17:00:00 - 06:00,10-31-2016,11-04-2016,no,no,,
Canyon County,County Clerk,ocd-division/country:us/state:id/county:canyon,Canyon County ID,http://www.canyoncounty.org/,(208) 454-7563,electionsclerk@canyonco.org,Canyon County Clerk,1102 E Chicago,,Caldwell,ID,83605-3522,8:00:00 - 06:00,12:00:00 - 06:00,10-22-2016,10-22-2016,no,no,,
Canyon County,County Clerk,ocd-division/country:us/state:id/county:canyon,Canyon County ID,http://www.canyoncounty.org/,(208) 454-7563,electionsclerk@canyonco.org,Canyon County Clerk,1102 E Chicago,,Caldwell,ID,83605-3522,8:00:00 - 06:00,12:00:00 - 06:00,10-29-2016,10-29-2016,no,no,,
Caribou County,County Clerk,ocd-division/country:us/state:id/county:caribou,Caribou County ID,,(208) 547-4324,"dhorsley@co.caribou.id.us, vmascarenas@co.caribou.id.us",Caribou County Recorder,159 S. Main St.,Room 202,Soda Springs,ID,83276,9:00:00 - 06:00,17:00:00 - 06:00,09-23-2016,09-23-2016,no,no,,
Caribou County,County Clerk,ocd-division/country:us/state:id/county:caribou,Caribou County ID,,(208) 547-4324,"dhorsley@co.caribou.id.us, vmascarenas@co.caribou.id.us",Caribou County Recorder,159 S. Main St.,Room 202,Soda Springs,ID,83276,9:00:00 - 06:00,17:00:00 - 06:00,09-26-2016,09-30-2016,no,no,,
Caribou County,County Clerk,ocd-division/country:us/state:id/county:caribou,Caribou County ID,,(208) 547-4324,"dhorsley@co.caribou.id.us, vmascarenas@co.caribou.id.us",Caribou County Recorder,159 S. Main St.,Room 202,Soda Springs,ID,83276,9:00:00 - 06:00,17:00:00 - 06:00,10-03-2016,10-07-2016,no,no,,
Caribou County,County Clerk,ocd-division/country:us/state:id/county:caribou,Caribou County ID,,(208) 547-4324,"dhorsley@co.caribou.id.us, vmascarenas@co.caribou.id.us",Caribou County Recorder,159 S. Main St.,Room 202,Soda Springs,ID,83276,9:00:00 - 06:00,17:00:00 - 06:00,10-11-2016,10-14-2016,no,no,,
Caribou County,County Clerk,ocd-division/country:us/state:id/county:caribou,Caribou County ID,,(208) 547-4324,"dhorsley@co.caribou.id.us, vmascarenas@co.caribou.id.us",Caribou County Recorder,159 S. Main St.,Room 202,Soda Springs,ID,83276,9:00:00 - 06:00,17:00:00 - 06:00,10-17-2016,10-21-2016,no,no,,
Caribou County,County Clerk,ocd-division/country:us/state:id/county:caribou,Caribou County ID,,(208) 547-4324,"dhorsley@co.caribou.id.us, vmascarenas@co.caribou.id.us",Caribou County Recorder,159 S. Main St.,Room 202,Soda Springs,ID,83276,9:00:00 - 06:00,17:00:00 - 06:00,10-24-2016,10-28-2016,no,no,,
Caribou County,County Clerk,ocd-division/country:us/state:id/county:caribou,Caribou County ID,,(208) 547-4324,"dhorsley@co.caribou.id.us, vmascarenas@co.caribou.id.us",Caribou County Recorder,159 S. Main St.,Room 202,Soda Springs,ID,83276,9:00:00 - 06:00,17:00:00 - 06:00,10-31-2016,11-04-2016,no,no,,
Cassia County,County Clerk,ocd-division/country:us/state:id/county:cassia,Cassia County ID,http://www.cassiacounty.org/,(208) 878-5240,vote@cassiacounty.org,Cassia County Recorder,1459 Overland Avenue,Room #105,Burley,ID,83318-1862,8:30:00 - 06:00,17:00:00 - 06:00,10-24-2016,10-28-2016,no,no,,
Cassia County,County Clerk,ocd-division/country:us/state:id/county:cassia,Cassia County ID,http://www.cassiacounty.org/,(208) 878-5240,vote@cassiacounty.org,Cassia County Recorder,1459 Overland Avenue,Room #105,Burley,ID,83318-1862,8:30:00 - 06:00,17:00:00 - 06:00,10-31-2016,11-04-2016,no,no,,
Clark County,County Clerk,ocd-division/country:us/state:id/county:clark,Clark County ID,,(208) 374-5304,clerk5c@mudlake.net,,204 W Main St,,Dubois,ID,83423,9:00:00 - 06:00,17:00:00 - 06:00,09-23-2016,09-23-2016,no,no,,
Clark County,County Clerk,ocd-division/country:us/state:id/county:clark,Clark County ID,,(208) 374-5304,clerk5c@mudlake.net,,204 W Main St,,Dubois,ID,83423,9:00:00 - 06:00,17:00:00 - 06:00,09-26-2016,09-30-2016,no,no,,
Clark County,County Clerk,ocd-division/country:us/state:id/county:clark,Clark County ID,,(208) 374-5304,clerk5c@mudlake.net,,204 W Main St,,Dubois,ID,83423,9:00:00 - 06:00,17:00:00 - 06:00,10-03-2016,10-07-2016,no,no,,
Clark County,County Clerk,ocd-division/country:us/state:id/county:clark,Clark County ID,,(208) 374-5304,clerk5c@mudlake.net,,204 W Main St,,Dubois,ID,83423,9:00:00 - 06:00,17:00:00 - 06:00,10-11-2016,10-14-2016,no,no,,
Clark County,County Clerk,ocd-division/country:us/state:id/county:clark,Clark County ID,,(208) 374-5304,clerk5c@mudlake.net,,204 W Main St,,Dubois,ID,83423,9:00:00 - 06:00,17:00:00 - 06:00,10-17-2016,10-21-2016,no,no,,
Clark County,County Clerk,ocd-division/country:us/state:id/county:clark,Clark County ID,,(208) 374-5304,clerk5c@mudlake.net,,204 W Main St,,Dubois,ID,83423,9:00:00 - 06:00,17:00:00 - 06:00,10-24-2016,10-28-2016,no,no,,
Clark County,County Clerk,ocd-division/country:us/state:id/county:clark,Clark County ID,,(208) 374-5304,clerk5c@mudlake.net,,204 W Main St,,Dubois,ID,83423,9:00:00 - 06:00,17:00:00 - 06:00,10-31-2016,11-04-2016,no,no,,
Clearwater County,County Clerk,ocd-division/country:us/state:id/county:clearwater,Clearwater County ID,http://www.clearwatercounty.org/,(208) 476-5615,vote@clearwatercounty.org,Clearwater County Courthouse,150 Michigan Avenue,,Orofino,ID,83544,8:00:00 - 07:00,17:00:00 - 07:00,09-26-2016,09-30-2016,no,no,,
Clearwater County,County Clerk,ocd-division/country:us/state:id/county:clearwater,Clearwater County ID,http://www.clearwatercounty.org/,(208) 476-5615,vote@clearwatercounty.org,Clearwater County Courthouse,150 Michigan Avenue,,Orofino,ID,83544,8:00:00 - 07:00,17:00:00 - 07:00,10-03-2016,10-07-2016,no,no,,
Clearwater County,County Clerk,ocd-division/country:us/state:id/county:clearwater,Clearwater County ID,http://www.clearwatercounty.org/,(208) 476-5615,vote@clearwatercounty.org,Clearwater County Courthouse,150 Michigan Avenue,,Orofino,ID,83544,8:00:00 - 07:00,17:00:00 - 07:00,10-11-2016,10-14-2016,no,no,,
Clearwater County,County Clerk,ocd-division/country:us/state:id/county:clearwater,Clearwater County ID,http://www.clearwatercounty.org/,(208) 476-5615,vote@clearwatercounty.org,Clearwater County Courthouse,150 Michigan Avenue,,Orofino,ID,83544,8:00:00 - 07:00,17:00:00 - 07:00,10-17-2016,10-21-2016,no,no,,
Clearwater County,County Clerk,ocd-division/country:us/state:id/county:clearwater,Clearwater County ID,http://www.clearwatercounty.org/,(208) 476-5615,vote@clearwatercounty.org,Clearwater County Courthouse,150 Michigan Avenue,,Orofino,ID,83544,8:00:00 - 07:00,17:00:00 - 07:00,10-24-2016,10-28-2016,no,no,,
Clearwater County,County Clerk,ocd-division/country:us/state:id/county:clearwater,Clearwater County ID,http://www.clearwatercounty.org/,(208) 476-5615,vote@clearwatercounty.org,Clearwater County Courthouse,150 Michigan Avenue,,Orofino,ID,83544,8:00:00 - 07:00,17:00:00 - 07:00,10-31-2016,11-04-2016,no,no,,
Custer County,County Clerk,ocd-division/country:us/state:id/county:custer,Custer County ID,http://www.co.custer.id.us/,(208) 879-2360,lbaker@co.custer.id.us,Custer County Court House,801 E. Main Ave.,,Challis,ID,83226-0385,8:00:00 - 06:00,17:00:00 - 06:00,09-23-2016,09-23-2016,no,no,,
Custer County,County Clerk,ocd-division/country:us/state:id/county:custer,Custer County ID,http://www.co.custer.id.us/,(208) 879-2360,lbaker@co.custer.id.us,Custer County Court House,801 E. Main Ave.,,Challis,ID,83226-0385,8:00:00 - 06:00,17:00:00 - 06:00,09-26-2016,09-30-2016,no,no,,
Custer County,County Clerk,ocd-division/country:us/state:id/county:custer,Custer County ID,http://www.co.custer.id.us/,(208) 879-2360,lbaker@co.custer.id.us,Custer County Court House,801 E. Main Ave.,,Challis,ID,83226-0385,8:00:00 - 06:00,17:00:00 - 06:00,10-03-2016,10-07-2016,no,no,,
Custer County,County Clerk,ocd-division/country:us/state:id/county:custer,Custer County ID,http://www.co.custer.id.us/,(208) 879-2360,lbaker@co.custer.id.us,Custer County Court House,801 E. Main Ave.,,Challis,ID,83226-0385,8:00:00 - 06:00,17:00:00 - 06:00,10-11-2016,10-14-2016,no,no,,
Custer County,County Clerk,ocd-division/country:us/state:id/county:custer,Custer County ID,http://www.co.custer.id.us/,(208) 879-2360,lbaker@co.custer.id.us,Custer County Court House,801 E. Main Ave.,,Challis,ID,83226-0385,8:00:00 - 06:00,17:00:00 - 06:00,10-17-2016,10-21-2016,no,no,,
Custer County,County Clerk,ocd-division/country:us/state:id/county:custer,Custer County ID,http://www.co.custer.id.us/,(208) 879-2360,lbaker@co.custer.id.us,Custer County Court House,801 E. Main Ave.,,Challis,ID,83226-0385,8:00:00 - 06:00,17:00:00 - 06:00,10-24-2016,10-28-2016,no,no,,
Custer County,County Clerk,ocd-division/country:us/state:id/county:custer,Custer County ID,http://www.co.custer.id.us/,(208) 879-2360,lbaker@co.custer.id.us,Custer County Court House,801 E. Main Ave.,,Challis,ID,83226-0385,8:00:00 - 06:00,17:00:00 - 06:00,10-31-2016,11-04-2016,no,no,,
Elmore County,County Clerk,ocd-division/country:us/state:id/county:elmore,Elmore County ID,http://www.elmorecounty.org/,(208) 587-2131,vgarcia@elmorecounty.org,Elmore County Recorder,150 S 4th E,#3,Mountain Home,ID,83647-3000,9:00:00 - 06:00,17:00:00 - 06:00,10-17-2016,10-21-2016,no,no,,
Elmore County,County Clerk,ocd-division/country:us/state:id/county:elmore,Elmore County ID,http://www.elmorecounty.org/,(208) 587-2131,vgarcia@elmorecounty.org,Elmore County Recorder,150 S 4th E,#3,Mountain Home,ID,83647-3000,9:00:00 - 06:00,17:00:00 - 06:00,10-24-2016,10-28-2016,no,no,,
Elmore County,County Clerk,ocd-division/country:us/state:id/county:elmore,Elmore County ID,http://www.elmorecounty.org/,(208) 587-2131,vgarcia@elmorecounty.org,Elmore County Recorder,150 S 4th E,#3,Mountain Home,ID,83647-3000,9:00:00 - 06:00,17:00:00 - 06:00,10-31-2016,11-04-2016,no,no,,
Franklin County,County Clerk,ocd-division/country:us/state:id/county:franklin,Franklin County ID,http://www.franklincountyidaho.org/,(208) 852-1090,camille@plmw.com,,39 W Oneida,,Preston,ID,83263-1232,9:00:00 - 06:00,17:00:00 - 06:00,09-23-2016,09-23-2016,no,no,,
Franklin County,County Clerk,ocd-division/country:us/state:id/county:franklin,Franklin County ID,http://www.franklincountyidaho.org/,(208) 852-1090,camille@plmw.com,,39 W Oneida,,Preston,ID,83263-1232,9:00:00 - 06:00,17:00:00 - 06:00,09-26-2016,09-30-2016,no,no,,
Franklin County,County Clerk,ocd-division/country:us/state:id/county:franklin,Franklin County ID,http://www.franklincountyidaho.org/,(208) 852-1090,camille@plmw.com,,39 W Oneida,,Preston,ID,83263-1232,9:00:00 - 06:00,17:00:00 - 06:00,10-03-2016,10-07-2016,no,no,,
Franklin County,County Clerk,ocd-division/country:us/state:id/county:franklin,Franklin County ID,http://www.franklincountyidaho.org/,(208) 852-1090,camille@plmw.com,,39 W Oneida,,Preston,ID,83263-1232,9:00:00 - 06:00,17:00:00 - 06:00,10-11-2016,10-14-2016,no,no,,
Franklin County,County Clerk,ocd-division/country:us/state:id/county:franklin,Franklin County ID,http://www.franklincountyidaho.org/,(208) 852-1090,camille@plmw.com,,39 W Oneida,,Preston,ID,83263-1232,9:00:00 - 06:00,17:00:00 - 06:00,10-17-2016,10-21-2016,no,no,,
Franklin County,County Clerk,ocd-division/country:us/state:id/county:franklin,Franklin County ID,http://www.franklincountyidaho.org/,(208) 852-1090,camille@plmw.com,,39 W Oneida,,Preston,ID,83263-1232,9:00:00 - 06:00,17:00:00 - 06:00,10-24-2016,10-28-2016,no,no,,
Franklin County,County Clerk,ocd-division/country:us/state:id/county:franklin,Franklin County ID,http://www.franklincountyidaho.org/,(208) 852-1090,camille@plmw.com,,39 W Oneida,,Preston,ID,83263-1232,9:00:00 - 06:00,17:00:00 - 06:00,10-31-2016,11-04-2016,no,no,,
Fremont County,County Clerk,ocd-division/country:us/state:id/county:fremont,Fremont County ID,http://www.co.fremont.id.us/,(208) 624-7332,llewis@co.fremont.id.us,Fremont County Courthouse,151 W 1st N,Room 12,St Anthony,ID,83445-1548,8:00:00 - 06:00,17:00:00 - 06:00,09-23-2016,09-23-2016,no,no,,
Fremont County,County Clerk,ocd-division/country:us/state:id/county:fremont,Fremont County ID,http://www.co.fremont.id.us/,(208) 624-7332,llewis@co.fremont.id.us,Fremont County Courthouse,151 W 1st N,Room 12,St Anthony,ID,83445-1548,8:00:00 - 06:00,17:00:00 - 06:00,09-26-2016,09-30-2016,no,no,,
Fremont County,County Clerk,ocd-division/country:us/state:id/county:fremont,Fremont County ID,http://www.co.fremont.id.us/,(208) 624-7332,llewis@co.fremont.id.us,Fremont County Courthouse,151 W 1st N,Room 12,St Anthony,ID,83445-1548,8:00:00 - 06:00,17:00:00 - 06:00,10-03-2016,10-07-2016,no,no,,
Fremont County,County Clerk,ocd-division/country:us/state:id/county:fremont,Fremont County ID,http://www.co.fremont.id.us/,(208) 624-7332,llewis@co.fremont.id.us,Fremont County Courthouse,151 W 1st N,Room 12,St Anthony,ID,83445-1548,8:00:00 - 06:00,17:00:00 - 06:00,10-11-2016,10-14-2016,no,no,,
Fremont County,County Clerk,ocd-division/country:us/state:id/county:fremont,Fremont County ID,http://www.co.fremont.id.us/,(208) 624-7332,llewis@co.fremont.id.us,Fremont County Courthouse,151 W 1st N,Room 12,St Anthony,ID,83445-1548,8:00:00 - 06:00,17:00:00 - 06:00,10-17-2016,10-21-2016,no,no,,
Fremont County,County Clerk,ocd-division/country:us/state:id/county:fremont,Fremont County ID,http://www.co.fremont.id.us/,(208) 624-7332,llewis@co.fremont.id.us,Fremont County Courthouse,151 W 1st N,Room 12,St Anthony,ID,83445-1548,8:00:00 - 06:00,17:00:00 - 06:00,10-24-2016,10-28-2016,no,no,,
Fremont County,County Clerk,ocd-division/country:us/state:id/county:fremont,Fremont County ID,http://www.co.fremont.id.us/,(208) 624-7332,llewis@co.fremont.id.us,Fremont County Courthouse,151 W 1st N,Room 12,St Anthony,ID,83445-1548,8:00:00 - 06:00,17:00:00 - 06:00,10-31-2016,11-04-2016,no,no,,
Gem County,County Clerk,ocd-division/country:us/state:id/county:gem,Gem County ID,http://www.co.gem.id.us/,(208) 365-4561,elections@co.gem.id.us,Gem County Clerk,415 E Main,Room 202,Emmett,ID,83617-3096,8:00:00 - 06:00,17:00:00 - 06:00,09-23-2016,09-23-2016,no,no,,
Gem County,County Clerk,ocd-division/country:us/state:id/county:gem,Gem County ID,http://www.co.gem.id.us/,(208) 365-4561,elections@co.gem.id.us,Gem County Clerk,415 E Main,Room 202,Emmett,ID,83617-3096,8:00:00 - 06:00,17:00:00 - 06:00,09-26-2016,09-30-2016,no,no,,
Gem County,County Clerk,ocd-division/country:us/state:id/county:gem,Gem County ID,http://www.co.gem.id.us/,(208) 365-4561,elections@co.gem.id.us,Gem County Clerk,415 E Main,Room 202,Emmett,ID,83617-3096,8:00:00 - 06:00,17:00:00 - 06:00,10-03-2016,10-07-2016,no,no,,
Gem County,County Clerk,ocd-division/country:us/state:id/county:gem,Gem County ID,http://www.co.gem.id.us/,(208) 365-4561,elections@co.gem.id.us,Gem County Clerk,415 E Main,Room 202,Emmett,ID,83617-3096,8:00:00 - 06:00,17:00:00 - 06:00,10-11-2016,10-14-2016,no,no,,
Gem County,County Clerk,ocd-division/country:us/state:id/county:gem,Gem County ID,http://www.co.gem.id.us/,(208) 365-4561,elections@co.gem.id.us,Gem County Clerk,415 E Main,Room 202,Emmett,ID,83617-3096,8:00:00 - 06:00,17:00:00 - 06:00,10-17-2016,11-04-2016,no,no,,
Gem County,County Clerk,ocd-division/country:us/state:id/county:gem,Gem County ID,http://www.co.gem.id.us/,(208) 365-4561,elections@co.gem.id.us,Gem County Clerk,415 E Main,Room 202,Emmett,ID,83617-3096,8:00:00 - 06:00,17:00:00 - 06:00,10-24-2016,10-28-2016,no,no,,
Gem County,County Clerk,ocd-division/country:us/state:id/county:gem,Gem County ID,http://www.co.gem.id.us/,(208) 365-4561,elections@co.gem.id.us,Gem County Clerk,415 E Main,Room 202,Emmett,ID,83617-3096,8:00:00 - 06:00,17:00:00 - 06:00,10-31-2016,11-04-2016,no,no,,
Gooding County,County Clerk,ocd-division/country:us/state:id/county:gooding,Gooding County ID,http://www.goodingcounty.org/,(208) 934-4841,jfuqua@co.gooding.id.us,Gooding County Courthouse,624 Main St,,Gooding,ID,83330,8:00:00 - 06:00,17:00:00 - 06:00,10-17-2016,10-21-2016,no,no,,
Gooding County,County Clerk,ocd-division/country:us/state:id/county:gooding,Gooding County ID,http://www.goodingcounty.org/,(208) 934-4841,jfuqua@co.gooding.id.us,Gooding County Courthouse,624 Main St,,Gooding,ID,83330,8:00:00 - 06:00,17:00:00 - 06:00,10-24-2016,10-28-2016,no,no,,
Gooding County,County Clerk,ocd-division/country:us/state:id/county:gooding,Gooding County ID,http://www.goodingcounty.org/,(208) 934-4841,jfuqua@co.gooding.id.us,Gooding County Courthouse,624 Main St,,Gooding,ID,83330,8:00:00 - 06:00,17:00:00 - 06:00,10-31-2016,11-04-2016,no,no,,
Idaho County,County Clerk,ocd-division/country:us/state:id/county:idaho,Idaho County ID,http://www.idahocounty.org/,(208) 983-2751,kackerman@idahocounty.org,Idaho County Recorder,320 W Main,Room 5,Grangeville,ID,83530-1948,8:30:00 - 07:00,17:00:00 - 07:00,09-26-2016,09-30-2016,no,no,,
Idaho County,County Clerk,ocd-division/country:us/state:id/county:idaho,Idaho County ID,http://www.idahocounty.org/,(208) 983-2751,kackerman@idahocounty.org,Idaho County Recorder,320 W Main,Room 5,Grangeville,ID,83530-1948,8:30:00 - 07:00,17:00:00 - 07:00,10-03-2016,10-07-2016,no,no,,
Idaho County,County Clerk,ocd-division/country:us/state:id/county:idaho,Idaho County ID,http://www.idahocounty.org/,(208) 983-2751,kackerman@idahocounty.org,Idaho County Recorder,320 W Main,Room 5,Grangeville,ID,83530-1948,8:30:00 - 07:00,17:00:00 - 07:00,10-11-2016,10-14-2016,no,no,,
Idaho County,County Clerk,ocd-division/country:us/state:id/county:idaho,Idaho County ID,http://www.idahocounty.org/,(208) 983-2751,kackerman@idahocounty.org,Idaho County Recorder,320 W Main,Room 5,Grangeville,ID,83530-1948,8:30:00 - 07:00,17:00:00 - 07:00,10-17-2016,10-21-2016,no,no,,
Idaho County,County Clerk,ocd-division/country:us/state:id/county:idaho,Idaho County ID,http://www.idahocounty.org/,(208) 983-2751,kackerman@idahocounty.org,Idaho County Recorder,320 W Main,Room 5,Grangeville,ID,83530-1948,8:30:00 - 07:00,17:00:00 - 07:00,10-24-2016,10-28-2016,no,no,,
Idaho County,County Clerk,ocd-division/country:us/state:id/county:idaho,Idaho County ID,http://www.idahocounty.org/,(208) 983-2751,kackerman@idahocounty.org,Idaho County Recorder,320 W Main,Room 5,Grangeville,ID,83530-1948,8:30:00 - 07:00,17:00:00 - 07:00,10-31-2016,11-04-2016,no,no,,
Jefferson County,County Clerk,ocd-division/country:us/state:id/county:jefferson,Jefferson County ID,http://www.co.jefferson.id.us/,(208) 745-7756,,Jefferson County Recorder,210 Courthouse Way,Suite 100,Rigby,ID,83442,9:00:00 - 06:00,17:00:00 - 06:00,10-03-2016,10-07-2016,no,no,,
Jefferson County,County Clerk,ocd-division/country:us/state:id/county:jefferson,Jefferson County ID,http://www.co.jefferson.id.us/,(208) 745-7756,,Jefferson County Recorder,210 Courthouse Way,Suite 100,Rigby,ID,83442,9:00:00 - 06:00,17:00:00 - 06:00,10-11-2016,10-14-2016,no,no,,
Jefferson County,County Clerk,ocd-division/country:us/state:id/county:jefferson,Jefferson County ID,http://www.co.jefferson.id.us/,(208) 745-7756,,Jefferson County Recorder,210 Courthouse Way,Suite 100,Rigby,ID,83442,9:00:00 - 06:00,17:00:00 - 06:00,10-17-2016,10-21-2016,no,no,,
Jefferson County,County Clerk,ocd-division/country:us/state:id/county:jefferson,Jefferson County ID,http://www.co.jefferson.id.us/,(208) 745-7756,,Jefferson County Recorder,210 Courthouse Way,Suite 100,Rigby,ID,83442,9:00:00 - 06:00,17:00:00 - 06:00,10-24-2016,10-28-2016,no,no,,
Jefferson County,County Clerk,ocd-division/country:us/state:id/county:jefferson,Jefferson County ID,http://www.co.jefferson.id.us/,(208) 745-7756,,Jefferson County Recorder,210 Courthouse Way,Suite 100,Rigby,ID,83442,9:00:00 - 06:00,17:00:00 - 06:00,10-31-2016,11-04-2016,no,no,,
Jerome County,County Clerk,ocd-division/country:us/state:id/county:jerome,Jerome County ID,http://www.jeromecountyid.us/,(208) 644-2714,memerson@co.jerome.id.us,,300 N Lincoln,Room 301,Jerome,ID,83338-2344,8:30:00 - 06:00,17:00:00 - 06:00,10-17-2016,10-21-2016,no,no,,
Jerome County,County Clerk,ocd-division/country:us/state:id/county:jerome,Jerome County ID,http://www.jeromecountyid.us/,(208) 644-2714,memerson@co.jerome.id.us,,300 N Lincoln,Room 301,Jerome,ID,83338-2344,8:30:00 - 06:00,17:00:00 - 06:00,10-24-2016,10-28-2016,no,no,,
Jerome County,County Clerk,ocd-division/country:us/state:id/county:jerome,Jerome County ID,http://www.jeromecountyid.us/,(208) 644-2714,memerson@co.jerome.id.us,,300 N Lincoln,Room 301,Jerome,ID,83338-2344,8:30:00 - 06:00,17:00:00 - 06:00,10-31-2016,11-04-2016,no,no,,
Kootenai County,County Clerk,ocd-division/country:us/state:id/county:kootenai,Kootenai County ID,http://www.kcgov.us/,(208) 446-1030,kcelections@kcgov.us,,1808 N 3rd Street,,Coeur d'Alene,ID,83816-9000,8:00:00 - 07:00,17:00:00 - 07:00,10-17-2016,10-21-2016,no,no,,
Kootenai County,County Clerk,ocd-division/country:us/state:id/county:kootenai,Kootenai County ID,http://www.kcgov.us/,(208) 446-1030,kcelections@kcgov.us,,1808 N 3rd Street,,Coeur d'Alene,ID,83816-9000,8:00:00 - 07:00,17:00:00 - 07:00,10-24-2016,10-28-2016,no,no,,
Kootenai County,County Clerk,ocd-division/country:us/state:id/county:kootenai,Kootenai County ID,http://www.kcgov.us/,(208) 446-1030,kcelections@kcgov.us,,1808 N 3rd Street,,Coeur d'Alene,ID,83816-9000,8:00:00 - 07:00,17:00:00 - 07:00,10-31-2016,11-04-2016,no,no,,
Latah County,County Clerk,ocd-division/country:us/state:id/county:latah,Latah County ID,http://www.latah.id.us/,(208) 883-2249,elections@latah.id.us,Latah County Courthouse,"522 South Adams,",Room 101,Moscow,ID,83843,8:00:00 - 07:00,17:00:00 - 07:00,09-26-2016,09-30-2016,no,no,,
Latah County,County Clerk,ocd-division/country:us/state:id/county:latah,Latah County ID,http://www.latah.id.us/,(208) 883-2249,elections@latah.id.us,Latah County Courthouse,"522 South Adams,",Room 101,Moscow,ID,83843,8:00:00 - 07:00,17:00:00 - 07:00,10-03-2016,10-07-2016,no,no,,
Latah County,County Clerk,ocd-division/country:us/state:id/county:latah,Latah County ID,http://www.latah.id.us/,(208) 883-2249,elections@latah.id.us,Latah County Courthouse,"522 South Adams,",Room 101,Moscow,ID,83843,8:00:00 - 07:00,17:00:00 - 07:00,10-11-2016,10-14-2016,no,no,,
Latah County,County Clerk,ocd-division/country:us/state:id/county:latah,Latah County ID,http://www.latah.id.us/,(208) 883-2249,elections@latah.id.us,Latah County Courthouse,"522 South Adams,",Room 101,Moscow,ID,83843,8:00:00 - 07:00,17:00:00 - 07:00,10-17-2016,10-21-2016,no,no,,
Latah County,County Clerk,ocd-division/country:us/state:id/county:latah,Latah County ID,http://www.latah.id.us/,(208) 883-2249,elections@latah.id.us,Latah County Courthouse,"522 South Adams,",Room 101,Moscow,ID,83843,8:00:00 - 07:00,17:00:00 - 07:00,10-24-2016,10-28-2016,no,no,,
Latah County,County Clerk,ocd-division/country:us/state:id/county:latah,Latah County ID,http://www.latah.id.us/,(208) 883-2249,elections@latah.id.us,Latah County Courthouse,"522 South Adams,",Room 101,Moscow,ID,83843,8:00:00 - 07:00,17:00:00 - 07:00,10-31-2016,11-04-2016,no,no,,
Lemhi County,County Clerk,ocd-division/country:us/state:id/county:lemhi,Lemhi County ID,http://lemhicountyidaho.org/,"(208) 756-2815, ext. 224",clerk.lemhicounty@centurytel.net,,206 Courthouse Drive,,Salmon,ID,83467-3900,8:00:00 - 06:00,17:00:00 - 06:00,09-23-2016,09-23-2016,no,no,,
Lemhi County,County Clerk,ocd-division/country:us/state:id/county:lemhi,Lemhi County ID,http://lemhicountyidaho.org/,"(208) 756-2815, ext. 224",clerk.lemhicounty@centurytel.net,,206 Courthouse Drive,,Salmon,ID,83467-3900,8:00:00 - 06:00,17:00:00 - 06:00,09-26-2016,09-30-2016,no,no,,
Lemhi County,County Clerk,ocd-division/country:us/state:id/county:lemhi,Lemhi County ID,http://lemhicountyidaho.org/,"(208) 756-2815, ext. 224",clerk.lemhicounty@centurytel.net,,206 Courthouse Drive,,Salmon,ID,83467-3900,8:00:00 - 06:00,17:00:00 - 06:00,10-03-2016,10-07-2016,no,no,,
Lemhi County,County Clerk,ocd-division/country:us/state:id/county:lemhi,Lemhi County ID,http://lemhicountyidaho.org/,"(208) 756-2815, ext. 224",clerk.lemhicounty@centurytel.net,,206 Courthouse Drive,,Salmon,ID,83467-3900,8:00:00 - 06:00,17:00:00 - 06:00,10-11-2016,10-14-2016,no,no,,
Lemhi County,County Clerk,ocd-division/country:us/state:id/county:lemhi,Lemhi County ID,http://lemhicountyidaho.org/,"(208) 756-2815, ext. 224",clerk.lemhicounty@centurytel.net,,206 Courthouse Drive,,Salmon,ID,83467-3900,8:00:00 - 06:00,17:00:00 - 06:00,10-17-2016,10-21-2016,no,no,,
Lemhi County,County Clerk,ocd-division/country:us/state:id/county:lemhi,Lemhi County ID,http://lemhicountyidaho.org/,"(208) 756-2815, ext. 224",clerk.lemhicounty@centurytel.net,,206 Courthouse Drive,,Salmon,ID,83467-3900,8:00:00 - 06:00,17:00:00 - 06:00,10-24-2016,10-28-2016,no,no,,
Lemhi County,County Clerk,ocd-division/country:us/state:id/county:lemhi,Lemhi County ID,http://lemhicountyidaho.org/,"(208) 756-2815, ext. 224",clerk.lemhicounty@centurytel.net,,206 Courthouse Drive,,Salmon,ID,83467-3900,8:00:00 - 06:00,17:00:00 - 06:00,10-31-2016,11-04-2016,no,no,,
Madison County,County Clerk,ocd-division/country:us/state:id/county:madison,Madison County ID,http://www.co.madison.id.us/,(208) 359-6219,kmuir@co.madison.id.us,Madison County Clerk,134 E Main St,,Rexburg,ID,83440,8:30:00 - 06:00,16:30:00 - 06:00,10-24-2016,10-28-2016,no,no,,
Madison County,County Clerk,ocd-division/country:us/state:id/county:madison,Madison County ID,http://www.co.madison.id.us/,(208) 359-6219,kmuir@co.madison.id.us,Madison County Clerk,134 E Main St,,Rexburg,ID,83440,8:30:00 - 06:00,16:30:00 - 06:00,10-31-2016,11-04-2016,no,no,,
Minidoka County,County Clerk,ocd-division/country:us/state:id/county:minidoka,Minidoka County ID,http://www.minidoka.id.us/,(208) 436-9511,patty.temple@co.minidoka.id.us,Minidoka County Court House,715 G Street,,Rupert,ID,83350,10:00:00 - 06:00,16:00:00 - 06:00,10-17-2016,10-21-2016,no,no,,
Minidoka County,County Clerk,ocd-division/country:us/state:id/county:minidoka,Minidoka County ID,http://www.minidoka.id.us/,(208) 436-9511,patty.temple@co.minidoka.id.us,Minidoka County Court House,715 G Street,,Rupert,ID,83350,10:00:00 - 06:00,16:00:00 - 06:00,10-24-2016,10-28-2016,no,no,,
Minidoka County,County Clerk,ocd-division/country:us/state:id/county:minidoka,Minidoka County ID,http://www.minidoka.id.us/,(208) 436-9511,patty.temple@co.minidoka.id.us,Minidoka County Court House,715 G Street,,Rupert,ID,83350,10:00:00 - 06:00,16:00:00 - 06:00,10-31-2016,11-04-2016,no,no,,
Nez Perce County,County Clerk,ocd-division/country:us/state:id/county:nez_perce,Nez Perce County ID,http://www.co.nezperce.id.us/,(208) 799-3020,pattyweeks@co.nezperce.id.us,Brammer Building,1225 Idaho St,,Lewiston,ID,38501,8:00:00 - 07:00,17:00:00 - 07:00,10-03-2016,10-07-2016,no,no,,
Nez Perce County,County Clerk,ocd-division/country:us/state:id/county:nez_perce,Nez Perce County ID,http://www.co.nezperce.id.us/,(208) 799-3020,pattyweeks@co.nezperce.id.us,Brammer Building,1225 Idaho St,,Lewiston,ID,38501,8:00:00 - 07:00,17:00:00 - 07:00,10-11-2016,10-14-2016,,,,
Nez Perce County,County Clerk,ocd-division/country:us/state:id/county:nez_perce,Nez Perce County ID,http://www.co.nezperce.id.us/,(208) 799-3020,pattyweeks@co.nezperce.id.us,Brammer Building,1225 Idaho St,,Lewiston,ID,38501,8:00:00 - 07:00,17:00:00 - 07:00,10-17-2016,10-21-2016,,,,
Nez Perce County,County Clerk,ocd-division/country:us/state:id/county:nez_perce,Nez Perce County ID,http://www.co.nezperce.id.us/,(208) 799-3020,pattyweeks@co.nezperce.id.us,Brammer Building,1225 Idaho St,,Lewiston,ID,38501,8:00:00 - 07:00,17:00:00 - 07:00,10-24-2016,10-28-2016,,,,
Nez Perce County,County Clerk,ocd-division/country:us/state:id/county:nez_perce,Nez Perce County ID,http://www.co.nezperce.id.us/,(208) 799-3020,pattyweeks@co.nezperce.id.us,Brammer Building,1225 Idaho St,,Lewiston,ID,38501,8:00:00 - 07:00,17:00:00 - 07:00,10-11-2016,10-11-2016,,,,
Nez Perce County,,ocd-division/country:us/state:id/county:nez_perce,Nez Perce County ID,,,,,102 Agency Road,,Lapwai,ID,83540,10:00:00 - 07:00,16:00:00 - 07:00,10-18-2016,10-18-2016,,,,
Nez Perce County,,ocd-division/country:us/state:id/county:nez_perce,Nez Perce County ID,,,,,102 Agency Road,,Lapwai,ID,83540,10:00:00 - 07:00,16:00:00 - 07:00,10-31-2016,11-04-2016,,,,
Oneida County,County Clerk,ocd-division/country:us/state:id/county:oneida,Oneida County ID,oneidacountyid.com,(208) 766-4116,lcolton@co.oneida.id.us,Oneida County Recorder,10 Court Street,,Malad,ID,83252-1200,9:00:00 - 06:00,17:00:00 - 06:00,10-24-2016,10-28-2016,no,no,,
Oneida County,County Clerk,ocd-division/country:us/state:id/county:oneida,Oneida County ID,oneidacountyid.com,(208) 766-4116,lcolton@co.oneida.id.us,Oneida County Recorder,10 Court Street,,Malad,ID,83252-1200,9:00:00 - 06:00,17:00:00 - 06:00,10-31-2016,11-04-2016,no,no,,
Owyhee County,County Clerk,ocd-division/country:us/state:id/county:owyhee,Owyhee County ID,http://www.owyheecounty.net,(208) 495-2421,brussell@co.owyhee.id.us,,20381 State Hwy 78,,Mercy ,ID,83650,8:30:00 - 06:00,17:00:00 - 06:00,10-24-2016,10-28-2016,no,no,,
Owyhee County,County Clerk,ocd-division/country:us/state:id/county:owyhee,Owyhee County ID,http://www.owyheecounty.net,(208) 495-2421,brussell@co.owyhee.id.us,,20381 State Hwy 78,,Mercy ,ID,83650,8:30:00 - 06:00,17:00:00 - 06:00,10-31-2016,11-04-2016,no,no,,
Payette County,County Clerk,ocd-division/country:us/state:id/county:payette,Payette County ID,http://www.payettecounty.org/,(208) 642-6000,bdressen@payettecounty.org,,1130 3rd Ave N,Room 104,Payette,ID,83661-2473,9:00:00 - 06:00,17:00:00 - 06:00,09-26-2016,09-30-2016,no,no,,
Payette County,County Clerk,ocd-division/country:us/state:id/county:payette,Payette County ID,http://www.payettecounty.org/,(208) 642-6000,bdressen@payettecounty.org,,1130 3rd Ave N,Room 104,Payette,ID,83661-2473,9:00:00 - 06:00,17:00:00 - 06:00,10-03-2016,10-07-2016,no,no,,
Payette County,County Clerk,ocd-division/country:us/state:id/county:payette,Payette County ID,http://www.payettecounty.org/,(208) 642-6000,bdressen@payettecounty.org,,1130 3rd Ave N,Room 104,Payette,ID,83661-2473,9:00:00 - 06:00,17:00:00 - 06:00,10-11-2016,10-14-2016,no,no,,
Payette County,County Clerk,ocd-division/country:us/state:id/county:payette,Payette County ID,http://www.payettecounty.org/,(208) 642-6000,bdressen@payettecounty.org,,1130 3rd Ave N,Room 104,Payette,ID,83661-2473,9:00:00 - 06:00,17:00:00 - 06:00,10-17-2016,10-21-2016,no,no,,
Payette County,County Clerk,ocd-division/country:us/state:id/county:payette,Payette County ID,http://www.payettecounty.org/,(208) 642-6000,bdressen@payettecounty.org,,1130 3rd Ave N,Room 104,Payette,ID,83661-2473,9:00:00 - 06:00,17:00:00 - 06:00,10-24-2016,10-28-2016,no,no,,
Payette County,County Clerk,ocd-division/country:us/state:id/county:payette,Payette County ID,http://www.payettecounty.org/,(208) 642-6000,bdressen@payettecounty.org,,1130 3rd Ave N,Room 104,Payette,ID,83661-2473,9:00:00 - 06:00,17:00:00 - 06:00,10-31-2016,11-04-2016,no,no,,
Shoshone County,County Clerk,ocd-division/country:us/state:id/county:shoshone,Shoshone County ID,,(208) 752-1264,jshiner@co.shoshone.id.us,Shoshone County Courthouse,700 Bank Street,Ste 120,Wallace,ID,83873-2348,9:00:00 - 07:00,17:00:00 - 07:00,10-03-2016,10-07-2016,no,no,,
Shoshone County,County Clerk,ocd-division/country:us/state:id/county:shoshone,Shoshone County ID,,(208) 752-1264,jshiner@co.shoshone.id.us,Shoshone County Courthouse,700 Bank Street,Ste 120,Wallace,ID,83873-2348,9:00:00 - 07:00,17:00:00 - 07:00,10-10-2016,10-14-2016,no,no,,
Shoshone County,County Clerk,ocd-division/country:us/state:id/county:shoshone,Shoshone County ID,,(208) 752-1264,jshiner@co.shoshone.id.us,Shoshone County Courthouse,700 Bank Street,Ste 120,Wallace,ID,83873-2348,9:00:00 - 07:00,17:00:00 - 07:00,10-17-2016,11-04-2016,no,no,,
Shoshone County,County Clerk,ocd-division/country:us/state:id/county:shoshone,Shoshone County ID,,(208) 752-1264,jshiner@co.shoshone.id.us,Shoshone County Courthouse,700 Bank Street,Ste 120,Wallace,ID,83873-2348,9:00:00 - 07:00,17:00:00 - 07:00,10-24-2016,10-28-2016,no,no,,
Shoshone County,County Clerk,ocd-division/country:us/state:id/county:shoshone,Shoshone County ID,,(208) 752-1264,jshiner@co.shoshone.id.us,Shoshone County Courthouse,700 Bank Street,Ste 120,Wallace,ID,83873-2348,9:00:00 - 07:00,17:00:00 - 07:00,10-31-2016,11-04-2016,no,no,,
Teton County,County Clerk,ocd-division/country:us/state:id/county:teton,Teton County ID,http://tetoncountyidaho.gov/,(208) 354-8780,clerk@co.teton.id.us,Teton County Recorder,150 Courthouse Drive,#208,Driggs,ID,83422,9:00:00 - 06:00,17:00:00 - 06:00,09-26-2016,09-30-2016,no,no,,
Teton County,County Clerk,ocd-division/country:us/state:id/county:teton,Teton County ID,http://tetoncountyidaho.gov/,(208) 354-8780,clerk@co.teton.id.us,Teton County Recorder,150 Courthouse Drive,#208,Driggs,ID,83422,9:00:00 - 06:00,17:00:00 - 06:00,10-03-2016,10-07-2016,no,no,,
Teton County,County Clerk,ocd-division/country:us/state:id/county:teton,Teton County ID,http://tetoncountyidaho.gov/,(208) 354-8780,clerk@co.teton.id.us,Teton County Recorder,150 Courthouse Drive,#208,Driggs,ID,83422,9:00:00 - 06:00,17:00:00 - 06:00,10-11-2016,10-14-2016,no,no,,
Teton County,County Clerk,ocd-division/country:us/state:id/county:teton,Teton County ID,http://tetoncountyidaho.gov/,(208) 354-8780,clerk@co.teton.id.us,Teton County Recorder,150 Courthouse Drive,#208,Driggs,ID,83422,9:00:00 - 06:00,17:00:00 - 06:00,10-17-2016,10-21-2016,no,no,,
Teton County,County Clerk,ocd-division/country:us/state:id/county:teton,Teton County ID,http://tetoncountyidaho.gov/,(208) 354-8780,clerk@co.teton.id.us,Teton County Recorder,150 Courthouse Drive,#208,Driggs,ID,83422,9:00:00 - 06:00,17:00:00 - 06:00,10-24-2016,10-28-2016,no,no,,
Teton County,County Clerk,ocd-division/country:us/state:id/county:teton,Teton County ID,http://tetoncountyidaho.gov/,(208) 354-8780,clerk@co.teton.id.us,Teton County Recorder,150 Courthouse Drive,#208,Driggs,ID,83422,9:00:00 - 06:00,17:00:00 - 06:00,10-31-2016,11-04-2016,no,no,,
Twin Falls County,County Clerk,ocd-division/country:us/state:id/county:twin_falls,Twin Falls County ID,http://twinfallscounty.org/,(208) 736-4004,valerie.varadi@co.twin-falls.id.us,Twin Falls County Recorder,630 Addison Ave W,,Twin Falls,ID,83301,8:00:00 - 06:00,17:00:00 - 06:00,10-17-2016,10-21-2016,no,no,,
Twin Falls County,County Clerk,ocd-division/country:us/state:id/county:twin_falls,Twin Falls County ID,http://twinfallscounty.org/,(208) 736-4004,valerie.varadi@co.twin-falls.id.us,Twin Falls County Recorder,630 Addison Ave W,,Twin Falls,ID,83301,8:00:00 - 06:00,17:00:00 - 06:00,10-24-2016,10-28-2016,no,no,,
Twin Falls County,County Clerk,ocd-division/country:us/state:id/county:twin_falls,Twin Falls County ID,http://twinfallscounty.org/,(208) 736-4004,valerie.varadi@co.twin-falls.id.us,Twin Falls County Recorder,630 Addison Ave W,,Twin Falls,ID,83301,8:00:00 - 06:00,17:00:00 - 06:00,10-31-2016,11-04-2016,no,no,,
Valley County,County Clerk,ocd-division/country:us/state:id/county:valley,Valley County ID,http://www.co.valley.id.us/,(208) 382-7100,amorrison@co.valley.id.us,Valley County Clerk,219 N. Main St.,,Cascade,ID,83611,8:00:00 - 06:00,17:00:00 - 06:00,09-23-2016,09-23-2016,no,no,,
Valley County,County Clerk,ocd-division/country:us/state:id/county:valley,Valley County ID,http://www.co.valley.id.us/,(208) 382-7100,amorrison@co.valley.id.us,Valley County Clerk,219 N. Main St.,,Cascade,ID,83611,8:00:00 - 06:00,17:00:00 - 06:00,09-26-2016,09-30-2016,no,no,,
Valley County,County Clerk,ocd-division/country:us/state:id/county:valley,Valley County ID,http://www.co.valley.id.us/,(208) 382-7100,amorrison@co.valley.id.us,Valley County Clerk,219 N. Main St.,,Cascade,ID,83611,8:00:00 - 06:00,17:00:00 - 06:00,10-03-2016,10-07-2016,no,no,,
Valley County,County Clerk,ocd-division/country:us/state:id/county:valley,Valley County ID,http://www.co.valley.id.us/,(208) 382-7100,amorrison@co.valley.id.us,Valley County Clerk,219 N. Main St.,,Cascade,ID,83611,8:00:00 - 06:00,17:00:00 - 06:00,10-11-2016,10-14-2016,no,no,,
Valley County,County Clerk,ocd-division/country:us/state:id/county:valley,Valley County ID,http://www.co.valley.id.us/,(208) 382-7100,amorrison@co.valley.id.us,Valley County Clerk,219 N. Main St.,,Cascade,ID,83611,8:00:00 - 06:00,17:00:00 - 06:00,10-17-2016,10-21-2016,no,no,,
Valley County,County Clerk,ocd-division/country:us/state:id/county:valley,Valley County ID,http://www.co.valley.id.us/,(208) 382-7100,amorrison@co.valley.id.us,Valley County Clerk,219 N. Main St.,,Cascade,ID,83611,8:00:00 - 06:00,17:00:00 - 06:00,10-24-2016,10-28-2016,no,no,,
Valley County,County Clerk,ocd-division/country:us/state:id/county:valley,Valley County ID,http://www.co.valley.id.us/,(208) 382-7100,amorrison@co.valley.id.us,Valley County Clerk,219 N. Main St.,,Cascade,ID,83611,8:00:00 - 06:00,17:00:00 - 06:00,10-31-2016,11-04-2016,no,no,,
Washington County,County Clerk,ocd-division/country:us/state:id/county:washington,Washington County ID,http://www.co.washington.id.us/,(208) 414-2092,wcclerk@co.washington.id.us,,256 East Court Street,,Weiser,ID,83672-0670,8:30:00 - 06:00,17:00:00 - 06:00,09-23-2016,09-23-2016,no,no,,
Washington County,County Clerk,ocd-division/country:us/state:id/county:washington,Washington County ID,http://www.co.washington.id.us/,(208) 414-2092,wcclerk@co.washington.id.us,,256 East Court Street,,Weiser,ID,83672-0670,8:30:00 - 06:00,17:00:00 - 06:00,09-26-2016,09-30-2016,no,no,,
Washington County,County Clerk,ocd-division/country:us/state:id/county:washington,Washington County ID,http://www.co.washington.id.us/,(208) 414-2092,wcclerk@co.washington.id.us,,256 East Court Street,,Weiser,ID,83672-0670,8:30:00 - 06:00,17:00:00 - 06:00,10-03-2016,10-07-2016,no,no,,
Washington County,County Clerk,ocd-division/country:us/state:id/county:washington,Washington County ID,http://www.co.washington.id.us/,(208) 414-2092,wcclerk@co.washington.id.us,,256 East Court Street,,Weiser,ID,83672-0670,8:30:00 - 06:00,17:00:00 - 06:00,10-11-2016,10-14-2016,no,no,,
Washington County,County Clerk,ocd-division/country:us/state:id/county:washington,Washington County ID,http://www.co.washington.id.us/,(208) 414-2092,wcclerk@co.washington.id.us,,256 East Court Street,,Weiser,ID,83672-0670,8:30:00 - 06:00,17:00:00 - 06:00,10-17-2016,10-21-2016,no,no,,
Washington County,County Clerk,ocd-division/country:us/state:id/county:washington,Washington County ID,http://www.co.washington.id.us/,(208) 414-2092,wcclerk@co.washington.id.us,,256 East Court Street,,Weiser,ID,83672-0670,8:30:00 - 06:00,17:00:00 - 06:00,10-24-2016,10-28-2016,no,no,,
Washington County,County Clerk,ocd-division/country:us/state:id/county:washington,Washington County ID,http://www.co.washington.id.us/,(208) 414-2092,wcclerk@co.washington.id.us,,256 East Court Street,,Weiser,ID,83672-0670,8:30:00 - 06:00,17:00:00 - 06:00,10-31-2016,11-04-2016,no,no,,
Power County,County Clerk,ocd-division/country:us/state:id/county:power,Power County ID,http://www.co.power.id.us/,(208) 226-7611,ssprague@co.power.id.us,,543 Bannock Ave,,American Falls,ID,83211-1200,9:00:00 - 06:00,5:00:00 - 06:00,09-23-2016,09-23-2016,no,no,,no
Power County,County Clerk,ocd-division/country:us/state:id/county:power,Power County ID,http://www.co.power.id.us/,(208) 226-7611,ssprague@co.power.id.us,,543 Bannock Ave,,American Falls,ID,83211-1200,9:00:00 - 06:00,5:00:00 - 06:00,09-26-2016,09-30-2016,no,no,,
Power County,County Clerk,ocd-division/country:us/state:id/county:power,Power County ID,http://www.co.power.id.us/,(208) 226-7611,ssprague@co.power.id.us,,543 Bannock Ave,,American Falls,ID,83211-1200,9:00:00 - 06:00,5:00:00 - 06:00,10-03-2016,10-07-2016,no,no,,
Power County,County Clerk,ocd-division/country:us/state:id/county:power,Power County ID,http://www.co.power.id.us/,(208) 226-7611,ssprague@co.power.id.us,,543 Bannock Ave,,American Falls,ID,83211-1200,9:00:00 - 06:00,5:00:00 - 06:00,10-11-2016,10-14-2016,no,no,,
Power County,County Clerk,ocd-division/country:us/state:id/county:power,Power County ID,http://www.co.power.id.us/,(208) 226-7611,ssprague@co.power.id.us,,543 Bannock Ave,,American Falls,ID,83211-1200,9:00:00 - 06:00,5:00:00 - 06:00,10-17-2016,10-21-2016,no,no,,
Power County,County Clerk,ocd-division/country:us/state:id/county:power,Power County ID,http://www.co.power.id.us/,(208) 226-7611,ssprague@co.power.id.us,,543 Bannock Ave,,American Falls,ID,83211-1200,9:00:00 - 06:00,5:00:00 - 06:00,10-24-2016,10-28-2016,no,no,,
Power County,County Clerk,ocd-division/country:us/state:id/county:power,Power County ID,http://www.co.power.id.us/,(208) 226-7611,ssprague@co.power.id.us,,543 Bannock Ave,,American Falls,ID,83211-1200,9:00:00 - 06:00,5:00:00 - 06:00,10-31-2016,11-04-2016,no,no,,
Butte County,County Clerk,ocd-division/country:us/state:id/county:butte,Butte County ID,,(208) 527-3021,butteclerk@atcnet.net,Butte County Courthouse,241 W Grand Ave,,Arco,ID,83213-0737,9:00:00 - 06:00,12:00:00 - 06:00,09-19-2016,09-23-2016,no,no,,no
Butte County,County Clerk,ocd-division/country:us/state:id/county:butte,Butte County ID,,(208) 527-3021,butteclerk@atcnet.net,Butte County Courthouse,241 W Grand Ave,,Arco,ID,83213-0737,13:00:00 - 06:00,17:00:00 - 06:00,09-19-2016,09-23-2016,no,no,,no
Butte County,County Clerk,ocd-division/country:us/state:id/county:butte,Butte County ID,,(208) 527-3021,butteclerk@atcnet.net,Butte County Courthouse,241 W Grand Ave,,Arco,ID,83213-0737,9:00:00 - 06:00,12:00:00 - 06:00,09-26-2016,09-30-2016,,,,
Butte County,County Clerk,ocd-division/country:us/state:id/county:butte,Butte County ID,,(208) 527-3021,butteclerk@atcnet.net,Butte County Courthouse,241 W Grand Ave,,Arco,ID,83213-0737,13:00:00 - 06:00,17:00:00 - 06:00,09-26-2016,09-30-2016,,,,
Butte County,County Clerk,ocd-division/country:us/state:id/county:butte,Butte County ID,,(208) 527-3021,butteclerk@atcnet.net,Butte County Courthouse,241 W Grand Ave,,Arco,ID,83213-0737,9:00:00 - 06:00,12:00:00 - 06:00,10-03-2016,10-07-2016,,,,
Butte County,County Clerk,ocd-division/country:us/state:id/county:butte,Butte County ID,,(208) 527-3021,butteclerk@atcnet.net,Butte County Courthouse,241 W Grand Ave,,Arco,ID,83213-0737,13:00:00 - 06:00,17:00:00 - 06:00,10-03-2016,10-07-2016,,,,
Butte County,County Clerk,ocd-division/country:us/state:id/county:butte,Butte County ID,,(208) 527-3021,butteclerk@atcnet.net,Butte County Courthouse,241 W Grand Ave,,Arco,ID,83213-0737,9:00:00 - 06:00,12:00:00 - 06:00,10-11-2016,10-14-2016,,,,
Butte County,County Clerk,ocd-division/country:us/state:id/county:butte,Butte County ID,,(208) 527-3021,butteclerk@atcnet.net,Butte County Courthouse,241 W Grand Ave,,Arco,ID,83213-0737,13:00:00 - 06:00,17:00:00 - 06:00,10-11-2016,10-14-2016,,,,
Butte County,County Clerk,ocd-division/country:us/state:id/county:butte,Butte County ID,,(208) 527-3021,butteclerk@atcnet.net,Butte County Courthouse,241 W Grand Ave,,Arco,ID,83213-0737,9:00:00 - 06:00,12:00:00 - 06:00,10-17-2016,10-21-2016,,,,
Butte County,County Clerk,ocd-division/country:us/state:id/county:butte,Butte County ID,,(208) 527-3021,butteclerk@atcnet.net,Butte County Courthouse,241 W Grand Ave,,Arco,ID,83213-0737,13:00:00 - 06:00,17:00:00 - 06:00,10-17-2016,10-21-2016,,,,
Butte County,County Clerk,ocd-division/country:us/state:id/county:butte,Butte County ID,,(208) 527-3021,butteclerk@atcnet.net,Butte County Courthouse,241 W Grand Ave,,Arco,ID,83213-0737,9:00:00 - 06:00,12:00:00 - 06:00,10-24-2016,10-28-2016,,,,
Butte County,County Clerk,ocd-division/country:us/state:id/county:butte,Butte County ID,,(208) 527-3021,butteclerk@atcnet.net,Butte County Courthouse,241 W Grand Ave,,Arco,ID,83213-0737,13:00:00 - 06:00,17:00:00 - 06:00,10-24-2016,10-28-2016,,,,
Butte County,County Clerk,ocd-division/country:us/state:id/county:butte,Butte County ID,,(208) 527-3021,butteclerk@atcnet.net,Butte County Courthouse,241 W Grand Ave,,Arco,ID,83213-0737,9:00:00 - 06:00,12:00:00 - 06:00,10-31-2016,11-04-2016,,,,
Butte County,County Clerk,ocd-division/country:us/state:id/county:butte,Butte County ID,,(208) 527-3021,butteclerk@atcnet.net,Butte County Courthouse,241 W Grand Ave,,Arco,ID,83213-0737,13:00:00 - 06:00,17:00:00 - 06:00,10-31-2016,11-04-2016,,,,
Lincoln County,County Clerk,ocd-division/country:us/state:id/county:lincoln,Lincoln County ID,http://www.lincolncountyid.us/,(208) 886-7641,elections@lincolncountyid.us,,111 West B Street,Suite C,Shoshone,ID,83352-5364,8:30:00 - 06:00,17:00:00 - 06:00,10-05-2016,10-07-2016,no,no,,
Lincoln County,County Clerk,ocd-division/country:us/state:id/county:lincoln,Lincoln County ID,http://www.lincolncountyid.us/,(208) 886-7641,elections@lincolncountyid.us,,111 West B Street,Suite C,Shoshone,ID,83352-5364,8:30:00 - 06:00,17:00:00 - 06:00,10-11-2016,10-14-2016,no,no,,
Lincoln County,County Clerk,ocd-division/country:us/state:id/county:lincoln,Lincoln County ID,http://www.lincolncountyid.us/,(208) 886-7641,elections@lincolncountyid.us,,111 West B Street,Suite C,Shoshone,ID,83352-5364,8:30:00 - 06:00,17:00:00 - 06:00,10-17-2016,10-21-2016,no,no,,
Lincoln County,County Clerk,ocd-division/country:us/state:id/county:lincoln,Lincoln County ID,http://www.lincolncountyid.us/,(208) 886-7641,elections@lincolncountyid.us,,111 West B Street,Suite C,Shoshone,ID,83352-5364,8:30:00 - 06:00,17:00:00 - 06:00,10-24-2016,10-28-2016,no,no,,
Lincoln County,County Clerk,ocd-division/country:us/state:id/county:lincoln,Lincoln County ID,http://www.lincolncountyid.us/,(208) 886-7641,elections@lincolncountyid.us,,111 West B Street,Suite C,Shoshone,ID,83352-5364,8:30:00 - 06:00,17:00:00 - 06:00,10-31-2016,11-04-2016,no,no,,
Lewis County,County Clerk,ocd-division/country:us/state:id/county:lewis,Lewis County ID,http://lewiscounty.id.us/,(208) 937-2661,awinner@lewiscountyid.org,,510 Oak Street,Room 1,Nezperce,ID,83543-5065,9:00:00 - 07:00,17:00:00 - 07:00,09-26-2016,09-30-2016,,,,no
Lewis County,County Clerk,ocd-division/country:us/state:id/county:lewis,Lewis County ID,http://lewiscounty.id.us/,(208) 937-2661,awinner@lewiscountyid.org,,510 Oak Street,Room 1,Nezperce,ID,83543-5065,9:00:00 - 07:00,17:00:00 - 07:00,10-03-2016,10-07-2016,,,,
Lewis County,County Clerk,ocd-division/country:us/state:id/county:lewis,Lewis County ID,http://lewiscounty.id.us/,(208) 937-2661,awinner@lewiscountyid.org,,510 Oak Street,Room 1,Nezperce,ID,83543-5065,9:00:00 - 07:00,17:00:00 - 07:00,10-11-2016,10-14-2016,,,,
Lewis County,County Clerk,ocd-division/country:us/state:id/county:lewis,Lewis County ID,http://lewiscounty.id.us/,(208) 937-2661,awinner@lewiscountyid.org,,510 Oak Street,Room 1,Nezperce,ID,83543-5065,9:00:00 - 07:00,17:00:00 - 07:00,10-17-2016,10-21-2016,,,,
Lewis County,County Clerk,ocd-division/country:us/state:id/county:lewis,Lewis County ID,http://lewiscounty.id.us/,(208) 937-2661,awinner@lewiscountyid.org,,510 Oak Street,Room 1,Nezperce,ID,83543-5065,9:00:00 - 07:00,17:00:00 - 07:00,10-24-2016,10-28-2016,,,,
Lewis County,County Clerk,ocd-division/country:us/state:id/county:lewis,Lewis County ID,http://lewiscounty.id.us/,(208) 937-2661,awinner@lewiscountyid.org,,510 Oak Street,Room 1,Nezperce,ID,83543-5065,9:00:00 - 07:00,17:00:00 - 07:00,10-31-2016,11-04-2016,,,,