ocd-division,county,name,address_one,address_two,dirs,city,state,zip,start_time,end_time,start_date,end_date,appt_1,appt_2,appt_3,subject_to_change,index,address_line,directions,hours,photo_uri,hours_open_id,is_drop_box,is_early_voting,latitude,longitude,latlng_source,id
ocd-division/country:us/state:ca/county:alameda,Alameda County,Registrar of Voters Office,1225 Fallon Street,,,Oakland,CA,94612,8:30:00,17:00:00,10/10/16,10/14/16,False,False,False,False,1,"1225 Fallon Street, Oakland, CA 94612",,08:30 AM-05:00 PM,,ho81028848,false,true,,,,poll30931741
ocd-division/country:us/state:ca/county:alameda,Alameda County,Registrar of Voters Office,1225 Fallon Street,,,Oakland,CA,94612,8:30:00,17:00:00,10/17/16,10/21/16,False,False,False,False,2,"1225 Fallon Street, Oakland, CA 94612",,08:30 AM-05:00 PM,,ho81028848,false,true,,,,poll30931741
ocd-division/country:us/state:ca/county:alameda,Alameda County,Registrar of Voters Office,1225 Fallon Street,,,Oakland,CA,94612,8:30:00,17:00:00,10/24/16,10/28/16,False,False,False,False,3,"1225 Fallon Street, Oakland, CA 94612",,08:30 AM-05:00 PM,,ho81028848,false,true,,,,poll30931741
ocd-division/country:us/state:ca/county:alameda,Alameda County,Registrar of Voters Office,1225 Fallon Street,,,Oakland,CA,94612,9:00:00,15:00:00,10/29/16,10/30/16,False,False,False,False,4,"1225 Fallon Street, Oakland, CA 94612",,09:00 AM-03:00 PM,,ho81028848,false,true,,,,poll30931741
ocd-division/country:us/state:ca/county:alameda,Alameda County,Registrar of Voters Office,1225 Fallon Street,,,Oakland,CA,94612,8:30:00,17:00:00,10/31/16,11/4/16,False,False,False,False,5,"1225 Fallon Street, Oakland, CA 94612",,08:30 AM-05:00 PM,,ho81028848,false,true,,,,poll30931741
ocd-division/country:us/state:ca/county:alameda,Alameda County,Registrar of Voters Office,1225 Fallon Street,,,Oakland,CA,94612,9:00:00,15:00:00,11/5/16,11/6/16,False,False,False,False,6,"1225 Fallon Street, Oakland, CA 94612",,09:00 AM-03:00 PM,,ho81028848,false,true,,,,poll30931741
ocd-division/country:us/state:ca/county:alameda,Alameda County,Registrar of Voters Office,1225 Fallon Street,,,Oakland,CA,94612,8:30:00,17:00:00,11/7/16,11/7/16,False,False,False,False,7,"1225 Fallon Street, Oakland, CA 94612",,08:30 AM-05:00 PM,,ho81028848,false,true,,,,poll30931741
ocd-division/country:us/state:ca/county:butte,Butte County,Elections Office,155 Nelson Ave,,,Oroville,CA,95965,9:00:00,17:00:00,10/10/16,10/14/16,False,False,False,False,8,"155 Nelson Ave, Oroville, CA 95965",,09:00 AM-05:00 PM,,ho77700636,false,true,,,,poll98810408
ocd-division/country:us/state:ca/county:butte,Butte County,Elections Office,155 Nelson Ave,,,Oroville,CA,95965,9:00:00,17:00:00,10/17/16,10/21/16,False,False,False,False,9,"155 Nelson Ave, Oroville, CA 95965",,09:00 AM-05:00 PM,,ho77700636,false,true,,,,poll98810408
ocd-division/country:us/state:ca/county:butte,Butte County,Elections Office,155 Nelson Ave,,,Oroville,CA,95965,9:00:00,17:00:00,10/24/16,10/28/16,False,False,False,False,10,"155 Nelson Ave, Oroville, CA 95965",,09:00 AM-05:00 PM,,ho77700636,false,true,,,,poll98810408
ocd-division/country:us/state:ca/county:butte,Butte County,Elections Office,155 Nelson Ave,,,Oroville,CA,95965,9:00:00,17:00:00,10/31/16,11/4/16,False,False,False,False,11,"155 Nelson Ave, Oroville, CA 95965",,09:00 AM-05:00 PM,,ho77700636,false,true,,,,poll98810408
ocd-division/country:us/state:ca/county:butte,Butte County,Elections Office,155 Nelson Ave,,,Oroville,CA,95965,9:00:00,16:00:00,11/5/16,11/5/16,False,False,False,False,12,"155 Nelson Ave, Oroville, CA 95965",,09:00 AM-04:00 PM,,ho77700636,false,true,,,,poll98810408
ocd-division/country:us/state:ca/county:butte,Butte County,Elections Office,155 Nelson Ave,,,Oroville,CA,95965,9:00:00,17:00:00,11/7/16,11/7/16,False,False,False,False,13,"155 Nelson Ave, Oroville, CA 95965",,09:00 AM-05:00 PM,,ho77700636,false,true,,,,poll98810408
ocd-division/country:us/state:ca/county:calaveras,Calaveras County,County Clerk-Recorder,891 Mountain Ranch Road,,,San Andreas,CA,95249,8:00:00,16:00:00,10/11/16,10/14/16,False,False,False,False,14,"891 Mountain Ranch Road, San Andreas, CA 95249",,08:00 AM-04:00 PM,,ho34192186,false,true,,,,poll3850315
ocd-division/country:us/state:ca/county:calaveras,Calaveras County,County Clerk-Recorder,891 Mountain Ranch Road,,,San Andreas,CA,95249,8:00:00,16:00:00,10/17/16,10/21/16,False,False,False,False,15,"891 Mountain Ranch Road, San Andreas, CA 95249",,08:00 AM-04:00 PM,,ho34192186,false,true,,,,poll3850315
ocd-division/country:us/state:ca/county:calaveras,Calaveras County,County Clerk-Recorder,891 Mountain Ranch Road,,,San Andreas,CA,95249,8:00:00,16:00:00,10/24/16,10/28/16,False,False,False,False,16,"891 Mountain Ranch Road, San Andreas, CA 95249",,08:00 AM-04:00 PM,,ho34192186,false,true,,,,poll3850315
ocd-division/country:us/state:ca/county:calaveras,Calaveras County,County Clerk-Recorder,891 Mountain Ranch Road,,,San Andreas,CA,95249,8:00:00,16:00:00,10/31/16,11/4/16,False,False,False,False,17,"891 Mountain Ranch Road, San Andreas, CA 95249",,08:00 AM-04:00 PM,,ho34192186,false,true,,,,poll3850315
ocd-division/country:us/state:ca/county:calaveras,Calaveras County,County Clerk-Recorder,891 Mountain Ranch Road,,,San Andreas,CA,95249,8:00:00,20:00:00,11/7/16,11/7/16,False,False,False,False,18,"891 Mountain Ranch Road, San Andreas, CA 95249",,08:00 AM-08:00 PM,,ho34192186,false,true,,,,poll3850315
ocd-division/country:us/state:ca/county:del_norte,Del Norte County,County Clerk-Recorder,"981 H Street, Room 160",,,Crescent City,CA,95531,8:00:00,17:00:00,10/11/16,10/14/16,False,False,False,False,19,"981 H Street, Room 160, Crescent City, CA 95531",,08:00 AM-05:00 PM,,ho72512269,false,true,,,,poll32367450
ocd-division/country:us/state:ca/county:del_norte,Del Norte County,County Clerk-Recorder,"981 H Street, Room 160",,,Crescent City,CA,95531,8:00:00,17:00:00,10/17/16,10/21/16,False,False,False,False,20,"981 H Street, Room 160, Crescent City, CA 95531",,08:00 AM-05:00 PM,,ho72512269,false,true,,,,poll32367450
ocd-division/country:us/state:ca/county:del_norte,Del Norte County,County Clerk-Recorder,"981 H Street, Room 160",,,Crescent City,CA,95531,8:00:00,17:00:00,10/24/16,10/28/16,False,False,False,False,21,"981 H Street, Room 160, Crescent City, CA 95531",,08:00 AM-05:00 PM,,ho72512269,false,true,,,,poll32367450
ocd-division/country:us/state:ca/county:del_norte,Del Norte County,County Clerk-Recorder,"981 H Street, Room 160",,,Crescent City,CA,95531,8:00:00,17:00:00,10/31/16,11/4/16,False,False,False,False,22,"981 H Street, Room 160, Crescent City, CA 95531",,08:00 AM-05:00 PM,,ho72512269,false,true,,,,poll32367450
ocd-division/country:us/state:ca/county:del_norte,Del Norte County,County Clerk-Recorder,"981 H Street, Room 160",,,Crescent City,CA,95531,8:00:00,17:00:00,11/7/16,11/7/16,False,False,False,False,23,"981 H Street, Room 160, Crescent City, CA 95531",,08:00 AM-05:00 PM,,ho72512269,false,true,,,,poll32367450
ocd-division/country:us/state:ca/county:el_dorado,El Dorado County,Elections Office,2850 Fairlane Ct,,,Placerville,CA,95667,8:00:00,17:00:00,10/10/16,10/14/16,False,False,False,False,24,"2850 Fairlane Ct, Placerville, CA 95667",,08:00 AM-05:00 PM,,ho6618035,false,true,,,,poll81735112
ocd-division/country:us/state:ca/county:el_dorado,El Dorado County,Elections Office,2850 Fairlane Ct,,,Placerville,CA,95667,8:00:00,17:00:00,10/17/16,10/21/16,False,False,False,False,25,"2850 Fairlane Ct, Placerville, CA 95667",,08:00 AM-05:00 PM,,ho6618035,false,true,,,,poll81735112
ocd-division/country:us/state:ca/county:el_dorado,El Dorado County,Elections Office,2850 Fairlane Ct,,,Placerville,CA,95667,8:00:00,17:00:00,10/24/16,10/28/16,False,False,False,False,26,"2850 Fairlane Ct, Placerville, CA 95667",,08:00 AM-05:00 PM,,ho6618035,false,true,,,,poll81735112
ocd-division/country:us/state:ca/county:el_dorado,El Dorado County,Elections Office,2850 Fairlane Ct,,,Placerville,CA,95667,8:00:00,17:00:00,10/31/16,11/4/16,False,False,False,False,27,"2850 Fairlane Ct, Placerville, CA 95667",,08:00 AM-05:00 PM,,ho6618035,false,true,,,,poll81735112
ocd-division/country:us/state:ca/county:el_dorado,El Dorado County,Elections Office,2850 Fairlane Ct,,,Placerville,CA,95667,8:00:00,17:00:00,11/7/16,11/7/16,False,False,False,False,28,"2850 Fairlane Ct, Placerville, CA 95667",,08:00 AM-05:00 PM,,ho6618035,false,true,,,,poll81735112
ocd-division/country:us/state:ca/county:el_dorado,El Dorado County,Elections Office Branch,3368 Lake Tahoe Blvd 108,,,South Lake Tahoe,CA,96150,8:00:00,17:00:00,10/10/16,10/14/16,False,False,False,False,29,"3368 Lake Tahoe Blvd 108, South Lake Tahoe, CA 96150",,08:00 AM-05:00 PM,,ho71860804,false,true,,,,poll12306305
ocd-division/country:us/state:ca/county:el_dorado,El Dorado County,Elections Office Branch,3368 Lake Tahoe Blvd 108,,,South Lake Tahoe,CA,96150,8:00:00,17:00:00,10/17/16,10/21/16,False,False,False,False,30,"3368 Lake Tahoe Blvd 108, South Lake Tahoe, CA 96150",,08:00 AM-05:00 PM,,ho71860804,false,true,,,,poll12306305
ocd-division/country:us/state:ca/county:el_dorado,El Dorado County,Elections Office Branch,3368 Lake Tahoe Blvd 108,,,South Lake Tahoe,CA,96150,8:00:00,17:00:00,10/24/16,10/28/16,False,False,False,False,31,"3368 Lake Tahoe Blvd 108, South Lake Tahoe, CA 96150",,08:00 AM-05:00 PM,,ho71860804,false,true,,,,poll12306305
ocd-division/country:us/state:ca/county:el_dorado,El Dorado County,Elections Office Branch,3368 Lake Tahoe Blvd 108,,,South Lake Tahoe,CA,96150,8:00:00,17:00:00,10/31/16,11/4/16,False,False,False,False,32,"3368 Lake Tahoe Blvd 108, South Lake Tahoe, CA 96150",,08:00 AM-05:00 PM,,ho71860804,false,true,,,,poll12306305
ocd-division/country:us/state:ca/county:el_dorado,El Dorado County,Elections Office Branch,3368 Lake Tahoe Blvd 108,,,South Lake Tahoe,CA,96150,8:00:00,17:00:00,11/7/16,11/7/16,False,False,False,False,33,"3368 Lake Tahoe Blvd 108, South Lake Tahoe, CA 96150",,08:00 AM-05:00 PM,,ho71860804,false,true,,,,poll12306305
ocd-division/country:us/state:ca/county:fresno,Fresno County,County Clerk-Registrar of Voters,2221 Kern Street,,,Fresno,CA,93721,8:00:00,17:00:00,10/10/16,10/14/16,False,False,False,False,34,"2221 Kern Street, Fresno, CA 93721",,08:00 AM-05:00 PM,,ho56375565,false,true,,,,poll78433664
ocd-division/country:us/state:ca/county:fresno,Fresno County,County Clerk-Registrar of Voters,2221 Kern Street,,,Fresno,CA,93721,8:00:00,17:00:00,10/17/16,10/21/16,False,False,False,False,35,"2221 Kern Street, Fresno, CA 93721",,08:00 AM-05:00 PM,,ho56375565,false,true,,,,poll78433664
ocd-division/country:us/state:ca/county:fresno,Fresno County,County Clerk-Registrar of Voters,2221 Kern Street,,,Fresno,CA,93721,8:00:00,17:00:00,10/24/16,10/28/16,False,False,False,False,36,"2221 Kern Street, Fresno, CA 93721",,08:00 AM-05:00 PM,,ho56375565,false,true,,,,poll78433664
ocd-division/country:us/state:ca/county:fresno,Fresno County,County Clerk-Registrar of Voters,2221 Kern Street,,,Fresno,CA,93721,8:00:00,17:00:00,10/31/16,11/4/16,False,False,False,False,37,"2221 Kern Street, Fresno, CA 93721",,08:00 AM-05:00 PM,,ho56375565,false,true,,,,poll78433664
ocd-division/country:us/state:ca/county:fresno,Fresno County,County Clerk-Registrar of Voters,2221 Kern Street,,,Fresno,CA,93721,8:00:00,17:00:00,11/7/16,11/7/16,False,False,False,False,38,"2221 Kern Street, Fresno, CA 93721",,08:00 AM-05:00 PM,,ho56375565,false,true,,,,poll78433664
ocd-division/country:us/state:ca/county:glenn,Glenn County,County Clerk-Recorder,516 W. Sycamore Street,,,Willows,CA,95988,7:00:00,17:00:00,10/10/16,10/14/16,False,False,False,False,39,"516 W. Sycamore Street, Willows, CA 95988",,07:00 AM-05:00 PM,,ho88367127,false,true,,,,poll93785153
ocd-division/country:us/state:ca/county:glenn,Glenn County,County Clerk-Recorder,516 W. Sycamore Street,,,Willows,CA,95988,7:00:00,17:00:00,10/17/16,10/21/16,False,False,False,False,40,"516 W. Sycamore Street, Willows, CA 95988",,07:00 AM-05:00 PM,,ho88367127,false,true,,,,poll93785153
ocd-division/country:us/state:ca/county:glenn,Glenn County,County Clerk-Recorder,516 W. Sycamore Street,,,Willows,CA,95988,7:00:00,17:00:00,10/24/16,10/28/16,False,False,False,False,41,"516 W. Sycamore Street, Willows, CA 95988",,07:00 AM-05:00 PM,,ho88367127,false,true,,,,poll93785153
ocd-division/country:us/state:ca/county:glenn,Glenn County,County Clerk-Recorder,516 W. Sycamore Street,,,Willows,CA,95988,7:00:00,17:00:00,10/31/16,11/4/16,False,False,False,False,42,"516 W. Sycamore Street, Willows, CA 95988",,07:00 AM-05:00 PM,,ho88367127,false,true,,,,poll93785153
ocd-division/country:us/state:ca/county:glenn,Glenn County,County Clerk-Recorder,516 W. Sycamore Street,,,Willows,CA,95988,6:00:00,20:00:00,11/7/16,11/7/16,False,False,False,False,43,"516 W. Sycamore Street, Willows, CA 95988",,06:00 AM-08:00 PM,,ho88367127,false,true,,,,poll93785153
ocd-division/country:us/state:ca/county:humboldt,Humboldt County,County Clerk-Recorder-Registrar of Voters,"3033 H Street, Room 20",,,Eureka,CA,95501,8:30:00,17:00:00,10/11/16,10/14/16,False,False,False,False,44,"3033 H Street, Room 20, Eureka, CA 95501",,08:30 AM-05:00 PM,,ho85684882,false,true,,,,poll43127736
ocd-division/country:us/state:ca/county:humboldt,Humboldt County,County Clerk-Recorder-Registrar of Voters,"3033 H Street, Room 20",,,Eureka,CA,95501,8:30:00,17:00:00,10/17/16,10/21/16,False,False,False,False,45,"3033 H Street, Room 20, Eureka, CA 95501",,08:30 AM-05:00 PM,,ho85684882,false,true,,,,poll43127736
ocd-division/country:us/state:ca/county:humboldt,Humboldt County,County Clerk-Recorder-Registrar of Voters,"3033 H Street, Room 20",,,Eureka,CA,95501,8:30:00,17:00:00,10/24/16,10/28/16,False,False,False,False,46,"3033 H Street, Room 20, Eureka, CA 95501",,08:30 AM-05:00 PM,,ho85684882,false,true,,,,poll43127736
ocd-division/country:us/state:ca/county:humboldt,Humboldt County,County Clerk-Recorder-Registrar of Voters,"3033 H Street, Room 20",,,Eureka,CA,95501,8:30:00,17:00:00,10/31/16,11/4/16,False,False,False,False,47,"3033 H Street, Room 20, Eureka, CA 95501",,08:30 AM-05:00 PM,,ho85684882,false,true,,,,poll43127736
ocd-division/country:us/state:ca/county:humboldt,Humboldt County,County Clerk-Recorder-Registrar of Voters,"3033 H Street, Room 20",,,Eureka,CA,95501,8:30:00,17:00:00,11/7/16,11/7/16,False,False,False,False,48,"3033 H Street, Room 20, Eureka, CA 95501",,08:30 AM-05:00 PM,,ho85684882,false,true,,,,poll43127736
ocd-division/country:us/state:ca/county:imperial,Imperial County,Registrar of Voters,"940 Main Street, Ste 206",,,El Centro,CA,92243,8:00:00,17:00:00,10/11/16,10/14/16,False,False,False,False,49,"940 Main Street, Ste 206, El Centro, CA 92243",,08:00 AM-05:00 PM,,ho30293259,false,true,,,,poll48592718
ocd-division/country:us/state:ca/county:imperial,Imperial County,Registrar of Voters,"940 Main Street, Ste 206",,,El Centro,CA,92243,8:00:00,17:00:00,10/17/16,10/21/16,False,False,False,False,50,"940 Main Street, Ste 206, El Centro, CA 92243",,08:00 AM-05:00 PM,,ho30293259,false,true,,,,poll48592718
ocd-division/country:us/state:ca/county:imperial,Imperial County,Registrar of Voters,"940 Main Street, Ste 206",,,El Centro,CA,92243,8:00:00,17:00:00,10/24/16,10/28/16,False,False,False,False,51,"940 Main Street, Ste 206, El Centro, CA 92243",,08:00 AM-05:00 PM,,ho30293259,false,true,,,,poll48592718
ocd-division/country:us/state:ca/county:imperial,Imperial County,Registrar of Voters,"940 Main Street, Ste 206",,,El Centro,CA,92243,8:00:00,17:00:00,10/31/16,11/4/16,False,False,False,False,52,"940 Main Street, Ste 206, El Centro, CA 92243",,08:00 AM-05:00 PM,,ho30293259,false,true,,,,poll48592718
ocd-division/country:us/state:ca/county:imperial,Imperial County,Registrar of Voters,"940 Main Street, Ste 206",,,El Centro,CA,92243,8:00:00,17:00:00,11/7/16,11/7/16,False,False,False,False,53,"940 Main Street, Ste 206, El Centro, CA 92243",,08:00 AM-05:00 PM,,ho30293259,false,true,,,,poll48592718
ocd-division/country:us/state:ca/county:inyo,Inyo County,Inyo County Courthouse,168 N. Edwards St,Inyo County Elections,,Independence,CA,93526,8:00:00,17:00:00,10/10/16,10/14/16,False,False,False,False,54,"168 N. Edwards St Inyo County Elections, Independence, CA 93526",,08:00 AM-05:00 PM,,ho22306379,false,true,,,,poll67455466
ocd-division/country:us/state:ca/county:inyo,Inyo County,Inyo County Courthouse,168 N. Edwards St,Inyo County Elections,,Independence,CA,93526,8:00:00,17:00:00,10/17/16,10/21/16,False,False,False,False,55,"168 N. Edwards St Inyo County Elections, Independence, CA 93526",,08:00 AM-05:00 PM,,ho22306379,false,true,,,,poll67455466
ocd-division/country:us/state:ca/county:inyo,Inyo County,Inyo County Courthouse,168 N. Edwards St,Inyo County Elections,,Independence,CA,93526,8:00:00,17:00:00,10/24/16,10/28/16,False,False,False,False,56,"168 N. Edwards St Inyo County Elections, Independence, CA 93526",,08:00 AM-05:00 PM,,ho22306379,false,true,,,,poll67455466
ocd-division/country:us/state:ca/county:inyo,Inyo County,Inyo County Courthouse,168 N. Edwards St,Inyo County Elections,,Independence,CA,93526,8:00:00,17:00:00,10/31/16,11/4/16,False,False,False,False,57,"168 N. Edwards St Inyo County Elections, Independence, CA 93526",,08:00 AM-05:00 PM,,ho22306379,false,true,,,,poll67455466
ocd-division/country:us/state:ca/county:inyo,Inyo County,Inyo County Courthouse,168 N. Edwards St,Inyo County Elections,,Independence,CA,93526,8:00:00,17:00:00,11/7/16,11/7/16,False,False,False,False,58,"168 N. Edwards St Inyo County Elections, Independence, CA 93526",,08:00 AM-05:00 PM,,ho22306379,false,true,,,,poll67455466
ocd-division/country:us/state:ca/county:kern,Kern County,Auditor-Controller-County Clerk-Registrar of Voters,1115 Truxtun Avenue,,,Bakersfield,CA,93301,8:00:00,17:00:00,10/10/16,10/14/16,False,False,False,False,59,"1115 Truxtun Avenue, Bakersfield, CA 93301",,08:00 AM-05:00 PM,,ho40327739,false,true,,,,poll73958333
ocd-division/country:us/state:ca/county:kern,Kern County,Auditor-Controller-County Clerk-Registrar of Voters,1115 Truxtun Avenue,,,Bakersfield,CA,93301,8:00:00,17:00:00,10/17/16,10/21/16,False,False,False,False,60,"1115 Truxtun Avenue, Bakersfield, CA 93301",,08:00 AM-05:00 PM,,ho40327739,false,true,,,,poll73958333
ocd-division/country:us/state:ca/county:kern,Kern County,Auditor-Controller-County Clerk-Registrar of Voters,1115 Truxtun Avenue,,,Bakersfield,CA,93301,8:00:00,17:00:00,10/24/16,10/28/16,False,False,False,False,61,"1115 Truxtun Avenue, Bakersfield, CA 93301",,08:00 AM-05:00 PM,,ho40327739,false,true,,,,poll73958333
ocd-division/country:us/state:ca/county:kern,Kern County,Auditor-Controller-County Clerk-Registrar of Voters,1115 Truxtun Avenue,,,Bakersfield,CA,93301,8:00:00,17:00:00,10/31/16,11/4/16,False,False,False,False,62,"1115 Truxtun Avenue, Bakersfield, CA 93301",,08:00 AM-05:00 PM,,ho40327739,false,true,,,,poll73958333
ocd-division/country:us/state:ca/county:kern,Kern County,Auditor-Controller-County Clerk-Registrar of Voters,1115 Truxtun Avenue,,,Bakersfield,CA,93301,8:00:00,17:00:00,11/7/16,11/7/16,False,False,False,False,63,"1115 Truxtun Avenue, Bakersfield, CA 93301",,08:00 AM-05:00 PM,,ho40327739,false,true,,,,poll73958333
ocd-division/country:us/state:ca/county:kings,Kings County,Registrar of Voters-Recorder-County Clerk,1400 W. Lacey Blvd.,,,Hanford,CA,93230,8:00:00,17:00:00,10/11/16,10/14/16,False,False,False,False,64,"1400 W. Lacey Blvd., Hanford, CA 93230",,08:00 AM-05:00 PM,,ho87133124,false,true,,,,poll37788599
ocd-division/country:us/state:ca/county:kings,Kings County,Registrar of Voters-Recorder-County Clerk,1400 W. Lacey Blvd.,,,Hanford,CA,93230,8:00:00,17:00:00,10/17/16,10/21/16,False,False,False,False,65,"1400 W. Lacey Blvd., Hanford, CA 93230",,08:00 AM-05:00 PM,,ho87133124,false,true,,,,poll37788599
ocd-division/country:us/state:ca/county:kings,Kings County,Registrar of Voters-Recorder-County Clerk,1400 W. Lacey Blvd.,,,Hanford,CA,93230,8:00:00,17:00:00,10/24/16,10/28/16,False,False,False,False,66,"1400 W. Lacey Blvd., Hanford, CA 93230",,08:00 AM-05:00 PM,,ho87133124,false,true,,,,poll37788599
ocd-division/country:us/state:ca/county:kings,Kings County,Registrar of Voters-Recorder-County Clerk,1400 W. Lacey Blvd.,,,Hanford,CA,93230,8:00:00,17:00:00,10/31/16,11/4/16,False,False,False,False,67,"1400 W. Lacey Blvd., Hanford, CA 93230",,08:00 AM-05:00 PM,,ho87133124,false,true,,,,poll37788599
ocd-division/country:us/state:ca/county:kings,Kings County,Registrar of Voters-Recorder-County Clerk,1400 W. Lacey Blvd.,,,Hanford,CA,93230,8:00:00,17:00:00,11/7/16,11/7/16,False,False,False,False,68,"1400 W. Lacey Blvd., Hanford, CA 93230",,08:00 AM-05:00 PM,,ho87133124,false,true,,,,poll37788599
ocd-division/country:us/state:ca/county:lassen,Lassen County,County Clerk-Recorder,"220 S. Lassen Street, Ste 5",,,Susanville,CA,96130,9:00:00,17:00:00,10/10/16,10/14/16,False,False,False,False,69,"220 S. Lassen Street, Ste 5, Susanville, CA 96130",,09:00 AM-05:00 PM,,ho35269615,false,true,,,,poll40013324
ocd-division/country:us/state:ca/county:lassen,Lassen County,County Clerk-Recorder,"220 S. Lassen Street, Ste 5",,,Susanville,CA,96130,9:00:00,17:00:00,10/17/16,10/21/16,False,False,False,False,70,"220 S. Lassen Street, Ste 5, Susanville, CA 96130",,09:00 AM-05:00 PM,,ho35269615,false,true,,,,poll40013324
ocd-division/country:us/state:ca/county:lassen,Lassen County,County Clerk-Recorder,"220 S. Lassen Street, Ste 5",,,Susanville,CA,96130,9:00:00,17:00:00,10/24/16,10/28/16,False,False,False,False,71,"220 S. Lassen Street, Ste 5, Susanville, CA 96130",,09:00 AM-05:00 PM,,ho35269615,false,true,,,,poll40013324
ocd-division/country:us/state:ca/county:lassen,Lassen County,County Clerk-Recorder,"220 S. Lassen Street, Ste 5",,,Susanville,CA,96130,9:00:00,17:00:00,10/31/16,11/4/16,False,False,False,False,72,"220 S. Lassen Street, Ste 5, Susanville, CA 96130",,09:00 AM-05:00 PM,,ho35269615,false,true,,,,poll40013324
ocd-division/country:us/state:ca/county:lassen,Lassen County,County Clerk-Recorder,"220 S. Lassen Street, Ste 5",,,Susanville,CA,96130,9:00:00,17:00:00,11/7/16,11/7/16,False,False,False,False,73,"220 S. Lassen Street, Ste 5, Susanville, CA 96130",,09:00 AM-05:00 PM,,ho35269615,false,true,,,,poll40013324
ocd-division/country:us/state:ca/county:madera,Madera County,Office of the County Clerk-Recorder,200 W. 4th Street,,,Madera,CA,93637,8:00:00,17:00:00,10/10/16,10/14/16,False,False,False,False,74,"200 W. 4th Street, Madera, CA 93637",,08:00 AM-05:00 PM,,ho85147266,false,true,,,,poll54856670
ocd-division/country:us/state:ca/county:madera,Madera County,Office of the County Clerk-Recorder,200 W. 4th Street,,,Madera,CA,93637,8:00:00,17:00:00,10/17/16,10/21/16,False,False,False,False,75,"200 W. 4th Street, Madera, CA 93637",,08:00 AM-05:00 PM,,ho85147266,false,true,,,,poll54856670
ocd-division/country:us/state:ca/county:madera,Madera County,Office of the County Clerk-Recorder,200 W. 4th Street,,,Madera,CA,93637,8:00:00,17:00:00,10/24/16,10/28/16,False,False,False,False,76,"200 W. 4th Street, Madera, CA 93637",,08:00 AM-05:00 PM,,ho85147266,false,true,,,,poll54856670
ocd-division/country:us/state:ca/county:madera,Madera County,Office of the County Clerk-Recorder,200 W. 4th Street,,,Madera,CA,93637,8:00:00,17:00:00,10/31/16,11/1/16,False,False,False,False,77,"200 W. 4th Street, Madera, CA 93637",,08:00 AM-05:00 PM,,ho85147266,false,true,,,,poll54856670
ocd-division/country:us/state:ca/county:madera,Madera County,Office of the County Clerk-Recorder,200 W. 4th Street,,,Madera,CA,93637,10:00:00,15:00:00,11/5/16,11/5/16,False,False,False,False,78,"200 W. 4th Street, Madera, CA 93637",,10:00 AM-03:00 PM,,ho85147266,false,true,,,,poll54856670
ocd-division/country:us/state:ca/county:madera,Madera County,Sheriff's Office,48267 Liberty Lane,,,Oakhurst ,CA,93644,10:00:00,15:00:00,11/5/16,11/5/16,False,False,False,False,79,"48267 Liberty Lane, Oakhurst , CA 93644",,10:00 AM-03:00 PM,,ho87414622,false,true,,,,poll65006922
ocd-division/country:us/state:ca/county:marin,Marin County,Registrar of Voters,"3501 Civic Center, Room 121",,,San Rafael,CA,94903,8:00:00,16:30:00,10/10/16,10/14/16,False,False,False,False,80,"3501 Civic Center, Room 121, San Rafael, CA 94903",,08:00 AM-04:30 PM,,ho42523122,false,true,,,,poll75856392
ocd-division/country:us/state:ca/county:marin,Marin County,Registrar of Voters,"3501 Civic Center, Room 121",,,San Rafael,CA,94903,8:00:00,16:30:00,10/17/16,10/21/16,False,False,False,False,81,"3501 Civic Center, Room 121, San Rafael, CA 94903",,08:00 AM-04:30 PM,,ho42523122,false,true,,,,poll75856392
ocd-division/country:us/state:ca/county:marin,Marin County,Registrar of Voters,"3501 Civic Center, Room 121",,,San Rafael,CA,94903,8:00:00,16:30:00,10/24/16,10/28/16,False,False,False,False,82,"3501 Civic Center, Room 121, San Rafael, CA 94903",,08:00 AM-04:30 PM,,ho42523122,false,true,,,,poll75856392
ocd-division/country:us/state:ca/county:marin,Marin County,Registrar of Voters,"3501 Civic Center, Room 121",,,San Rafael,CA,94903,8:00:00,16:30:00,10/31/16,11/4/16,False,False,False,False,83,"3501 Civic Center, Room 121, San Rafael, CA 94903",,08:00 AM-04:30 PM,,ho42523122,false,true,,,,poll75856392
ocd-division/country:us/state:ca/county:marin,Marin County,Registrar of Voters,"3501 Civic Center, Room 121",,,San Rafael,CA,94903,8:00:00,16:30:00,11/7/16,11/7/16,False,False,False,False,84,"3501 Civic Center, Room 121, San Rafael, CA 94903",,08:00 AM-04:30 PM,,ho42523122,false,true,,,,poll75856392
ocd-division/country:us/state:ca/county:mariposa,Mariposa County,County Clerk,4982 10th Street,,,Mariposa,CA,95338,8:00:00,17:00:00,10/11/16,10/14/16,False,False,False,False,85,"4982 10th Street, Mariposa, CA 95338",,08:00 AM-05:00 PM,,ho82331149,false,true,,,,poll33199359
ocd-division/country:us/state:ca/county:mariposa,Mariposa County,County Clerk,4982 10th Street,,,Mariposa,CA,95338,8:00:00,17:00:00,10/17/16,10/21/16,False,False,False,False,86,"4982 10th Street, Mariposa, CA 95338",,08:00 AM-05:00 PM,,ho82331149,false,true,,,,poll33199359
ocd-division/country:us/state:ca/county:mariposa,Mariposa County,County Clerk,4982 10th Street,,,Mariposa,CA,95338,8:00:00,17:00:00,10/24/16,10/28/16,False,False,False,False,87,"4982 10th Street, Mariposa, CA 95338",,08:00 AM-05:00 PM,,ho82331149,false,true,,,,poll33199359
ocd-division/country:us/state:ca/county:mariposa,Mariposa County,County Clerk,4982 10th Street,,,Mariposa,CA,95338,8:00:00,17:00:00,10/31/16,11/4/16,False,False,False,False,88,"4982 10th Street, Mariposa, CA 95338",,08:00 AM-05:00 PM,,ho82331149,false,true,,,,poll33199359
ocd-division/country:us/state:ca/county:mariposa,Mariposa County,County Clerk,4982 10th Street,,,Mariposa,CA,95338,8:00:00,17:00:00,11/7/16,11/7/16,False,False,False,False,89,"4982 10th Street, Mariposa, CA 95338",,08:00 AM-05:00 PM,,ho82331149,false,true,,,,poll33199359
ocd-division/country:us/state:ca/county:mendocino,Mendocino County,Assessor-County Clerk-Recorder,"501 Low Gap Rd., Room 1020",,,Ukiah,CA,95482,8:00:00,17:00:00,10/10/16,10/14/16,False,False,False,False,90,"501 Low Gap Rd., Room 1020, Ukiah, CA 95482",,08:00 AM-05:00 PM,,ho36345638,false,true,,,,poll3135162
ocd-division/country:us/state:ca/county:mendocino,Mendocino County,Assessor-County Clerk-Recorder,"501 Low Gap Rd., Room 1020",,,Ukiah,CA,95482,8:00:00,17:00:00,10/17/16,10/21/16,False,False,False,False,91,"501 Low Gap Rd., Room 1020, Ukiah, CA 95482",,08:00 AM-05:00 PM,,ho36345638,false,true,,,,poll3135162
ocd-division/country:us/state:ca/county:mendocino,Mendocino County,Assessor-County Clerk-Recorder,"501 Low Gap Rd., Room 1020",,,Ukiah,CA,95482,8:00:00,17:00:00,10/24/16,10/28/16,False,False,False,False,92,"501 Low Gap Rd., Room 1020, Ukiah, CA 95482",,08:00 AM-05:00 PM,,ho36345638,false,true,,,,poll3135162
ocd-division/country:us/state:ca/county:mendocino,Mendocino County,Assessor-County Clerk-Recorder,"501 Low Gap Rd., Room 1020",,,Ukiah,CA,95482,8:00:00,17:00:00,10/31/16,11/4/16,False,False,False,False,93,"501 Low Gap Rd., Room 1020, Ukiah, CA 95482",,08:00 AM-05:00 PM,,ho36345638,false,true,,,,poll3135162
ocd-division/country:us/state:ca/county:mendocino,Mendocino County,Assessor-County Clerk-Recorder,"501 Low Gap Rd., Room 1020",,,Ukiah,CA,95482,8:00:00,17:00:00,11/7/16,11/7/16,False,False,False,False,94,"501 Low Gap Rd., Room 1020, Ukiah, CA 95482",,08:00 AM-05:00 PM,,ho36345638,false,true,,,,poll3135162
ocd-division/country:us/state:ca/county:modoc,Modoc County,County Auditor-Clerk-Recorder,108 E. Modoc Street,,,Alturas,CA,96101,8:30:00,17:00:00,10/11/16,10/14/16,False,False,False,False,95,"108 E. Modoc Street, Alturas, CA 96101",,08:30 AM-05:00 PM,,ho65997374,false,true,,,,poll25997673
ocd-division/country:us/state:ca/county:modoc,Modoc County,County Auditor-Clerk-Recorder,108 E. Modoc Street,,,Alturas,CA,96101,8:30:00,17:00:00,10/17/16,10/21/16,False,False,False,False,96,"108 E. Modoc Street, Alturas, CA 96101",,08:30 AM-05:00 PM,,ho65997374,false,true,,,,poll25997673
ocd-division/country:us/state:ca/county:modoc,Modoc County,County Auditor-Clerk-Recorder,108 E. Modoc Street,,,Alturas,CA,96101,8:30:00,17:00:00,10/24/16,10/28/16,False,False,False,False,97,"108 E. Modoc Street, Alturas, CA 96101",,08:30 AM-05:00 PM,,ho65997374,false,true,,,,poll25997673
ocd-division/country:us/state:ca/county:modoc,Modoc County,County Auditor-Clerk-Recorder,108 E. Modoc Street,,,Alturas,CA,96101,8:30:00,17:00:00,10/31/16,11/4/16,False,False,False,False,98,"108 E. Modoc Street, Alturas, CA 96101",,08:30 AM-05:00 PM,,ho65997374,false,true,,,,poll25997673
ocd-division/country:us/state:ca/county:modoc,Modoc County,County Auditor-Clerk-Recorder,108 E. Modoc Street,,,Alturas,CA,96101,8:30:00,17:00:00,11/7/16,11/7/16,False,False,False,False,99,"108 E. Modoc Street, Alturas, CA 96101",,08:30 AM-05:00 PM,,ho65997374,false,true,,,,poll25997673
ocd-division/country:us/state:ca/county:mono,Mono County,County Clerk-Recorder-Registrar,74 N. School Street,,Annex I,Bridgeport,CA,93517,8:00:00,17:00:00,10/11/16,10/14/16,False,False,False,False,100,"74 N. School Street, Bridgeport, CA 93517",Annex I,08:00 AM-05:00 PM,,ho62796482,false,true,,,,poll4718991
ocd-division/country:us/state:ca/county:mono,Mono County,County Clerk-Recorder-Registrar,74 N. School Street,,Annex I,Bridgeport,CA,93517,8:00:00,17:00:00,10/17/16,10/21/16,False,False,False,False,101,"74 N. School Street, Bridgeport, CA 93517",Annex I,08:00 AM-05:00 PM,,ho62796482,false,true,,,,poll4718991
ocd-division/country:us/state:ca/county:mono,Mono County,County Clerk-Recorder-Registrar,74 N. School Street,,Annex I,Bridgeport,CA,93517,8:00:00,17:00:00,10/24/16,10/28/16,False,False,False,False,102,"74 N. School Street, Bridgeport, CA 93517",Annex I,08:00 AM-05:00 PM,,ho62796482,false,true,,,,poll4718991
ocd-division/country:us/state:ca/county:mono,Mono County,County Clerk-Recorder-Registrar,74 N. School Street,,Annex I,Bridgeport,CA,93517,8:00:00,17:00:00,10/31/16,11/4/16,False,False,False,False,103,"74 N. School Street, Bridgeport, CA 93517",Annex I,08:00 AM-05:00 PM,,ho62796482,false,true,,,,poll4718991
ocd-division/country:us/state:ca/county:mono,Mono County,County Clerk-Recorder-Registrar,74 N. School Street,,Annex I,Bridgeport,CA,93517,8:00:00,17:00:00,11/7/16,11/7/16,False,False,False,False,104,"74 N. School Street, Bridgeport, CA 93517",Annex I,08:00 AM-05:00 PM,,ho62796482,false,true,,,,poll4718991
ocd-division/country:us/state:ca/county:monterey,Monterey County,Registrar of Voters,1370 S. Main St # B,,,Salinas,CA,93901,8:00:00,17:00:00,10/10/16,10/14/16,False,False,False,False,105,"1370 S. Main St # B, Salinas, CA 93901",,08:00 AM-05:00 PM,,ho1226727,false,true,,,,poll16320877
ocd-division/country:us/state:ca/county:monterey,Monterey County,Registrar of Voters,1370 S. Main St # B,,,Salinas,CA,93901,8:00:00,17:00:00,10/17/16,10/21/16,False,False,False,False,106,"1370 S. Main St # B, Salinas, CA 93901",,08:00 AM-05:00 PM,,ho1226727,false,true,,,,poll16320877
ocd-division/country:us/state:ca/county:monterey,Monterey County,Registrar of Voters,1370 S. Main St # B,,,Salinas,CA,93901,8:00:00,17:00:00,10/24/16,10/28/16,False,False,False,False,107,"1370 S. Main St # B, Salinas, CA 93901",,08:00 AM-05:00 PM,,ho1226727,false,true,,,,poll16320877
ocd-division/country:us/state:ca/county:monterey,Monterey County,Registrar of Voters,1370 S. Main St # B,,,Salinas,CA,93901,8:00:00,17:00:00,10/31/16,11/4/16,False,False,False,False,108,"1370 S. Main St # B, Salinas, CA 93901",,08:00 AM-05:00 PM,,ho1226727,false,true,,,,poll16320877
ocd-division/country:us/state:ca/county:monterey,Monterey County,Registrar of Voters,1370 S. Main St # B,,,Salinas,CA,93901,8:00:00,17:00:00,11/7/16,11/7/16,False,False,False,False,109,"1370 S. Main St # B, Salinas, CA 93901",,08:00 AM-05:00 PM,,ho1226727,false,true,,,,poll16320877
ocd-division/country:us/state:ca/county:riverside,Riverside County,Registrar of Voters,2724 Gateway Drive,,,Riverside,CA,92507-0918,8:00:00,17:00:00,10/10/16,10/14/16,False,False,False,False,110,"2724 Gateway Drive, Riverside, CA 92507",,08:00 AM-05:00 PM,,ho45223742,false,true,,,,poll63894622
ocd-division/country:us/state:ca/county:riverside,Riverside County,Registrar of Voters,2724 Gateway Drive,,,Riverside,CA,92507-0918,8:00:00,17:00:00,10/17/16,10/21/16,False,False,False,False,111,"2724 Gateway Drive, Riverside, CA 92507",,08:00 AM-05:00 PM,,ho45223742,false,true,,,,poll63894622
ocd-division/country:us/state:ca/county:riverside,Riverside County,Registrar of Voters,2724 Gateway Drive,,,Riverside,CA,92507-0918,8:00:00,17:00:00,10/24/16,10/28/16,False,False,False,False,112,"2724 Gateway Drive, Riverside, CA 92507",,08:00 AM-05:00 PM,,ho45223742,false,true,,,,poll63894622
ocd-division/country:us/state:ca/county:riverside,Riverside County,Registrar of Voters,2724 Gateway Drive,,,Riverside,CA,92507-0918,8:00:00,17:00:00,10/31/16,11/4/16,False,False,False,False,113,"2724 Gateway Drive, Riverside, CA 92507",,08:00 AM-05:00 PM,,ho45223742,false,true,,,,poll63894622
ocd-division/country:us/state:ca/county:riverside,Riverside County,Registrar of Voters,2724 Gateway Drive,,,Riverside,CA,92507-0918,8:00:00,17:00:00,11/7/16,11/7/16,False,False,False,False,114,"2724 Gateway Drive, Riverside, CA 92507",,08:00 AM-05:00 PM,,ho45223742,false,true,,,,poll63894622
ocd-division/country:us/state:ca/county:san_benito,San Benito County,San Benito County Elections Office ,"440 Fifth Street, 2nd Floor Room 206",,,Hollister,CA,95023,8:00:00,17:00:00,10/11/16,10/14/16,False,False,False,False,115,"440 Fifth Street, 2nd Floor Room 206, Hollister, CA 95023",,08:00 AM-05:00 PM,,ho31962409,false,true,,,,poll8160068
ocd-division/country:us/state:ca/county:san_benito,San Benito County,San Benito County Elections Office ,"440 Fifth Street, 2nd Floor Room 206",,,Hollister,CA,95023,8:00:00,17:00:00,10/17/16,10/21/16,False,False,False,False,116,"440 Fifth Street, 2nd Floor Room 206, Hollister, CA 95023",,08:00 AM-05:00 PM,,ho31962409,false,true,,,,poll8160068
ocd-division/country:us/state:ca/county:san_benito,San Benito County,San Benito County Elections Office ,"440 Fifth Street, 2nd Floor Room 206",,,Hollister,CA,95023,8:00:00,17:00:00,10/24/16,10/28/16,False,False,False,False,117,"440 Fifth Street, 2nd Floor Room 206, Hollister, CA 95023",,08:00 AM-05:00 PM,,ho31962409,false,true,,,,poll8160068
ocd-division/country:us/state:ca/county:san_benito,San Benito County,San Benito County Elections Office ,"440 Fifth Street, 2nd Floor Room 206",,,Hollister,CA,95023,8:00:00,17:00:00,10/31/16,11/4/16,False,False,False,False,118,"440 Fifth Street, 2nd Floor Room 206, Hollister, CA 95023",,08:00 AM-05:00 PM,,ho31962409,false,true,,,,poll8160068
ocd-division/country:us/state:ca/county:san_benito,San Benito County,San Benito County Elections Office ,"440 Fifth Street, 2nd Floor Room 206",,,Hollister,CA,95023,9:00:00,15:00:00,11/5/16,11/6/16,False,False,False,False,119,"440 Fifth Street, 2nd Floor Room 206, Hollister, CA 95023",,09:00 AM-03:00 PM,,ho31962409,false,true,,,,poll8160068
ocd-division/country:us/state:ca/county:san_benito,San Benito County,San Benito County Elections Office ,"440 Fifth Street, 2nd Floor Room 206",,,Hollister,CA,95023,8:00:00,17:00:00,11/7/16,11/7/16,False,False,False,False,120,"440 Fifth Street, 2nd Floor Room 206, Hollister, CA 95023",,08:00 AM-05:00 PM,,ho31962409,false,true,,,,poll8160068
ocd-division/country:us/state:ca/county:san_diego,San Diego County,Registrar of Voters,5600 Overland Avenue,,,San Diego,CA,92123,8:00:00,17:00:00,10/10/16,10/14/16,False,False,False,False,121,"5600 Overland Avenue, San Diego, CA 92123",,08:00 AM-05:00 PM,,ho60954883,false,true,,,,poll91978198
ocd-division/country:us/state:ca/county:san_diego,San Diego County,Registrar of Voters,5600 Overland Avenue,,,San Diego,CA,92123,8:00:00,17:00:00,10/17/16,10/21/16,False,False,False,False,122,"5600 Overland Avenue, San Diego, CA 92123",,08:00 AM-05:00 PM,,ho60954883,false,true,,,,poll91978198
ocd-division/country:us/state:ca/county:san_diego,San Diego County,Registrar of Voters,5600 Overland Avenue,,,San Diego,CA,92123,8:00:00,17:00:00,10/24/16,10/28/16,False,False,False,False,123,"5600 Overland Avenue, San Diego, CA 92123",,08:00 AM-05:00 PM,,ho60954883,false,true,,,,poll91978198
ocd-division/country:us/state:ca/county:san_diego,San Diego County,Registrar of Voters,5600 Overland Avenue,,,San Diego,CA,92123,8:00:00,17:00:00,10/31/16,11/4/16,False,False,False,False,124,"5600 Overland Avenue, San Diego, CA 92123",,08:00 AM-05:00 PM,,ho60954883,false,true,,,,poll91978198
ocd-division/country:us/state:ca/county:san_diego,San Diego County,Registrar of Voters,5600 Overland Avenue,,,San Diego,CA,92123,8:00:00,17:00:00,11/5/16,11/6/16,False,False,False,False,125,"5600 Overland Avenue, San Diego, CA 92123",,08:00 AM-05:00 PM,,ho60954883,false,true,,,,poll91978198
ocd-division/country:us/state:ca/county:san_diego,San Diego County,Registrar of Voters,5600 Overland Avenue,,,San Diego,CA,92123,8:00:00,17:00:00,11/7/16,11/7/16,False,False,False,False,126,"5600 Overland Avenue, San Diego, CA 92123",,08:00 AM-05:00 PM,,ho60954883,false,true,,,,poll91978198
ocd-division/country:us/state:ca/county:san_francisco,San Francisco County,Early Voting Center ,City Hall,"1 Dr. Carlton B. Goodlett Place, Room 48",,,CA,94102,8:00:00,17:00:00,10/11/16,10/14/16,False,False,False,False,127,"City Hall 1 Dr. Carlton B. Goodlett Place, Room 48, , CA 94102",,08:00 AM-05:00 PM,,ho27922668,false,true,,,,poll78885144
ocd-division/country:us/state:ca/county:san_francisco,San Francisco County,Early Voting Center ,City Hall,"1 Dr. Carlton B. Goodlett Place, Room 48",,,CA,94102,8:00:00,17:00:00,10/17/16,10/21/16,False,False,False,False,128,"City Hall 1 Dr. Carlton B. Goodlett Place, Room 48, , CA 94102",,08:00 AM-05:00 PM,,ho27922668,false,true,,,,poll78885144
ocd-division/country:us/state:ca/county:san_francisco,San Francisco County,Early Voting Center ,City Hall,"1 Dr. Carlton B. Goodlett Place, Room 48",,,CA,94102,8:00:00,17:00:00,10/24/16,10/28/16,False,False,False,False,129,"City Hall 1 Dr. Carlton B. Goodlett Place, Room 48, , CA 94102",,08:00 AM-05:00 PM,,ho27922668,false,true,,,,poll78885144
ocd-division/country:us/state:ca/county:san_francisco,San Francisco County,Early Voting Center ,City Hall,"1 Dr. Carlton B. Goodlett Place, Room 48",,,CA,94102,10:00:00,16:00:00,10/29/16,10/30/16,False,False,False,False,130,"City Hall 1 Dr. Carlton B. Goodlett Place, Room 48, , CA 94102",,10:00 AM-04:00 PM,,ho27922668,false,true,,,,poll78885144
ocd-division/country:us/state:ca/county:san_francisco,San Francisco County,Early Voting Center ,City Hall,"1 Dr. Carlton B. Goodlett Place, Room 48",,,CA,94102,8:00:00,17:00:00,10/31/16,11/4/16,False,False,False,False,131,"City Hall 1 Dr. Carlton B. Goodlett Place, Room 48, , CA 94102",,08:00 AM-05:00 PM,,ho27922668,false,true,,,,poll78885144
ocd-division/country:us/state:ca/county:san_francisco,San Francisco County,Early Voting Center ,City Hall,"1 Dr. Carlton B. Goodlett Place, Room 48",,,CA,94102,10:00:00,16:00:00,11/5/16,11/6/16,False,False,False,False,132,"City Hall 1 Dr. Carlton B. Goodlett Place, Room 48, , CA 94102",,10:00 AM-04:00 PM,,ho27922668,false,true,,,,poll78885144
ocd-division/country:us/state:ca/county:san_mateo,San Mateo County,San Mateo County Registration & Elections,40 Tower Road,,,San Mateo,CA,94402,8:00:00,17:00:00,10/11/16,10/14/16,False,False,False,False,133,"40 Tower Road, San Mateo, CA 94402",,08:00 AM-05:00 PM,,ho10449321,false,true,,,,poll13101045
ocd-division/country:us/state:ca/county:san_mateo,San Mateo County,San Mateo County Registration & Elections,40 Tower Road,,,San Mateo,CA,94402,8:00:00,17:00:00,10/17/16,10/21/16,False,False,False,False,134,"40 Tower Road, San Mateo, CA 94402",,08:00 AM-05:00 PM,,ho10449321,false,true,,,,poll13101045
ocd-division/country:us/state:ca/county:san_mateo,San Mateo County,San Mateo County Registration & Elections,40 Tower Road,,,San Mateo,CA,94402,8:00:00,17:00:00,10/24/16,10/28/16,False,False,False,False,135,"40 Tower Road, San Mateo, CA 94402",,08:00 AM-05:00 PM,,ho10449321,false,true,,,,poll13101045
ocd-division/country:us/state:ca/county:san_mateo,San Mateo County,San Mateo County Registration & Elections,40 Tower Road,,,San Mateo,CA,94402,10:00:00,15:00:00,10/29/16,10/29/16,False,False,False,False,136,"40 Tower Road, San Mateo, CA 94402",,10:00 AM-03:00 PM,,ho10449321,false,true,,,,poll13101045
ocd-division/country:us/state:ca/county:san_mateo,San Mateo County,San Mateo County Registration & Elections,40 Tower Road,,,San Mateo,CA,94402,8:00:00,17:00:00,10/31/16,11/4/16,False,False,False,False,137,"40 Tower Road, San Mateo, CA 94402",,08:00 AM-05:00 PM,,ho10449321,false,true,,,,poll13101045
ocd-division/country:us/state:ca/county:san_mateo,San Mateo County,San Mateo County Registration & Elections,40 Tower Road,,,San Mateo,CA,94402,10:00:00,15:00:00,11/5/16,11/5/16,False,False,False,False,138,"40 Tower Road, San Mateo, CA 94402",,10:00 AM-03:00 PM,,ho10449321,false,true,,,,poll13101045
ocd-division/country:us/state:ca/county:san_mateo,San Mateo County,San Mateo County Registration & Elections,40 Tower Road,,,San Mateo,CA,94402,8:00:00,17:00:00,11/7/16,11/7/16,False,False,False,False,139,"40 Tower Road, San Mateo, CA 94402",,08:00 AM-05:00 PM,,ho10449321,false,true,,,,poll13101045
ocd-division/country:us/state:ca/county:san_mateo,San Mateo County,Office of the Assessor-County Clerk-Recorder,"555 County Center, 1st Floor",,,Redwood City,CA,94063,8:00:00,17:00:00,10/11/16,10/14/16,False,False,False,False,140,"555 County Center, 1st Floor, Redwood City, CA 94063",,08:00 AM-05:00 PM,,ho21463823,false,true,,,,poll31547540
ocd-division/country:us/state:ca/county:san_mateo,San Mateo County,Office of the Assessor-County Clerk-Recorder,"555 County Center, 1st Floor",,,Redwood City,CA,94063,8:00:00,17:00:00,10/17/16,10/21/16,False,False,False,False,141,"555 County Center, 1st Floor, Redwood City, CA 94063",,08:00 AM-05:00 PM,,ho21463823,false,true,,,,poll31547540
ocd-division/country:us/state:ca/county:san_mateo,San Mateo County,Office of the Assessor-County Clerk-Recorder,"555 County Center, 1st Floor",,,Redwood City,CA,94063,8:00:00,17:00:00,10/24/16,10/28/16,False,False,False,False,142,"555 County Center, 1st Floor, Redwood City, CA 94063",,08:00 AM-05:00 PM,,ho21463823,false,true,,,,poll31547540
ocd-division/country:us/state:ca/county:san_mateo,San Mateo County,Office of the Assessor-County Clerk-Recorder,"555 County Center, 1st Floor",,,Redwood City,CA,94063,10:00:00,15:00:00,10/29/16,10/29/16,False,False,False,False,143,"555 County Center, 1st Floor, Redwood City, CA 94063",,10:00 AM-03:00 PM,,ho21463823,false,true,,,,poll31547540
ocd-division/country:us/state:ca/county:san_mateo,San Mateo County,Office of the Assessor-County Clerk-Recorder,"555 County Center, 1st Floor",,,Redwood City,CA,94063,8:00:00,17:00:00,10/31/16,11/4/16,False,False,False,False,144,"555 County Center, 1st Floor, Redwood City, CA 94063",,08:00 AM-05:00 PM,,ho21463823,false,true,,,,poll31547540
ocd-division/country:us/state:ca/county:san_mateo,San Mateo County,Office of the Assessor-County Clerk-Recorder,"555 County Center, 1st Floor",,,Redwood City,CA,94063,10:00:00,15:00:00,11/5/16,11/5/16,False,False,False,False,145,"555 County Center, 1st Floor, Redwood City, CA 94063",,10:00 AM-03:00 PM,,ho21463823,false,true,,,,poll31547540
ocd-division/country:us/state:ca/county:san_mateo,San Mateo County,Office of the Assessor-County Clerk-Recorder,"555 County Center, 1st Floor",,,Redwood City,CA,94063,8:00:00,17:00:00,11/7/16,11/7/16,False,False,False,False,146,"555 County Center, 1st Floor, Redwood City, CA 94063",,08:00 AM-05:00 PM,,ho21463823,false,true,,,,poll31547540
ocd-division/country:us/state:ca/county:san_mateo,San Mateo County,South San Francisco Public Library,840 West Orange Avenue,,,South San Francisco,CA,94080,8:00:00,17:00:00,10/11/16,10/14/16,False,False,False,False,147,"840 West Orange Avenue, South San Francisco, CA 94080",,08:00 AM-05:00 PM,,ho83041839,false,true,,,,poll11819629
ocd-division/country:us/state:ca/county:san_mateo,San Mateo County,South San Francisco Public Library,840 West Orange Avenue,,,South San Francisco,CA,94080,8:00:00,17:00:00,10/17/16,10/21/16,False,False,False,False,148,"840 West Orange Avenue, South San Francisco, CA 94080",,08:00 AM-05:00 PM,,ho83041839,false,true,,,,poll11819629
ocd-division/country:us/state:ca/county:san_mateo,San Mateo County,South San Francisco Public Library,840 West Orange Avenue,,,South San Francisco,CA,94080,8:00:00,17:00:00,10/24/16,10/28/16,False,False,False,False,149,"840 West Orange Avenue, South San Francisco, CA 94080",,08:00 AM-05:00 PM,,ho83041839,false,true,,,,poll11819629
ocd-division/country:us/state:ca/county:san_mateo,San Mateo County,South San Francisco Public Library,840 West Orange Avenue,,,South San Francisco,CA,94080,10:00:00,15:00:00,10/29/16,10/29/16,False,False,False,False,150,"840 West Orange Avenue, South San Francisco, CA 94080",,10:00 AM-03:00 PM,,ho83041839,false,true,,,,poll11819629
ocd-division/country:us/state:ca/county:san_mateo,San Mateo County,South San Francisco Public Library,840 West Orange Avenue,,,South San Francisco,CA,94080,8:00:00,17:00:00,10/31/16,11/4/16,False,False,False,False,151,"840 West Orange Avenue, South San Francisco, CA 94080",,08:00 AM-05:00 PM,,ho83041839,false,true,,,,poll11819629
ocd-division/country:us/state:ca/county:san_mateo,San Mateo County,South San Francisco Public Library,840 West Orange Avenue,,,South San Francisco,CA,94080,10:00:00,15:00:00,11/5/16,11/5/16,False,False,False,False,152,"840 West Orange Avenue, South San Francisco, CA 94080",,10:00 AM-03:00 PM,,ho83041839,false,true,,,,poll11819629
ocd-division/country:us/state:ca/county:san_mateo,San Mateo County,South San Francisco Public Library,840 West Orange Avenue,,,South San Francisco,CA,94080,8:00:00,17:00:00,11/7/16,11/7/16,False,False,False,False,153,"840 West Orange Avenue, South San Francisco, CA 94080",,08:00 AM-05:00 PM,,ho83041839,false,true,,,,poll11819629
ocd-division/country:us/state:ca/county:santa_barbara,Santa Barbara County,County Clerk-Recorder-Assessor,4440-a Calle Real,,,Santa Barbara,CA,93110,8:00:00,17:00:00,10/10/16,10/14/16,False,False,False,False,154,"4440-a Calle Real, Santa Barbara, CA 93110",,08:00 AM-05:00 PM,,ho37939285,false,true,,,,poll30546351
ocd-division/country:us/state:ca/county:santa_barbara,Santa Barbara County,County Clerk-Recorder-Assessor,4440-a Calle Real,,,Santa Barbara,CA,93110,8:00:00,17:00:00,10/17/16,10/21/16,False,False,False,False,155,"4440-a Calle Real, Santa Barbara, CA 93110",,08:00 AM-05:00 PM,,ho37939285,false,true,,,,poll30546351
ocd-division/country:us/state:ca/county:santa_barbara,Santa Barbara County,County Clerk-Recorder-Assessor,4440-a Calle Real,,,Santa Barbara,CA,93110,8:00:00,17:00:00,10/24/16,10/28/16,False,False,False,False,156,"4440-a Calle Real, Santa Barbara, CA 93110",,08:00 AM-05:00 PM,,ho37939285,false,true,,,,poll30546351
ocd-division/country:us/state:ca/county:santa_barbara,Santa Barbara County,County Clerk-Recorder-Assessor,4440-a Calle Real,,,Santa Barbara,CA,93110,8:00:00,17:00:00,10/31/16,11/1/16,False,False,False,False,157,"4440-a Calle Real, Santa Barbara, CA 93110",,08:00 AM-05:00 PM,,ho37939285,false,true,,,,poll30546351
ocd-division/country:us/state:ca/county:santa_clara,Santa Clara County,Registrar of Voters,"1555 Berger Drive, Bldg. 2",,,San Jose,CA,95112,8:00:00,17:00:00,10/11/16,10/14/16,False,False,False,False,158,"1555 Berger Drive, Bldg. 2, San Jose, CA 95112",,08:00 AM-05:00 PM,,ho96947314,false,true,,,,poll60402856
ocd-division/country:us/state:ca/county:santa_clara,Santa Clara County,Registrar of Voters,"1555 Berger Drive, Bldg. 2",,,San Jose,CA,95112,8:00:00,17:00:00,10/17/16,10/21/16,False,False,False,False,159,"1555 Berger Drive, Bldg. 2, San Jose, CA 95112",,08:00 AM-05:00 PM,,ho96947314,false,true,,,,poll60402856
ocd-division/country:us/state:ca/county:santa_clara,Santa Clara County,Registrar of Voters,"1555 Berger Drive, Bldg. 2",,,San Jose,CA,95112,8:00:00,17:00:00,10/24/16,10/28/16,False,False,False,False,160,"1555 Berger Drive, Bldg. 2, San Jose, CA 95112",,08:00 AM-05:00 PM,,ho96947314,false,true,,,,poll60402856
ocd-division/country:us/state:ca/county:santa_clara,Santa Clara County,Registrar of Voters,"1555 Berger Drive, Bldg. 2",,,San Jose,CA,95112,9:00:00,15:00:00,10/29/16,10/30/16,False,False,False,False,161,"1555 Berger Drive, Bldg. 2, San Jose, CA 95112",,09:00 AM-03:00 PM,,ho96947314,false,true,,,,poll60402856
ocd-division/country:us/state:ca/county:santa_clara,Santa Clara County,Registrar of Voters,"1555 Berger Drive, Bldg. 2",,,San Jose,CA,95112,8:00:00,17:00:00,10/31/16,11/4/16,False,False,False,False,162,"1555 Berger Drive, Bldg. 2, San Jose, CA 95112",,08:00 AM-05:00 PM,,ho96947314,false,true,,,,poll60402856
ocd-division/country:us/state:ca/county:santa_clara,Santa Clara County,Registrar of Voters,"1555 Berger Drive, Bldg. 2",,,San Jose,CA,95112,9:00:00,15:00:00,11/5/16,11/6/16,False,False,False,False,163,"1555 Berger Drive, Bldg. 2, San Jose, CA 95112",,09:00 AM-03:00 PM,,ho96947314,false,true,,,,poll60402856
ocd-division/country:us/state:ca/county:santa_clara,Santa Clara County,Registrar of Voters,"1555 Berger Drive, Bldg. 2",,,San Jose,CA,95112,8:00:00,17:00:00,11/7/16,11/7/16,False,False,False,False,164,"1555 Berger Drive, Bldg. 2, San Jose, CA 95112",,08:00 AM-05:00 PM,,ho96947314,false,true,,,,poll60402856
ocd-division/country:us/state:ca/county:santa_cruz,Santa Cruz County,County Clerk,"701 Ocean Street, Room 210",,,Santa Cruz,CA,95060-4076,8:00:00,17:00:00,10/11/16,10/14/16,False,False,False,False,165,"701 Ocean Street, Room 210, Santa Cruz, CA 95060",,08:00 AM-05:00 PM,,ho24108230,false,true,,,,poll52902263
ocd-division/country:us/state:ca/county:santa_cruz,Santa Cruz County,County Clerk,"701 Ocean Street, Room 210",,,Santa Cruz,CA,95060-4076,8:00:00,17:00:00,10/17/16,10/21/16,False,False,False,False,166,"701 Ocean Street, Room 210, Santa Cruz, CA 95060",,08:00 AM-05:00 PM,,ho24108230,false,true,,,,poll52902263
ocd-division/country:us/state:ca/county:santa_cruz,Santa Cruz County,County Clerk,"701 Ocean Street, Room 210",,,Santa Cruz,CA,95060-4076,8:00:00,17:00:00,10/24/16,10/28/16,False,False,False,False,167,"701 Ocean Street, Room 210, Santa Cruz, CA 95060",,08:00 AM-05:00 PM,,ho24108230,false,true,,,,poll52902263
ocd-division/country:us/state:ca/county:santa_cruz,Santa Cruz County,County Clerk,"701 Ocean Street, Room 210",,,Santa Cruz,CA,95060-4076,8:00:00,17:00:00,10/31/16,11/4/16,False,False,False,False,168,"701 Ocean Street, Room 210, Santa Cruz, CA 95060",,08:00 AM-05:00 PM,,ho24108230,false,true,,,,poll52902263
ocd-division/country:us/state:ca/county:santa_cruz,Santa Cruz County,County Clerk,"701 Ocean Street, Room 210",,,Santa Cruz,CA,95060-4076,8:00:00,17:00:00,11/7/16,11/7/16,False,False,False,False,169,"701 Ocean Street, Room 210, Santa Cruz, CA 95060",,08:00 AM-05:00 PM,,ho24108230,false,true,,,,poll52902263
ocd-division/country:us/state:ca/county:santa_cruz,Santa Cruz County,City Clerk,275 Main St Suite 400 4th Floor,,,Watsonville,CA,95076,8:00:00,17:00:00,10/11/16,10/14/16,False,False,False,False,170,"275 Main St Suite 400 4th Floor, Watsonville, CA 95076",,08:00 AM-05:00 PM,,ho80800979,false,true,,,,poll69160685
ocd-division/country:us/state:ca/county:santa_cruz,Santa Cruz County,City Clerk,275 Main St Suite 400 4th Floor,,,Watsonville,CA,95076,8:00:00,17:00:00,10/17/16,10/21/16,False,False,False,False,171,"275 Main St Suite 400 4th Floor, Watsonville, CA 95076",,08:00 AM-05:00 PM,,ho80800979,false,true,,,,poll69160685
ocd-division/country:us/state:ca/county:santa_cruz,Santa Cruz County,City Clerk,275 Main St Suite 400 4th Floor,,,Watsonville,CA,95076,8:00:00,17:00:00,10/24/16,10/28/16,False,False,False,False,172,"275 Main St Suite 400 4th Floor, Watsonville, CA 95076",,08:00 AM-05:00 PM,,ho80800979,false,true,,,,poll69160685
ocd-division/country:us/state:ca/county:santa_cruz,Santa Cruz County,City Clerk,275 Main St Suite 400 4th Floor,,,Watsonville,CA,95076,8:00:00,17:00:00,10/31/16,11/4/16,False,False,False,False,173,"275 Main St Suite 400 4th Floor, Watsonville, CA 95076",,08:00 AM-05:00 PM,,ho80800979,false,true,,,,poll69160685
ocd-division/country:us/state:ca/county:santa_cruz,Santa Cruz County,City Clerk,275 Main St Suite 400 4th Floor,,,Watsonville,CA,95076,8:00:00,17:00:00,11/7/16,11/7/16,False,False,False,False,174,"275 Main St Suite 400 4th Floor, Watsonville, CA 95076",,08:00 AM-05:00 PM,,ho80800979,false,true,,,,poll69160685
ocd-division/country:us/state:ca/county:shasta,Shasta County,Shasta County Clerk/Elections Office,,1643 Market Street,,Redding,CA,96002,8:00:00,17:00:00,10/10/16,10/14/16,False,False,False,False,175,"1643 Market Street, Redding, CA 96002",,08:00 AM-05:00 PM,,ho75445722,false,true,,,,poll89113059
ocd-division/country:us/state:ca/county:shasta,Shasta County,Shasta County Clerk/Elections Office,,1643 Market Street,,Redding,CA,96002,8:00:00,17:00:00,10/17/16,10/21/16,False,False,False,False,176,"1643 Market Street, Redding, CA 96002",,08:00 AM-05:00 PM,,ho75445722,false,true,,,,poll89113059
ocd-division/country:us/state:ca/county:shasta,Shasta County,Shasta County Clerk/Elections Office,,1643 Market Street,,Redding,CA,96002,8:00:00,17:00:00,10/24/16,10/28/16,False,False,False,False,177,"1643 Market Street, Redding, CA 96002",,08:00 AM-05:00 PM,,ho75445722,false,true,,,,poll89113059
ocd-division/country:us/state:ca/county:shasta,Shasta County,Shasta County Clerk/Elections Office,,1643 Market Street,,Redding,CA,96002,8:00:00,17:00:00,10/31/16,11/4/16,False,False,False,False,178,"1643 Market Street, Redding, CA 96002",,08:00 AM-05:00 PM,,ho75445722,false,true,,,,poll89113059
ocd-division/country:us/state:ca/county:shasta,Shasta County,Shasta County Clerk/Elections Office,,1643 Market Street,,Redding,CA,96002,8:00:00,17:00:00,11/7/16,11/7/16,False,False,False,False,179,"1643 Market Street, Redding, CA 96002",,08:00 AM-05:00 PM,,ho75445722,false,true,,,,poll89113059
ocd-division/country:us/state:ca/county:solano,Solano County,Registrar of Voters,"675 Texas Street, Ste 2600",,,Fairfield,CA,94533,8:00:00,17:00:00,10/11/16,10/14/16,False,False,False,False,180,"675 Texas Street, Ste 2600, Fairfield, CA 94533",,08:00 AM-05:00 PM,,ho1930766,false,true,,,,poll66624871
ocd-division/country:us/state:ca/county:solano,Solano County,Registrar of Voters,"675 Texas Street, Ste 2600",,,Fairfield,CA,94533,8:00:00,17:00:00,10/17/16,10/21/16,False,False,False,False,181,"675 Texas Street, Ste 2600, Fairfield, CA 94533",,08:00 AM-05:00 PM,,ho1930766,false,true,,,,poll66624871
ocd-division/country:us/state:ca/county:solano,Solano County,Registrar of Voters,"675 Texas Street, Ste 2600",,,Fairfield,CA,94533,8:00:00,17:00:00,10/24/16,10/28/16,False,False,False,False,182,"675 Texas Street, Ste 2600, Fairfield, CA 94533",,08:00 AM-05:00 PM,,ho1930766,false,true,,,,poll66624871
ocd-division/country:us/state:ca/county:solano,Solano County,Registrar of Voters,"675 Texas Street, Ste 2600",,,Fairfield,CA,94533,8:00:00,17:00:00,10/31/16,11/4/16,False,False,False,False,183,"675 Texas Street, Ste 2600, Fairfield, CA 94533",,08:00 AM-05:00 PM,,ho1930766,false,true,,,,poll66624871
ocd-division/country:us/state:ca/county:solano,Solano County,Registrar of Voters,"675 Texas Street, Ste 2600",,,Fairfield,CA,94533,8:00:00,17:00:00,11/5/16,11/5/16,False,False,False,False,184,"675 Texas Street, Ste 2600, Fairfield, CA 94533",,08:00 AM-05:00 PM,,ho1930766,false,true,,,,poll66624871
ocd-division/country:us/state:ca/county:solano,Solano County,Registrar of Voters,"675 Texas Street, Ste 2600",,,Fairfield,CA,94533,8:00:00,17:00:00,11/7/16,11/7/16,False,False,False,False,185,"675 Texas Street, Ste 2600, Fairfield, CA 94533",,08:00 AM-05:00 PM,,ho1930766,false,true,,,,poll66624871
ocd-division/country:us/state:ca/county:stanislaus,Stanislaus County,Stanislaus County Registrar of Voters office,1021 I Street,,,Modesto,CA,95354,8:00:00,16:00:00,10/11/16,10/14/16,False,False,False,False,186,"1021 I Street, Modesto, CA 95354",,08:00 AM-04:00 PM,,ho44979037,false,true,,,,poll26791746
ocd-division/country:us/state:ca/county:stanislaus,Stanislaus County,Stanislaus County Registrar of Voters office,1021 I Street,,,Modesto,CA,95354,8:00:00,16:00:00,10/17/16,10/21/16,False,False,False,False,187,"1021 I Street, Modesto, CA 95354",,08:00 AM-04:00 PM,,ho44979037,false,true,,,,poll26791746
ocd-division/country:us/state:ca/county:stanislaus,Stanislaus County,Stanislaus County Registrar of Voters office,1021 I Street,,,Modesto,CA,95354,8:00:00,16:00:00,10/24/16,10/28/16,False,False,False,False,188,"1021 I Street, Modesto, CA 95354",,08:00 AM-04:00 PM,,ho44979037,false,true,,,,poll26791746
ocd-division/country:us/state:ca/county:stanislaus,Stanislaus County,Stanislaus County Registrar of Voters office,1021 I Street,,,Modesto,CA,95354,8:00:00,16:00:00,10/31/16,11/4/16,False,False,False,False,189,"1021 I Street, Modesto, CA 95354",,08:00 AM-04:00 PM,,ho44979037,false,true,,,,poll26791746
ocd-division/country:us/state:ca/county:stanislaus,Stanislaus County,Stanislaus County Registrar of Voters office,1021 I Street,,,Modesto,CA,95354,8:00:00,16:00:00,11/5/16,11/5/16,False,False,False,False,190,"1021 I Street, Modesto, CA 95354",,08:00 AM-04:00 PM,,ho44979037,false,true,,,,poll26791746
ocd-division/country:us/state:ca/county:stanislaus,Stanislaus County,Stanislaus County Registrar of Voters office,1021 I Street,,,Modesto,CA,95354,8:00:00,16:00:00,11/7/16,11/7/16,False,False,False,False,191,"1021 I Street, Modesto, CA 95354",,08:00 AM-04:00 PM,,ho44979037,false,true,,,,poll26791746
ocd-division/country:us/state:ca/county:tulare,Tulare County,Registrar of Voters,5951 S. Mooney Blvd,,,Visalia,CA,93277,7:30:00,17:30:00,10/10/16,10/13/16,False,False,False,False,192,"5951 S. Mooney Blvd, Visalia, CA 93277",,07:30 AM-05:30 PM,,ho14432856,false,true,,,,poll39417218
ocd-division/country:us/state:ca/county:tulare,Tulare County,Registrar of Voters,5951 S. Mooney Blvd,,,Visalia,CA,93277,8:00:00,12:00:00,10/14/16,10/14/16,False,False,False,False,193,"5951 S. Mooney Blvd, Visalia, CA 93277",,08:00 AM-12:00 PM,,ho14432856,false,true,,,,poll39417218
ocd-division/country:us/state:ca/county:tulare,Tulare County,Registrar of Voters,5951 S. Mooney Blvd,,,Visalia,CA,93277,7:30:00,17:30:00,10/17/16,10/20/16,False,False,False,False,194,"5951 S. Mooney Blvd, Visalia, CA 93277",,07:30 AM-05:30 PM,,ho14432856,false,true,,,,poll39417218
ocd-division/country:us/state:ca/county:tulare,Tulare County,Registrar of Voters,5951 S. Mooney Blvd,,,Visalia,CA,93277,8:00:00,12:00:00,10/21/16,10/21/16,False,False,False,False,195,"5951 S. Mooney Blvd, Visalia, CA 93277",,08:00 AM-12:00 PM,,ho14432856,false,true,,,,poll39417218
ocd-division/country:us/state:ca/county:tulare,Tulare County,Registrar of Voters,5951 S. Mooney Blvd,,,Visalia,CA,93277,7:30:00,17:30:00,10/24/16,10/27/16,False,False,False,False,196,"5951 S. Mooney Blvd, Visalia, CA 93277",,07:30 AM-05:30 PM,,ho14432856,false,true,,,,poll39417218
ocd-division/country:us/state:ca/county:tulare,Tulare County,Registrar of Voters,5951 S. Mooney Blvd,,,Visalia,CA,93277,8:00:00,12:00:00,10/28/16,10/28/16,False,False,False,False,197,"5951 S. Mooney Blvd, Visalia, CA 93277",,08:00 AM-12:00 PM,,ho14432856,false,true,,,,poll39417218
ocd-division/country:us/state:ca/county:tulare,Tulare County,Registrar of Voters,5951 S. Mooney Blvd,,,Visalia,CA,93277,7:30:00,17:30:00,10/31/16,11/3/16,False,False,False,False,198,"5951 S. Mooney Blvd, Visalia, CA 93277",,07:30 AM-05:30 PM,,ho14432856,false,true,,,,poll39417218
ocd-division/country:us/state:ca/county:tulare,Tulare County,Registrar of Voters,5951 S. Mooney Blvd,,,Visalia,CA,93277,8:00:00,12:00:00,11/4/16,11/4/16,False,False,False,False,199,"5951 S. Mooney Blvd, Visalia, CA 93277",,08:00 AM-12:00 PM,,ho14432856,false,true,,,,poll39417218
ocd-division/country:us/state:ca/county:tulare,Tulare County,Registrar of Voters,5951 S. Mooney Blvd,,,Visalia,CA,93277,8:00:00,17:00:00,11/5/16,11/5/16,False,False,False,False,200,"5951 S. Mooney Blvd, Visalia, CA 93277",,08:00 AM-05:00 PM,,ho14432856,false,true,,,,poll39417218
ocd-division/country:us/state:ca/county:tulare,Tulare County,Registrar of Voters,5951 S. Mooney Blvd,,,Visalia,CA,93277,7:30:00,17:30:00,11/7/16,11/7/16,False,False,False,False,201,"5951 S. Mooney Blvd, Visalia, CA 93277",,07:30 AM-05:30 PM,,ho14432856,false,true,,,,poll39417218
ocd-division/country:us/state:ca/county:tuolumne,Tuolumne County,Election Office,2 South Green St,,,Sonora,CA,95370,8:00:00,17:00:00,10/10/16,10/14/16,False,False,False,False,202,"2 South Green St, Sonora, CA 95370",,08:00 AM-05:00 PM,,ho78231746,false,true,,,,poll19002651
ocd-division/country:us/state:ca/county:tuolumne,Tuolumne County,Election Office,2 South Green St,,,Sonora,CA,95370,8:00:00,17:00:00,10/17/16,10/21/16,False,False,False,False,203,"2 South Green St, Sonora, CA 95370",,08:00 AM-05:00 PM,,ho78231746,false,true,,,,poll19002651
ocd-division/country:us/state:ca/county:tuolumne,Tuolumne County,Election Office,2 South Green St,,,Sonora,CA,95370,8:00:00,17:00:00,10/24/16,10/28/16,False,False,False,False,204,"2 South Green St, Sonora, CA 95370",,08:00 AM-05:00 PM,,ho78231746,false,true,,,,poll19002651
ocd-division/country:us/state:ca/county:tuolumne,Tuolumne County,Election Office,2 South Green St,,,Sonora,CA,95370,8:00:00,17:00:00,10/31/16,11/4/16,False,False,False,False,205,"2 South Green St, Sonora, CA 95370",,08:00 AM-05:00 PM,,ho78231746,false,true,,,,poll19002651
ocd-division/country:us/state:ca/county:tuolumne,Tuolumne County,Election Office,2 South Green St,,,Sonora,CA,95370,9:00:00,17:00:00,11/5/16,11/5/16,False,False,False,False,206,"2 South Green St, Sonora, CA 95370",,09:00 AM-05:00 PM,,ho78231746,false,true,,,,poll19002651
ocd-division/country:us/state:ca/county:ventura,Ventura County,County Clerk-Recorder-Registrar of Voters,"800 S. Victoria Avenue, L-1200",,,Ventura,CA,93009-1200,8:00:00,17:00:00,10/10/16,10/14/16,False,False,False,False,207,"800 S. Victoria Avenue, L-1200, Ventura, CA 93009",,08:00 AM-05:00 PM,,ho62755735,false,true,,,,poll81173047
ocd-division/country:us/state:ca/county:ventura,Ventura County,County Clerk-Recorder-Registrar of Voters,"800 S. Victoria Avenue, L-1200",,,Ventura,CA,93009-1200,8:00:00,17:00:00,10/17/16,10/21/16,False,False,False,False,208,"800 S. Victoria Avenue, L-1200, Ventura, CA 93009",,08:00 AM-05:00 PM,,ho62755735,false,true,,,,poll81173047
ocd-division/country:us/state:ca/county:ventura,Ventura County,County Clerk-Recorder-Registrar of Voters,"800 S. Victoria Avenue, L-1200",,,Ventura,CA,93009-1200,8:00:00,17:00:00,10/24/16,10/28/16,False,False,False,False,209,"800 S. Victoria Avenue, L-1200, Ventura, CA 93009",,08:00 AM-05:00 PM,,ho62755735,false,true,,,,poll81173047
ocd-division/country:us/state:ca/county:ventura,Ventura County,County Clerk-Recorder-Registrar of Voters,"800 S. Victoria Avenue, L-1200",,,Ventura,CA,93009-1200,8:00:00,17:00:00,10/31/16,11/4/16,False,False,False,False,210,"800 S. Victoria Avenue, L-1200, Ventura, CA 93009",,08:00 AM-05:00 PM,,ho62755735,false,true,,,,poll81173047
ocd-division/country:us/state:ca/county:ventura,Ventura County,County Clerk-Recorder-Registrar of Voters,"800 S. Victoria Avenue, L-1200",,,Ventura,CA,93009-1200,8:00:00,17:00:00,11/5/16,11/5/16,False,False,False,False,211,"800 S. Victoria Avenue, L-1200, Ventura, CA 93009",,08:00 AM-05:00 PM,,ho62755735,false,true,,,,poll81173047
ocd-division/country:us/state:ca/county:ventura,Ventura County,County Clerk-Recorder-Registrar of Voters,"800 S. Victoria Avenue, L-1200",,,Ventura,CA,93009-1200,8:00:00,17:00:00,11/7/16,11/7/16,False,False,False,False,212,"800 S. Victoria Avenue, L-1200, Ventura, CA 93009",,08:00 AM-05:00 PM,,ho62755735,false,true,,,,poll81173047
ocd-division/country:us/state:ca/county:yolo,Yolo County,Yolo County Elections Department,"625 Court Street, Room B-05",,,Woodland,CA,95695,8:00:00,17:00:00,10/10/16,10/14/16,False,False,False,False,213,"625 Court Street, Room B-05, Woodland, CA 95695",,08:00 AM-05:00 PM,,ho67663871,false,true,,,,poll92646892
ocd-division/country:us/state:ca/county:yolo,Yolo County,Yolo County Elections Department,"625 Court Street, Room B-05",,,Woodland,CA,95695,8:00:00,17:00:00,10/17/16,10/21/16,False,False,False,False,214,"625 Court Street, Room B-05, Woodland, CA 95695",,08:00 AM-05:00 PM,,ho67663871,false,true,,,,poll92646892
ocd-division/country:us/state:ca/county:yolo,Yolo County,Yolo County Elections Department,"625 Court Street, Room B-05",,,Woodland,CA,95695,8:00:00,17:00:00,10/24/16,10/28/16,False,False,False,False,215,"625 Court Street, Room B-05, Woodland, CA 95695",,08:00 AM-05:00 PM,,ho67663871,false,true,,,,poll92646892
ocd-division/country:us/state:ca/county:yolo,Yolo County,Yolo County Elections Department,"625 Court Street, Room B-05",,,Woodland,CA,95695,8:00:00,17:00:00,10/31/16,11/4/16,False,False,False,False,216,"625 Court Street, Room B-05, Woodland, CA 95695",,08:00 AM-05:00 PM,,ho67663871,false,true,,,,poll92646892
ocd-division/country:us/state:ca/county:yolo,Yolo County,Yolo County Elections Department,"625 Court Street, Room B-05",,,Woodland,CA,95695,8:00:00,17:00:00,11/7/16,11/7/16,False,False,False,False,217,"625 Court Street, Room B-05, Woodland, CA 95695",,08:00 AM-05:00 PM,,ho67663871,false,true,,,,poll92646892
