office-name,official-title,types,ocd-division,division-description,phone,email,,street,city,state,zip,start_time,end_time,start_date,end_date,notes
Beaverhead County,County Election Administrator,":election,:registration",ocd-division/country:us/state:mt/county:beaverhead,Beaverhead County MT,(406) 683-3720,dscott@beaverheadcounty.org,,2 S Pacific St No 3,Dillon,MT,59725,08:00:00 - 06:00,17:00:00 - 06:00,10-11-2016,10-14-2016,
Beaverhead County,County Election Administrator,":election,:registration",ocd-division/country:us/state:mt/county:beaverhead,Beaverhead County MT,(406) 683-3720,dscott@beaverheadcounty.org,,2 S Pacific St No 3,Dillon,MT,59725,08:00:00 - 06:00,17:00:00 - 06:00,10-17-2016,10-21-2016,
Beaverhead County,County Election Administrator,":election,:registration",ocd-division/country:us/state:mt/county:beaverhead,Beaverhead County MT,(406) 683-3720,dscott@beaverheadcounty.org,,2 S Pacific St No 3,Dillon,MT,59725,08:00:00 - 06:00,17:00:00 - 06:00,10-24-2016,10-28-2016,
Beaverhead County,County Election Administrator,":election,:registration",ocd-division/country:us/state:mt/county:beaverhead,Beaverhead County MT,(406) 683-3720,dscott@beaverheadcounty.org,,2 S Pacific St No 3,Dillon,MT,59725,08:00:00 - 06:00,17:00:00 - 06:00,10-31-2016,11-04-2016,
Beaverhead County,County Election Administrator,":election,:registration",ocd-division/country:us/state:mt/county:beaverhead,Beaverhead County MT,(406) 683-3720,dscott@beaverheadcounty.org,,2 S Pacific St No 3,Dillon,MT,59725,08:00:00 - 07:00,12:00:00 - 07:00,11-07-2016,11-07-2016,
Big Horn County,County Election Administrator,":election,:registration",ocd-division/country:us/state:mt/county:big_horn,Big Horn County MT,(406) 665-9704,dbeardontwalk@bighorncountymt.gov,,121 3rd St W Room 203,Hardin,MT,59034,08:00:00 - 06:00,17:00:00 - 06:00,10-11-2016,10-14-2016,
Big Horn County,County Election Administrator,":election,:registration",ocd-division/country:us/state:mt/county:big_horn,Big Horn County MT,(406) 665-9704,dbeardontwalk@bighorncountymt.gov,,121 3rd St W Room 203,Hardin,MT,59034,08:00:00 - 06:00,17:00:00 - 06:00,10-17-2016,10-21-2016,
Big Horn County,County Election Administrator,":election,:registration",ocd-division/country:us/state:mt/county:big_horn,Big Horn County MT,(406) 665-9704,dbeardontwalk@bighorncountymt.gov,,121 3rd St W Room 203,Hardin,MT,59034,08:00:00 - 06:00,17:00:00 - 06:00,10-24-2016,10-28-2016,
Big Horn County,County Election Administrator,":election,:registration",ocd-division/country:us/state:mt/county:big_horn,Big Horn County MT,(406) 665-9704,dbeardontwalk@bighorncountymt.gov,,121 3rd St W Room 203,Hardin,MT,59034,08:00:00 - 06:00,17:00:00 - 06:00,10-31-2016,11-04-2016,
Big Horn County,County Election Administrator,":election,:registration",ocd-division/country:us/state:mt/county:big_horn,Big Horn County MT,(406) 665-9704,dbeardontwalk@bighorncountymt.gov,,121 3rd St W Room 203,Hardin,MT,59034,08:00:00 - 07:00,12:00:00 - 07:00,11-07-2016,11-07-2016,
Big Horn County,County Election Administrator,":election,:registration",ocd-division/country:us/state:mt/county:big_horn,Big Horn County MT,(406) 665-9704,dbeardontwalk@bighorncountymt.gov,Northern Cheyenne Tribal School Gymnasium,#1 Campus Dr,Busby,MT,59016,10:00:00 - 06:00,15:00:00 - 06:00,10-11-2016,10-11-2016,
Big Horn County,County Election Administrator,":election,:registration",ocd-division/country:us/state:mt/county:big_horn,Big Horn County MT,(406) 665-9704,dbeardontwalk@bighorncountymt.gov,Northern Cheyenne Tribal School Gymnasium,#1 Campus Dr,Busby,MT,59016,10:00:00 - 06:00,15:00:00 - 06:00,10-18-2016,10-18-2016,
Big Horn County,County Election Administrator,":election,:registration",ocd-division/country:us/state:mt/county:big_horn,Big Horn County MT,(406) 665-9704,dbeardontwalk@bighorncountymt.gov,Northern Cheyenne Tribal School Gymnasium,#1 Campus Dr,Busby,MT,59016,10:00:00 - 06:00,15:00:00 - 06:00,10-25-2016,10-25-2016,
Big Horn County,County Election Administrator,":election,:registration",ocd-division/country:us/state:mt/county:big_horn,Big Horn County MT,(406) 665-9704,dbeardontwalk@bighorncountymt.gov,Northern Cheyenne Tribal School Gymnasium,#1 Campus Dr,Busby,MT,59016,10:00:00 - 07:00,15:00:00 - 07:00,11-01-2016,11-01-2016,
Big Horn County,County Election Administrator,":election,:registration",ocd-division/country:us/state:mt/county:big_horn,Big Horn County MT,(406) 665-9704,dbeardontwalk@bighorncountymt.gov,Little Big Horn College Student Union Bldg,8645 South Weaver Drive,Crow Agency,MT,59022,09:00:00 - 06:00,13:00:00 - 06:00,10-12-2016,10-13-2016,
Big Horn County,County Election Administrator,":election,:registration",ocd-division/country:us/state:mt/county:big_horn,Big Horn County MT,(406) 665-9704,dbeardontwalk@bighorncountymt.gov,Little Big Horn College Student Union Bldg,8645 South Weaver Drive,Crow Agency,MT,59022,14:00:00 - 06:00,17:00:00 - 06:00,10-12-2016,10-13-2016,
Big Horn County,County Election Administrator,":election,:registration",ocd-division/country:us/state:mt/county:big_horn,Big Horn County MT,(406) 665-9704,dbeardontwalk@bighorncountymt.gov,Little Big Horn College Student Union Bldg,8645 South Weaver Drive,Crow Agency,MT,59022,09:00:00 - 06:00,13:00:00 - 06:00,10-19-2016,10-20-2016,
Big Horn County,County Election Administrator,":election,:registration",ocd-division/country:us/state:mt/county:big_horn,Big Horn County MT,(406) 665-9704,dbeardontwalk@bighorncountymt.gov,Little Big Horn College Student Union Bldg,8645 South Weaver Drive,Crow Agency,MT,59022,14:00:00 - 06:00,17:00:00 - 06:00,10-19-2016,10-20-2016,
Big Horn County,County Election Administrator,":election,:registration",ocd-division/country:us/state:mt/county:big_horn,Big Horn County MT,(406) 665-9704,dbeardontwalk@bighorncountymt.gov,Little Big Horn College Student Union Bldg,8645 South Weaver Drive,Crow Agency,MT,59022,09:00:00 - 06:00,13:00:00 - 06:00,10-26-2016,10-27-2016,
Big Horn County,County Election Administrator,":election,:registration",ocd-division/country:us/state:mt/county:big_horn,Big Horn County MT,(406) 665-9704,dbeardontwalk@bighorncountymt.gov,Little Big Horn College Student Union Bldg,8645 South Weaver Drive,Crow Agency,MT,59022,14:00:00 - 06:00,17:00:00 - 06:00,10-26-2016,10-27-2016,
Big Horn County,County Election Administrator,":election,:registration",ocd-division/country:us/state:mt/county:big_horn,Big Horn County MT,(406) 665-9704,dbeardontwalk@bighorncountymt.gov,Little Big Horn College Student Union Bldg,8645 South Weaver Drive,Crow Agency,MT,59022,09:00:00 - 06:00,13:00:00 - 06:00,11-02-2016,11-03-2016,
Big Horn County,County Election Administrator,":election,:registration",ocd-division/country:us/state:mt/county:big_horn,Big Horn County MT,(406) 665-9704,dbeardontwalk@bighorncountymt.gov,Little Big Horn College Student Union Bldg,8645 South Weaver Drive,Crow Agency,MT,59022,14:00:00 - 06:00,17:00:00 - 06:00,11-02-2016,11-03-2016,
Blaine County,County Election Administrator,":election,:registration",ocd-division/country:us/state:mt/county:blaine,Blaine County MT,(406) 357-3240,sboardman@blainecounty-mt.gov,,420 Ohio St,Chinook,MT,59523,08:00:00 - 06:00,17:00:00 - 06:00,10-11-2016,10-11-2016,
Blaine County,County Election Administrator,":election,:registration",ocd-division/country:us/state:mt/county:blaine,Blaine County MT,(406) 357-3240,sboardman@blainecounty-mt.gov,Fort Belknap Agency,210 Chippewa Ave,Harlem,MT,59526,10:00:00 - 06:00,17:00:00 - 06:00,10-12-2016,10-13-2016,
Blaine County,County Election Administrator,":election,:registration",ocd-division/country:us/state:mt/county:blaine,Blaine County MT,(406) 357-3240,sboardman@blainecounty-mt.gov,,197 Thunderbird Lane,Hays,MT,59527,10:00:00 - 06:00,16:00:00 - 06:00,10-14-2016,10-14-2016,
Blaine County,County Election Administrator,":election,:registration",ocd-division/country:us/state:mt/county:blaine,Blaine County MT,(406) 357-3240,sboardman@blainecounty-mt.gov,,420 Ohio St,Chinook,MT,59523,08:00:00 - 06:00,17:00:00 - 06:00,10-17-2016,10-18-2016,
Blaine County,County Election Administrator,":election,:registration",ocd-division/country:us/state:mt/county:blaine,Blaine County MT,(406) 357-3240,sboardman@blainecounty-mt.gov,Fort Belknap Agency,210 Chippewa Ave,Harlem,MT,59526,10:00:00 - 06:00,17:00:00 - 06:00,10-19-2016,10-20-2016,
Blaine County,County Election Administrator,":election,:registration",ocd-division/country:us/state:mt/county:blaine,Blaine County MT,(406) 357-3240,sboardman@blainecounty-mt.gov,,420 Ohio St,Chinook,MT,59523,08:00:00 - 06:00,17:00:00 - 06:00,10-21-2016,10-25-2016,
Blaine County,County Election Administrator,":election,:registration",ocd-division/country:us/state:mt/county:blaine,Blaine County MT,(406) 357-3240,sboardman@blainecounty-mt.gov,Fort Belknap Agency,210 Chippewa Ave,Harlem,MT,59526,10:00:00 - 06:00,17:00:00 - 06:00,10-26-2016,10-27-2016,
Blaine County,County Election Administrator,":election,:registration",ocd-division/country:us/state:mt/county:blaine,Blaine County MT,(406) 357-3240,sboardman@blainecounty-mt.gov,,163 Dora Helgeson Road,Hays,MT,59527,10:00:00 - 06:00,16:00:00 - 06:00,10-28-2016,10-28-2016,
Blaine County,County Election Administrator,":election,:registration",ocd-division/country:us/state:mt/county:blaine,Blaine County MT,(406) 357-3240,sboardman@blainecounty-mt.gov,,420 Ohio St,Chinook,MT,59523,08:00:00 - 06:00,17:00:00 - 06:00,10-31-2016,11-01-2016,
Blaine County,County Election Administrator,":election,:registration",ocd-division/country:us/state:mt/county:blaine,Blaine County MT,(406) 357-3240,sboardman@blainecounty-mt.gov,Fort Belknap Agency,210 Chippewa Ave,Harlem,MT,59526,10:00:00 - 06:00,17:00:00 - 06:00,11-02-2016,11-03-2016,
Blaine County,County Election Administrator,":election,:registration",ocd-division/country:us/state:mt/county:blaine,Blaine County MT,(406) 357-3240,sboardman@blainecounty-mt.gov,,420 Ohio St,Chinook,MT,59523,08:00:00 - 06:00,17:00:00 - 06:00,11-04-2016,11-04-2016,
Blaine County,County Election Administrator,":election,:registration",ocd-division/country:us/state:mt/county:blaine,Blaine County MT,(406) 357-3240,sboardman@blainecounty-mt.gov,,420 Ohio St,Chinook,MT,59523,08:00:00 - 07:00,12:00:00 - 07:00,11-07-2016,11-07-2016,
Broadwater County,County Election Administrator,":election,:registration",ocd-division/country:us/state:mt/county:broadwater,Broadwater County MT,(406) 266-3443,dellis@co.broadwater.mt.us,,515 Broadway St,Townsend,MT,59644,08:00:00 - 06:00,17:00:00 - 06:00,10-11-2016,10-14-2016,
Broadwater County,County Election Administrator,":election,:registration",ocd-division/country:us/state:mt/county:broadwater,Broadwater County MT,(406) 266-3443,dellis@co.broadwater.mt.us,,515 Broadway St,Townsend,MT,59644,08:00:00 - 06:00,17:00:00 - 06:00,10-17-2016,10-21-2016,
Broadwater County,County Election Administrator,":election,:registration",ocd-division/country:us/state:mt/county:broadwater,Broadwater County MT,(406) 266-3443,dellis@co.broadwater.mt.us,,515 Broadway St,Townsend,MT,59644,08:00:00 - 06:00,17:00:00 - 06:00,10-24-2016,10-28-2016,
Broadwater County,County Election Administrator,":election,:registration",ocd-division/country:us/state:mt/county:broadwater,Broadwater County MT,(406) 266-3443,dellis@co.broadwater.mt.us,,515 Broadway St,Townsend,MT,59644,08:00:00 - 06:00,17:00:00 - 06:00,10-31-2016,11-04-2016,
Broadwater County,County Election Administrator,":election,:registration",ocd-division/country:us/state:mt/county:broadwater,Broadwater County MT,(406) 266-3443,dellis@co.broadwater.mt.us,,515 Broadway St,Townsend,MT,59644,08:00:00 - 07:00,12:00:00 - 07:00,11-07-2016,11-07-2016,
Carbon County,County Election Administrator,":election,:registration",ocd-division/country:us/state:mt/county:carbon,Carbon County MT,(406) 446-1220,elections@co.carbon.mt.us,,17 West 11th St.,Red Lodge,MT,59068,08:00:00 - 06:00,17:00:00 - 06:00,10-11-2016,10-14-2016,
Carbon County,County Election Administrator,":election,:registration",ocd-division/country:us/state:mt/county:carbon,Carbon County MT,(406) 446-1220,elections@co.carbon.mt.us,,17 West 11th St.,Red Lodge,MT,59068,08:00:00 - 06:00,17:00:00 - 06:00,10-17-2016,10-21-2016,
Carbon County,County Election Administrator,":election,:registration",ocd-division/country:us/state:mt/county:carbon,Carbon County MT,(406) 446-1220,elections@co.carbon.mt.us,,17 West 11th St.,Red Lodge,MT,59068,08:00:00 - 06:00,17:00:00 - 06:00,10-24-2016,10-28-2016,
Carbon County,County Election Administrator,":election,:registration",ocd-division/country:us/state:mt/county:carbon,Carbon County MT,(406) 446-1220,elections@co.carbon.mt.us,,17 West 11th St.,Red Lodge,MT,59068,08:00:00 - 06:00,17:00:00 - 06:00,10-31-2016,11-04-2016,
Carbon County,County Election Administrator,":election,:registration",ocd-division/country:us/state:mt/county:carbon,Carbon County MT,(406) 446-1220,elections@co.carbon.mt.us,,17 West 11th St.,Red Lodge,MT,59068,08:00:00 - 07:00,12:00:00 - 07:00,11-07-2016,11-07-2016,
Carbon County,County Election Administrator,":election,:registration",ocd-division/country:us/state:mt/county:carbon,Carbon County MT,(406) 446-1220,elections@co.carbon.mt.us,,17 West 11th St.,Red Lodge,MT,59068,07:00:00 - 07:00,20:00:00 - 07:00,11-08-2016,11-08-2016,
Carter County,County Election Administrator,":election,:registration",ocd-division/country:us/state:mt/county:carter,Carter County MT,(406) 775-8749,cccnrc@midrivers.com,,214 Park St,Ekalaka,MT,59324,08:00:00 - 06:00,17:00:00 - 06:00,10-11-2016,10-14-2016,
Carter County,County Election Administrator,":election,:registration",ocd-division/country:us/state:mt/county:carter,Carter County MT,(406) 775-8749,cccnrc@midrivers.com,,214 Park St,Ekalaka,MT,59324,08:00:00 - 06:00,17:00:00 - 06:00,10-17-2016,10-21-2016,
Carter County,County Election Administrator,":election,:registration",ocd-division/country:us/state:mt/county:carter,Carter County MT,(406) 775-8749,cccnrc@midrivers.com,,214 Park St,Ekalaka,MT,59324,08:00:00 - 06:00,17:00:00 - 06:00,10-24-2016,10-28-2016,
Carter County,County Election Administrator,":election,:registration",ocd-division/country:us/state:mt/county:carter,Carter County MT,(406) 775-8749,cccnrc@midrivers.com,,214 Park St,Ekalaka,MT,59324,08:00:00 - 06:00,17:00:00 - 06:00,10-31-2016,11-04-2016,
Carter County,County Election Administrator,":election,:registration",ocd-division/country:us/state:mt/county:carter,Carter County MT,(406) 775-8749,cccnrc@midrivers.com,,214 Park St,Ekalaka,MT,59324,08:00:00 - 07:00,12:00:00 - 07:00,11-07-2016,11-07-2016,
Carter County,County Election Administrator,":election,:registration",ocd-division/country:us/state:mt/county:carter,Carter County MT,(406) 775-8749,cccnrc@midrivers.com,,214 Park St,Ekalaka,MT,59324,08:00:00 - 07:00,20:00:00 - 07:00,11-08-2016,11-08-2016,
Cascade County,County Election Administrator,":election,:registration",ocd-division/country:us/state:mt/county:cascade,Cascade County MT,(406) 454-6803,rmoore@co.cascade.mt.us,,325 2nd Avenue North #100,Great Falls,MT,59401,07:30:00 - 06:00,17:00:00 - 06:00,10-14-2016,10-14-2016,
Cascade County,County Election Administrator,":election,:registration",ocd-division/country:us/state:mt/county:cascade,Cascade County MT,(406) 454-6803,rmoore@co.cascade.mt.us,,325 2nd Avenue North #100,Great Falls,MT,59401,07:30:00 - 06:00,17:00:00 - 06:00,10-17-2016,10-21-2016,
Cascade County,County Election Administrator,":election,:registration",ocd-division/country:us/state:mt/county:cascade,Cascade County MT,(406) 454-6803,rmoore@co.cascade.mt.us,,325 2nd Avenue North #100,Great Falls,MT,59401,07:30:00 - 06:00,17:00:00 - 06:00,10-24-2016,10-28-2016,
Cascade County,County Election Administrator,":election,:registration",ocd-division/country:us/state:mt/county:cascade,Cascade County MT,(406) 454-6803,rmoore@co.cascade.mt.us,,325 2nd Avenue North #100,Great Falls,MT,59401,07:30:00 - 06:00,17:00:00 - 06:00,10-31-2016,11-04-2016,
Cascade County,County Election Administrator,":election,:registration",ocd-division/country:us/state:mt/county:cascade,Cascade County MT,(406) 454-6803,rmoore@co.cascade.mt.us,,325 2nd Avenue North #100,Great Falls,MT,59401,07:30:00 - 07:00,17:00:00 - 07:00,11-07-2016,11-07-2016,
Cascade County,County Election Administrator,":election,:registration",ocd-division/country:us/state:mt/county:cascade,Cascade County MT,(406) 454-6803,rmoore@co.cascade.mt.us,,325 2nd Avenue North #100,Great Falls,MT,59401,07:30:00 - 07:00,20:00:00 - 07:00,11-08-2016,11-08-2016,
Chouteau County,County Election Administrator,":election,:registration",ocd-division/country:us/state:mt/county:chouteau,Chouteau County MT,(406) 622-5151,claassen@itstriangle.com,,1308 Franklin Street,Fort Benton,MT,59442,08:00:00 - 06:00,17:00:00 - 06:00,10-11-2016,10-14-2016,
Chouteau County,County Election Administrator,":election,:registration",ocd-division/country:us/state:mt/county:chouteau,Chouteau County MT,(406) 622-5151,claassen@itstriangle.com,,1308 Franklin Street,Fort Benton,MT,59442,08:00:00 - 06:00,17:00:00 - 06:00,10-17-2016,10-21-2016,
Chouteau County,County Election Administrator,":election,:registration",ocd-division/country:us/state:mt/county:chouteau,Chouteau County MT,(406) 622-5151,claassen@itstriangle.com,,1308 Franklin Street,Fort Benton,MT,59442,08:00:00 - 06:00,17:00:00 - 06:00,10-24-2016,10-28-2016,
Chouteau County,County Election Administrator,":election,:registration",ocd-division/country:us/state:mt/county:chouteau,Chouteau County MT,(406) 622-5151,claassen@itstriangle.com,,1308 Franklin Street,Fort Benton,MT,59442,08:00:00 - 06:00,17:00:00 - 06:00,10-31-2016,11-04-2016,
Chouteau County,County Election Administrator,":election,:registration",ocd-division/country:us/state:mt/county:chouteau,Chouteau County MT,(406) 622-5151,claassen@itstriangle.com,,1308 Franklin Street,Fort Benton,MT,59442,08:00:00 - 07:00,12:00:00 - 07:00,11-07-2016,11-07-2016,
Chouteau County,County Election Administrator,":election,:registration",ocd-division/country:us/state:mt/county:chouteau,Chouteau County MT,(406) 622-5151,claassen@itstriangle.com,,1308 Franklin Street,Fort Benton,MT,59442,07:00:00 - 07:00,20:00:00 - 07:00,11-08-2016,11-08-2016,
Custer County,County Election Administrator,":election,:registration",ocd-division/country:us/state:mt/county:custer,Custer County MT,(406) 874-3343,l.corbett@co.custer.mt.us,,1010 Main,Miles City,MT,59301,08:00:00 - 06:00,17:00:00 - 06:00,10-11-2016,10-14-2016,
Custer County,County Election Administrator,":election,:registration",ocd-division/country:us/state:mt/county:custer,Custer County MT,(406) 874-3343,l.corbett@co.custer.mt.us,,1010 Main,Miles City,MT,59301,08:00:00 - 06:00,17:00:00 - 06:00,10-17-2016,10-21-2016,
Custer County,County Election Administrator,":election,:registration",ocd-division/country:us/state:mt/county:custer,Custer County MT,(406) 874-3343,l.corbett@co.custer.mt.us,,1010 Main,Miles City,MT,59301,08:00:00 - 06:00,17:00:00 - 06:00,10-24-2016,10-28-2016,
Custer County,County Election Administrator,":election,:registration",ocd-division/country:us/state:mt/county:custer,Custer County MT,(406) 874-3343,l.corbett@co.custer.mt.us,,1010 Main,Miles City,MT,59301,08:00:00 - 06:00,17:00:00 - 06:00,10-31-2016,11-04-2016,
Custer County,County Election Administrator,":election,:registration",ocd-division/country:us/state:mt/county:custer,Custer County MT,(406) 874-3343,l.corbett@co.custer.mt.us,,1010 Main,Miles City,MT,59301,08:00:00 - 07:00,12:00:00 - 07:00,11-07-2016,11-07-2016,
Custer County,County Election Administrator,":election,:registration",ocd-division/country:us/state:mt/county:custer,Custer County MT,(406) 874-3343,l.corbett@co.custer.mt.us,,1010 Main,Miles City,MT,59301,07:00:00 - 07:00,20:00:00 - 07:00,11-08-2016,11-08-2016,
Daniels County,County Election Administrator,":election,:registration",ocd-division/country:us/state:mt/county:daniels,Daniels County MT,(406) 487-5561,clerkrec@danielsco.mt.gov,,213 Main St,Scobey,MT,59263,08:00:00 - 06:00,17:00:00 - 06:00,10-11-2016,10-14-2016,
Daniels County,County Election Administrator,":election,:registration",ocd-division/country:us/state:mt/county:daniels,Daniels County MT,(406) 487-5561,clerkrec@danielsco.mt.gov,,213 Main St,Scobey,MT,59263,08:00:00 - 06:00,17:00:00 - 06:00,10-17-2016,10-21-2016,
Daniels County,County Election Administrator,":election,:registration",ocd-division/country:us/state:mt/county:daniels,Daniels County MT,(406) 487-5561,clerkrec@danielsco.mt.gov,,213 Main St,Scobey,MT,59263,08:00:00 - 06:00,17:00:00 - 06:00,10-24-2016,10-28-2016,
Daniels County,County Election Administrator,":election,:registration",ocd-division/country:us/state:mt/county:daniels,Daniels County MT,(406) 487-5561,clerkrec@danielsco.mt.gov,,213 Main St,Scobey,MT,59263,08:00:00 - 06:00,17:00:00 - 06:00,10-31-2016,11-04-2016,
Daniels County,County Election Administrator,":election,:registration",ocd-division/country:us/state:mt/county:daniels,Daniels County MT,(406) 487-5561,clerkrec@danielsco.mt.gov,,213 Main St,Scobey,MT,59263,08:00:00 - 07:00,12:00:00 - 07:00,11-07-2016,11-07-2016,
Daniels County,County Election Administrator,":election,:registration",ocd-division/country:us/state:mt/county:daniels,Daniels County MT,(406) 487-5561,clerkrec@danielsco.mt.gov,,213 Main St,Scobey,MT,59263,07:00:00 - 07:00,20:00:00 - 07:00,11-08-2016,11-08-2016,
Dawson County,County Election Administrator,":election,:registration",ocd-division/country:us/state:mt/county:dawson,Dawson County MT,(406) 377-3058,haggertyh@dawsoncountymail.com,,207 West Bell,Glendive,MT,59330,08:00:00 - 06:00,17:00:00 - 06:00,10-11-2016,10-14-2016,
Dawson County,County Election Administrator,":election,:registration",ocd-division/country:us/state:mt/county:dawson,Dawson County MT,(406) 377-3058,haggertyh@dawsoncountymail.com,,207 West Bell,Glendive,MT,59330,08:00:00 - 06:00,17:00:00 - 06:00,10-17-2016,10-21-2016,
Dawson County,County Election Administrator,":election,:registration",ocd-division/country:us/state:mt/county:dawson,Dawson County MT,(406) 377-3058,haggertyh@dawsoncountymail.com,,207 West Bell,Glendive,MT,59330,08:00:00 - 06:00,17:00:00 - 06:00,10-24-2016,10-28-2016,
Dawson County,County Election Administrator,":election,:registration",ocd-division/country:us/state:mt/county:dawson,Dawson County MT,(406) 377-3058,haggertyh@dawsoncountymail.com,,207 West Bell,Glendive,MT,59330,08:00:00 - 06:00,17:00:00 - 06:00,10-31-2016,11-04-2016,
Dawson County,County Election Administrator,":election,:registration",ocd-division/country:us/state:mt/county:dawson,Dawson County MT,(406) 377-3058,haggertyh@dawsoncountymail.com,,207 West Bell,Glendive,MT,59330,08:00:00 - 07:00,12:00:00 - 07:00,11-07-2016,11-07-2016,
Dawson County,County Election Administrator,":election,:registration",ocd-division/country:us/state:mt/county:dawson,Dawson County MT,(406) 377-3058,haggertyh@dawsoncountymail.com,,207 West Bell,Glendive,MT,59330,07:00:00 - 07:00,20:00:00 - 07:00,11-08-2016,11-08-2016,
Deer Lodge County,County Election Administrator,":election,:registration",ocd-division/country:us/state:mt/county:deer_lodge,Deer Lodge County MT,(406) 563-4060,jblodnick@anacondadeerlodge.mt.gov,,800 Main,Anaconda,MT,59711,08:00:00 - 06:00,17:00:00 - 06:00,10-12-2016,10-14-2016,
Deer Lodge County,County Election Administrator,":election,:registration",ocd-division/country:us/state:mt/county:deer_lodge,Deer Lodge County MT,(406) 563-4060,jblodnick@anacondadeerlodge.mt.gov,,800 Main,Anaconda,MT,59711,08:00:00 - 06:00,17:00:00 - 06:00,10-17-2016,10-21-2016,
Deer Lodge County,County Election Administrator,":election,:registration",ocd-division/country:us/state:mt/county:deer_lodge,Deer Lodge County MT,(406) 563-4060,jblodnick@anacondadeerlodge.mt.gov,,800 Main,Anaconda,MT,59711,08:00:00 - 06:00,17:00:00 - 06:00,10-24-2016,10-28-2016,
Deer Lodge County,County Election Administrator,":election,:registration",ocd-division/country:us/state:mt/county:deer_lodge,Deer Lodge County MT,(406) 563-4060,jblodnick@anacondadeerlodge.mt.gov,,800 Main,Anaconda,MT,59711,08:00:00 - 06:00,17:00:00 - 06:00,10-31-2016,11-04-2016,
Deer Lodge County,County Election Administrator,":election,:registration",ocd-division/country:us/state:mt/county:deer_lodge,Deer Lodge County MT,(406) 563-4060,jblodnick@anacondadeerlodge.mt.gov,,800 Main,Anaconda,MT,59711,08:00:00 - 07:00,12:00:00 - 07:00,11-06-2016,11-06-2016,
Fallon County,County Election Administrator,":election,:registration",ocd-division/country:us/state:mt/county:fallon,Fallon County MT,(406) 778-7106,falloncc@midrivers.com,,10 West Fallon Avenue,Baker,MT,59313,08:00:00 - 06:00,17:00:00 - 06:00,10-04-2016,10-07-2016,
Fallon County,County Election Administrator,":election,:registration",ocd-division/country:us/state:mt/county:fallon,Fallon County MT,(406) 778-7106,falloncc@midrivers.com,,10 West Fallon Avenue,Baker,MT,59313,08:00:00 - 06:00,17:00:00 - 06:00,10-11-2016,10-14-2016,
Fallon County,County Election Administrator,":election,:registration",ocd-division/country:us/state:mt/county:fallon,Fallon County MT,(406) 778-7106,falloncc@midrivers.com,,10 West Fallon Avenue,Baker,MT,59313,08:00:00 - 06:00,17:00:00 - 06:00,10-17-2016,10-21-2016,
Fallon County,County Election Administrator,":election,:registration",ocd-division/country:us/state:mt/county:fallon,Fallon County MT,(406) 778-7106,falloncc@midrivers.com,,10 West Fallon Avenue,Baker,MT,59313,08:00:00 - 06:00,17:00:00 - 06:00,10-24-2016,10-28-2016,
Fallon County,County Election Administrator,":election,:registration",ocd-division/country:us/state:mt/county:fallon,Fallon County MT,(406) 778-7106,falloncc@midrivers.com,,10 West Fallon Avenue,Baker,MT,59313,08:00:00 - 06:00,17:00:00 - 06:00,10-31-2016,11-04-2016,
Fallon County,County Election Administrator,":election,:registration",ocd-division/country:us/state:mt/county:fallon,Fallon County MT,(406) 778-7106,falloncc@midrivers.com,,10 West Fallon Avenue,Baker,MT,59313,08:00:00 - 07:00,12:00:00 - 07:00,11-07-2016,11-07-2016,
Fallon County,County Election Administrator,":election,:registration",ocd-division/country:us/state:mt/county:fallon,Fallon County MT,(406) 778-7106,falloncc@midrivers.com,,10 West Fallon Avenue,Baker,MT,59313,07:00:00 - 07:00,20:00:00 - 07:00,11-08-2016,11-08-2016,
Fergus County,County Election Administrator,":election,:registration",ocd-division/country:us/state:mt/county:fergus,Fergus County MT,(406) 535-5242,clerkrecorder@co.fergus.mt.us,,712 W Main,Lewistown,MT,59457,08:00:00 - 06:00,17:00:00 - 06:00,10-11-2016,10-14-2016,
Fergus County,County Election Administrator,":election,:registration",ocd-division/country:us/state:mt/county:fergus,Fergus County MT,(406) 535-5242,clerkrecorder@co.fergus.mt.us,,712 W Main,Lewistown,MT,59457,08:00:00 - 06:00,17:00:00 - 06:00,10-17-2016,10-21-2016,
Fergus County,County Election Administrator,":election,:registration",ocd-division/country:us/state:mt/county:fergus,Fergus County MT,(406) 535-5242,clerkrecorder@co.fergus.mt.us,,712 W Main,Lewistown,MT,59457,08:00:00 - 06:00,17:00:00 - 06:00,10-24-2016,10-28-2016,
Fergus County,County Election Administrator,":election,:registration",ocd-division/country:us/state:mt/county:fergus,Fergus County MT,(406) 535-5242,clerkrecorder@co.fergus.mt.us,,712 W Main,Lewistown,MT,59457,08:00:00 - 06:00,17:00:00 - 06:00,10-31-2016,11-04-2016,
Fergus County,County Election Administrator,":election,:registration",ocd-division/country:us/state:mt/county:fergus,Fergus County MT,(406) 535-5242,clerkrecorder@co.fergus.mt.us,,712 W Main,Lewistown,MT,59457,08:00:00 - 07:00,12:00:00 - 07:00,11-07-2016,11-07-2016,
Fergus County,County Election Administrator,":election,:registration",ocd-division/country:us/state:mt/county:fergus,Fergus County MT,(406) 535-5242,clerkrecorder@co.fergus.mt.us,,712 W Main,Lewistown,MT,59457,07:00:00 - 07:00,20:00:00 - 07:00,11-08-2016,11-08-2016,
Flathead County,County Election Administrator,":election,:registration",ocd-division/country:us/state:mt/county:flathead,Flathead County MT,(406) 758-5535,electionweb@flathead.mt.gov,,800 S Main,Kalispell,MT,59901,08:00:00 - 06:00,17:00:00 - 06:00,10-11-2016,10-14-2016,
Flathead County,County Election Administrator,":election,:registration",ocd-division/country:us/state:mt/county:flathead,Flathead County MT,(406) 758-5535,electionweb@flathead.mt.gov,,800 S Main,Kalispell,MT,59901,08:00:00 - 06:00,17:00:00 - 06:00,10-17-2016,10-21-2016,
Flathead County,County Election Administrator,":election,:registration",ocd-division/country:us/state:mt/county:flathead,Flathead County MT,(406) 758-5535,electionweb@flathead.mt.gov,,800 S Main,Kalispell,MT,59901,08:00:00 - 06:00,17:00:00 - 06:00,10-24-2016,10-28-2016,
Flathead County,County Election Administrator,":election,:registration",ocd-division/country:us/state:mt/county:flathead,Flathead County MT,(406) 758-5535,electionweb@flathead.mt.gov,,800 S Main,Kalispell,MT,59901,08:00:00 - 06:00,17:00:00 - 06:00,10-31-2016,11-04-2016,
Flathead County,County Election Administrator,":election,:registration",ocd-division/country:us/state:mt/county:flathead,Flathead County MT,(406) 758-5535,electionweb@flathead.mt.gov,,800 S Main,Kalispell,MT,59901,08:00:00 - 07:00,12:00:00 - 07:00,11-07-2016,11-07-2016,
Gallatin County,County Election Administrator,":election,:registration",ocd-division/country:us/state:mt/county:gallatin,Gallatin County MT,(406) 582-3060,charlotte.mills@gallatin.mt.gov,,"311 W Main, Room 210",Bozeman,MT,59715,08:00:00 - 06:00,17:00:00 - 06:00,10-11-2016,10-14-2016,
Gallatin County,County Election Administrator,":election,:registration",ocd-division/country:us/state:mt/county:gallatin,Gallatin County MT,(406) 582-3060,charlotte.mills@gallatin.mt.gov,,"311 W Main, Room 210",Bozeman,MT,59715,08:00:00 - 06:00,17:00:00 - 06:00,10-17-2016,10-21-2016,
Gallatin County,County Election Administrator,":election,:registration",ocd-division/country:us/state:mt/county:gallatin,Gallatin County MT,(406) 582-3060,charlotte.mills@gallatin.mt.gov,,"311 W Main, Room 210",Bozeman,MT,59715,08:00:00 - 06:00,17:00:00 - 06:00,10-24-2016,10-28-2016,
Gallatin County,County Election Administrator,":election,:registration",ocd-division/country:us/state:mt/county:gallatin,Gallatin County MT,(406) 582-3060,charlotte.mills@gallatin.mt.gov,,"311 W Main, Room 210",Bozeman,MT,59715,08:00:00 - 06:00,17:00:00 - 06:00,10-31-2016,11-04-2016,
Gallatin County,County Election Administrator,":election,:registration",ocd-division/country:us/state:mt/county:gallatin,Gallatin County MT,(406) 582-3060,charlotte.mills@gallatin.mt.gov,,"311 W Main, Room 210",Bozeman,MT,59715,08:00:00 - 07:00,12:00:00 - 07:00,11-07-2016,11-07-2016,
Garfield County,County Election Administrator,":election,:registration",ocd-division/country:us/state:mt/county:garfield,Garfield County MT,(406) 557-2760,gccr@midrivers.com,,PO Box 370,Jordan,MT,59337,08:00:00 - 06:00,17:00:00 - 06:00,10-11-2016,10-14-2016,
Garfield County,County Election Administrator,":election,:registration",ocd-division/country:us/state:mt/county:garfield,Garfield County MT,(406) 557-2760,gccr@midrivers.com,,PO Box 370,Jordan,MT,59337,08:00:00 - 06:00,17:00:00 - 06:00,10-17-2016,10-21-2016,
Garfield County,County Election Administrator,":election,:registration",ocd-division/country:us/state:mt/county:garfield,Garfield County MT,(406) 557-2760,gccr@midrivers.com,,PO Box 370,Jordan,MT,59337,08:00:00 - 06:00,17:00:00 - 06:00,10-24-2016,10-28-2016,
Garfield County,County Election Administrator,":election,:registration",ocd-division/country:us/state:mt/county:garfield,Garfield County MT,(406) 557-2760,gccr@midrivers.com,,PO Box 370,Jordan,MT,59337,08:00:00 - 06:00,17:00:00 - 06:00,10-31-2016,11-04-2016,
Garfield County,County Election Administrator,":election,:registration",ocd-division/country:us/state:mt/county:garfield,Garfield County MT,(406) 557-2760,gccr@midrivers.com,,PO Box 370,Jordan,MT,59337,08:00:00 - 07:00,12:00:00 - 07:00,11-07-2016,11-07-2016,
Garfield County,County Election Administrator,":election,:registration",ocd-division/country:us/state:mt/county:garfield,Garfield County MT,(406) 557-2760,gccr@midrivers.com,,PO Box 370,Jordan,MT,59337,07:00:00 - 07:00,20:00:00 - 07:00,11-08-2016,11-08-2016,
Garfield County,County Election Administrator,":election,:registration",ocd-division/country:us/state:mt/county:garfield,Garfield County MT,(406) 557-2760,gccr@midrivers.com,,19 3rd Street E,Cohagen,MT,59322,12:00:00 - 07:00,08:00:00 - 07:00,11-08-2016,11-08-2016,
Garfield County,County Election Administrator,":election,:registration",ocd-division/country:us/state:mt/county:garfield,Garfield County MT,(406) 557-2760,gccr@midrivers.com,,3194 Highway 200 W,Sand Springs,MT,59077,12:00:00 - 07:00,08:00:00 - 07:00,11-08-2016,11-08-2016,
Garfield County,County Election Administrator,":election,:registration",ocd-division/country:us/state:mt/county:garfield,Garfield County MT,(406) 557-2760,gccr@midrivers.com,,2071 Edwards Road,Brusett,MT,59318,12:00:00 - 07:00,08:00:00 - 07:00,11-08-2016,11-08-2016,
Glacier County,County Election Administrator,":election,:registration",ocd-division/country:us/state:mt/county:glacier,Glacier County MT,(406) 873-3609,gmhall@glaciercountymt.org,,512 E Main,Cut Bank,MT,59427,08:00:00 - 06:00,17:00:00 - 06:00,10-11-2016,10-14-2016,
Glacier County,County Election Administrator,":election,:registration",ocd-division/country:us/state:mt/county:glacier,Glacier County MT,(406) 873-3609,gmhall@glaciercountymt.org,,512 E Main,Cut Bank,MT,59427,08:00:00 - 06:00,17:00:00 - 06:00,10-17-2016,10-21-2016,
Glacier County,County Election Administrator,":election,:registration",ocd-division/country:us/state:mt/county:glacier,Glacier County MT,(406) 873-3609,gmhall@glaciercountymt.org,,512 E Main,Cut Bank,MT,59427,08:00:00 - 06:00,17:00:00 - 06:00,10-24-2016,10-28-2016,
Glacier County,County Election Administrator,":election,:registration",ocd-division/country:us/state:mt/county:glacier,Glacier County MT,(406) 873-3609,gmhall@glaciercountymt.org,,512 E Main,Cut Bank,MT,59427,08:00:00 - 06:00,17:00:00 - 06:00,10-31-2016,11-04-2016,
Glacier County,County Election Administrator,":election,:registration",ocd-division/country:us/state:mt/county:glacier,Glacier County MT,(406) 873-3609,gmhall@glaciercountymt.org,,512 E Main,Cut Bank,MT,59427,08:00:00 - 07:00,12:00:00 - 07:00,11-07-2016,11-07-2016,
Glacier County,County Election Administrator,":election,:registration",ocd-division/country:us/state:mt/county:glacier,Glacier County MT,(406) 873-3609,gmhall@glaciercountymt.org,,512 E Main,Cut Bank,MT,59427,07:00:00 - 07:00,20:00:00 - 07:00,11-08-2016,11-08-2016,
Golden Valley County,County Election Administrator,":election,:registration",ocd-division/country:us/state:mt/county:golden_valley,Golden Valley County MT,(406) 568-2231,berryml@midrivers.com,,107 Kemp Street,Ryegate,MT,59074,08:00:00 - 06:00,17:00:00 - 06:00,10-11-2016,10-14-2016,
Golden Valley County,County Election Administrator,":election,:registration",ocd-division/country:us/state:mt/county:golden_valley,Golden Valley County MT,(406) 568-2231,berryml@midrivers.com,,107 Kemp Street,Ryegate,MT,59074,08:00:00 - 06:00,17:00:00 - 06:00,10-17-2016,10-21-2016,
Golden Valley County,County Election Administrator,":election,:registration",ocd-division/country:us/state:mt/county:golden_valley,Golden Valley County MT,(406) 568-2231,berryml@midrivers.com,,107 Kemp Street,Ryegate,MT,59074,08:00:00 - 06:00,17:00:00 - 06:00,10-24-2016,10-28-2016,
Golden Valley County,County Election Administrator,":election,:registration",ocd-division/country:us/state:mt/county:golden_valley,Golden Valley County MT,(406) 568-2231,berryml@midrivers.com,,107 Kemp Street,Ryegate,MT,59074,08:00:00 - 06:00,17:00:00 - 06:00,10-31-2016,11-04-2016,
Golden Valley County,County Election Administrator,":election,:registration",ocd-division/country:us/state:mt/county:golden_valley,Golden Valley County MT,(406) 568-2231,berryml@midrivers.com,,107 Kemp Street,Ryegate,MT,59074,08:00:00 - 07:00,12:00:00 - 07:00,11-07-2016,11-07-2016,
Golden Valley County,County Election Administrator,":election,:registration",ocd-division/country:us/state:mt/county:golden_valley,Golden Valley County MT,(406) 568-2231,berryml@midrivers.com,,107 Kemp Street,Ryegate,MT,59074,08:00:00 - 07:00,20:00:00 - 07:00,11-08-2016,11-08-2016,
Granite County,County Election Administrator,":election,:registration",ocd-division/country:us/state:mt/county:granite,Granite County MT,(406) 859-3771,graclerk@co.granite.mt.us,,220 N. Sansome St. PO Box 925,Philipsburg,MT,59858,08:00:00 - 06:00,17:00:00 - 06:00,10-14-2016,10-14-2016,
Granite County,County Election Administrator,":election,:registration",ocd-division/country:us/state:mt/county:granite,Granite County MT,(406) 859-3771,graclerk@co.granite.mt.us,,220 N. Sansome St. PO Box 925,Philipsburg,MT,59858,08:00:00 - 06:00,17:00:00 - 06:00,10-17-2016,10-21-2016,
Granite County,County Election Administrator,":election,:registration",ocd-division/country:us/state:mt/county:granite,Granite County MT,(406) 859-3771,graclerk@co.granite.mt.us,,220 N. Sansome St. PO Box 925,Philipsburg,MT,59858,08:00:00 - 06:00,17:00:00 - 06:00,10-24-2016,10-28-2016,
Granite County,County Election Administrator,":election,:registration",ocd-division/country:us/state:mt/county:granite,Granite County MT,(406) 859-3771,graclerk@co.granite.mt.us,,220 N. Sansome St. PO Box 925,Philipsburg,MT,59858,08:00:00 - 06:00,17:00:00 - 06:00,10-31-2016,11-04-2016,
Granite County,County Election Administrator,":election,:registration",ocd-division/country:us/state:mt/county:granite,Granite County MT,(406) 859-3771,graclerk@co.granite.mt.us,,220 N. Sansome St. PO Box 925,Philipsburg,MT,59858,08:00:00 - 07:00,12:00:00 - 07:00,11-07-2016,11-07-2016,
Granite County,County Election Administrator,":election,:registration",ocd-division/country:us/state:mt/county:granite,Granite County MT,(406) 859-3771,graclerk@co.granite.mt.us,,220 N. Sansome St. PO Box 925,Philipsburg,MT,59858,07:00:00 - 07:00,20:00:00 - 07:00,11-08-2016,11-08-2016,
Hill County,County Election Administrator,":election,:registration",ocd-division/country:us/state:mt/county:hill,Hill County MT,"(406) 265-5481, ext. 221",armstrongs@co.hill.mt.us,,315 4th St,Havre,MT,59501,08:00:00 - 06:00,17:00:00 - 06:00,10-11-2016,10-14-2016,
Hill County,County Election Administrator,":election,:registration",ocd-division/country:us/state:mt/county:hill,Hill County MT,"(406) 265-5481, ext. 221",armstrongs@co.hill.mt.us,,315 4th St,Havre,MT,59501,08:00:00 - 06:00,17:00:00 - 06:00,10-17-2016,10-21-2016,
Hill County,County Election Administrator,":election,:registration",ocd-division/country:us/state:mt/county:hill,Hill County MT,"(406) 265-5481, ext. 221",armstrongs@co.hill.mt.us,,315 4th St,Havre,MT,59501,08:00:00 - 06:00,17:00:00 - 06:00,10-24-2016,10-28-2016,
Hill County,County Election Administrator,":election,:registration",ocd-division/country:us/state:mt/county:hill,Hill County MT,"(406) 265-5481, ext. 221",armstrongs@co.hill.mt.us,,315 4th St,Havre,MT,59501,08:00:00 - 06:00,17:00:00 - 06:00,10-31-2016,11-04-2016,
Hill County,County Election Administrator,":election,:registration",ocd-division/country:us/state:mt/county:hill,Hill County MT,"(406) 265-5481, ext. 221",armstrongs@co.hill.mt.us,,315 4th St,Havre,MT,59501,08:00:00 - 07:00,12:00:00 - 07:00,11-07-2016,11-07-2016,
Hill County,County Election Administrator,":election,:registration",ocd-division/country:us/state:mt/county:hill,Hill County MT,"(406) 265-5481, ext. 221",armstrongs@co.hill.mt.us,,315 4th St,Havre,MT,59501,07:00:00 - 07:00,20:00:00 - 07:00,11-08-2016,11-08-2016,
Jefferson County,County Election Administrator,":election,:registration",ocd-division/country:us/state:mt/county:jefferson,Jefferson County MT,(406) 225-4020,cramey@jeffersoncounty-mt.gov,,201 Centennial St,Boulder,MT,59632,08:00:00 - 06:00,17:00:00 - 06:00,10-11-2016,10-14-2016,
Jefferson County,County Election Administrator,":election,:registration",ocd-division/country:us/state:mt/county:jefferson,Jefferson County MT,(406) 225-4020,cramey@jeffersoncounty-mt.gov,,201 Centennial St,Boulder,MT,59632,08:00:00 - 06:00,17:00:00 - 06:00,10-17-2016,10-21-2016,
Jefferson County,County Election Administrator,":election,:registration",ocd-division/country:us/state:mt/county:jefferson,Jefferson County MT,(406) 225-4020,cramey@jeffersoncounty-mt.gov,,201 Centennial St,Boulder,MT,59632,08:00:00 - 06:00,17:00:00 - 06:00,10-24-2016,10-28-2016,
Jefferson County,County Election Administrator,":election,:registration",ocd-division/country:us/state:mt/county:jefferson,Jefferson County MT,(406) 225-4020,cramey@jeffersoncounty-mt.gov,,201 Centennial St,Boulder,MT,59632,08:00:00 - 06:00,17:00:00 - 06:00,10-31-2016,11-04-2016,
Jefferson County,County Election Administrator,":election,:registration",ocd-division/country:us/state:mt/county:jefferson,Jefferson County MT,(406) 225-4020,cramey@jeffersoncounty-mt.gov,,201 Centennial St,Boulder,MT,59632,08:00:00 - 07:00,12:00:00 - 07:00,11-07-2016,11-07-2016,
Jefferson County,County Election Administrator,":election,:registration",ocd-division/country:us/state:mt/county:jefferson,Jefferson County MT,(406) 225-4020,cramey@jeffersoncounty-mt.gov,,201 Centennial St,Boulder,MT,59632,07:00:00 - 07:00,20:00:00 - 07:00,11-08-2016,11-08-2016,
Judith Basin County,County Election Administrator,":election,:registration",ocd-division/country:us/state:mt/county:judith_basin,Judith Basin County MT,"(406) 566-2277, ext. 109",akelly@co.judith-basin.mt.us,,91 Third St N,Stanford,MT,59479,08:00:00 - 06:00,17:00:00 - 06:00,10-11-2016,10-14-2016,
Judith Basin County,County Election Administrator,":election,:registration",ocd-division/country:us/state:mt/county:judith_basin,Judith Basin County MT,"(406) 566-2277, ext. 109",akelly@co.judith-basin.mt.us,,91 Third St N,Stanford,MT,59479,08:00:00 - 06:00,17:00:00 - 06:00,10-17-2016,10-21-2016,
Judith Basin County,County Election Administrator,":election,:registration",ocd-division/country:us/state:mt/county:judith_basin,Judith Basin County MT,"(406) 566-2277, ext. 109",akelly@co.judith-basin.mt.us,,91 Third St N,Stanford,MT,59479,08:00:00 - 06:00,17:00:00 - 06:00,10-24-2016,10-28-2016,
Judith Basin County,County Election Administrator,":election,:registration",ocd-division/country:us/state:mt/county:judith_basin,Judith Basin County MT,"(406) 566-2277, ext. 109",akelly@co.judith-basin.mt.us,,91 Third St N,Stanford,MT,59479,08:00:00 - 06:00,17:00:00 - 06:00,10-31-2016,11-04-2016,
Judith Basin County,County Election Administrator,":election,:registration",ocd-division/country:us/state:mt/county:judith_basin,Judith Basin County MT,"(406) 566-2277, ext. 109",akelly@co.judith-basin.mt.us,,91 Third St N,Stanford,MT,59479,08:00:00 - 07:00,12:00:00 - 07:00,11-07-2016,11-07-2016,
Judith Basin County,County Election Administrator,":election,:registration",ocd-division/country:us/state:mt/county:judith_basin,Judith Basin County MT,"(406) 566-2277, ext. 109",akelly@co.judith-basin.mt.us,,91 Third St N,Stanford,MT,59479,07:00:00 - 07:00,20:00:00 - 07:00,11-08-2016,11-08-2016,
Lake County,County Election Administrator,":election,:registration",ocd-division/country:us/state:mt/county:lake,Lake County MT,(406) 883-7268,knewgard@lakemt.gov,,106 4th Ave E,Polson,MT,59860,08:00:00 - 06:00,17:00:00 - 06:00,10-11-2016,10-14-2016,
Lake County,County Election Administrator,":election,:registration",ocd-division/country:us/state:mt/county:lake,Lake County MT,(406) 883-7268,knewgard@lakemt.gov,,106 4th Ave E,Polson,MT,59860,08:00:00 - 06:00,17:00:00 - 06:00,10-17-2016,10-21-2016,
Lake County,County Election Administrator,":election,:registration",ocd-division/country:us/state:mt/county:lake,Lake County MT,(406) 883-7268,knewgard@lakemt.gov,,106 4th Ave E,Polson,MT,59860,08:00:00 - 06:00,17:00:00 - 06:00,10-24-2016,10-28-2016,
Lake County,County Election Administrator,":election,:registration",ocd-division/country:us/state:mt/county:lake,Lake County MT,(406) 883-7268,knewgard@lakemt.gov,,106 4th Ave E,Polson,MT,59860,08:00:00 - 06:00,17:00:00 - 06:00,10-31-2016,11-04-2016,
Lake County,County Election Administrator,":election,:registration",ocd-division/country:us/state:mt/county:lake,Lake County MT,(406) 883-7268,knewgard@lakemt.gov,,106 4th Ave E,Polson,MT,59860,08:00:00 - 07:00,12:00:00 - 07:00,11-07-2016,11-07-2016,
Lewis And Clark County,County Election Administrator,":election,:registration",ocd-division/country:us/state:mt/county:lewis_and_clark,Lewis and Clark County MT,(406) 447-8338,pdehart@iccountymt.gov,,"316 N Park Ave, Room 168",Helena,MT,59623,08:00:00 - 06:00,17:00:00 - 06:00,10-11-2016,10-14-2016,
Lewis And Clark County,County Election Administrator,":election,:registration",ocd-division/country:us/state:mt/county:lewis_and_clark,Lewis and Clark County MT,(406) 447-8338,pdehart@iccountymt.gov,,"316 N Park Ave, Room 168",Helena,MT,59623,08:00:00 - 06:00,17:00:00 - 06:00,10-17-2016,10-21-2016,
Lewis And Clark County,County Election Administrator,":election,:registration",ocd-division/country:us/state:mt/county:lewis_and_clark,Lewis and Clark County MT,(406) 447-8338,pdehart@iccountymt.gov,,"316 N Park Ave, Room 168",Helena,MT,59623,08:00:00 - 06:00,17:00:00 - 06:00,10-24-2016,10-28-2016,
Lewis And Clark County,County Election Administrator,":election,:registration",ocd-division/country:us/state:mt/county:lewis_and_clark,Lewis and Clark County MT,(406) 447-8338,pdehart@iccountymt.gov,,"316 N Park Ave, Room 168",Helena,MT,59623,08:00:00 - 06:00,17:00:00 - 06:00,10-31-2016,11-04-2016,
Lewis And Clark County,County Election Administrator,":election,:registration",ocd-division/country:us/state:mt/county:lewis_and_clark,Lewis and Clark County MT,(406) 447-8338,pdehart@iccountymt.gov,,"316 N Park Ave, Room 168",Helena,MT,59623,08:00:00 - 07:00,12:00:00 - 07:00,11-07-2016,11-07-2016,
Liberty County,County Election Administrator,":election,:registration",ocd-division/country:us/state:mt/county:liberty,Liberty County MT,(406) 759-5365,clerk@co.liberty.mt.gov,,111 First St East,Chester,MT,59522,08:00:00 - 06:00,17:00:00 - 06:00,10-11-2016,10-14-2016,
Liberty County,County Election Administrator,":election,:registration",ocd-division/country:us/state:mt/county:liberty,Liberty County MT,(406) 759-5365,clerk@co.liberty.mt.gov,,111 First St East,Chester,MT,59522,08:00:00 - 06:00,17:00:00 - 06:00,10-17-2016,10-21-2016,
Liberty County,County Election Administrator,":election,:registration",ocd-division/country:us/state:mt/county:liberty,Liberty County MT,(406) 759-5365,clerk@co.liberty.mt.gov,,111 First St East,Chester,MT,59522,08:00:00 - 06:00,17:00:00 - 06:00,10-24-2016,10-28-2016,
Liberty County,County Election Administrator,":election,:registration",ocd-division/country:us/state:mt/county:liberty,Liberty County MT,(406) 759-5365,clerk@co.liberty.mt.gov,,111 First St East,Chester,MT,59522,08:00:00 - 06:00,17:00:00 - 06:00,10-31-2016,11-04-2016,
Liberty County,County Election Administrator,":election,:registration",ocd-division/country:us/state:mt/county:liberty,Liberty County MT,(406) 759-5365,clerk@co.liberty.mt.gov,,111 First St East,Chester,MT,59522,08:00:00 - 07:00,12:00:00 - 07:00,11-07-2016,11-07-2016,
Lincoln County,County Election Administrator,":election,:registration",ocd-division/country:us/state:mt/county:lincoln,Lincoln County MT,(406) 283-2301,lcclerk@libby.org,,512 California,Libby,MT,59923,08:00:00 - 06:00,17:00:00 - 06:00,10-11-2016,10-14-2016,
Lincoln County,County Election Administrator,":election,:registration",ocd-division/country:us/state:mt/county:lincoln,Lincoln County MT,(406) 283-2301,lcclerk@libby.org,,512 California,Libby,MT,59923,08:00:00 - 06:00,17:00:00 - 06:00,10-17-2016,10-21-2016,
Lincoln County,County Election Administrator,":election,:registration",ocd-division/country:us/state:mt/county:lincoln,Lincoln County MT,(406) 283-2301,lcclerk@libby.org,,512 California,Libby,MT,59923,08:00:00 - 06:00,17:00:00 - 06:00,10-24-2016,10-28-2016,
Lincoln County,County Election Administrator,":election,:registration",ocd-division/country:us/state:mt/county:lincoln,Lincoln County MT,(406) 283-2301,lcclerk@libby.org,,512 California,Libby,MT,59923,08:00:00 - 06:00,17:00:00 - 06:00,10-31-2016,11-04-2016,
Lincoln County,County Election Administrator,":election,:registration",ocd-division/country:us/state:mt/county:lincoln,Lincoln County MT,(406) 283-2301,lcclerk@libby.org,,512 California,Libby,MT,59923,08:00:00 - 07:00,12:00:00 - 07:00,11-07-2016,11-07-2016,
Lincoln County,County Election Administrator,":election,:registration",ocd-division/country:us/state:mt/county:lincoln,Lincoln County MT,(406) 283-2301,lcclerk@libby.org,,512 California,Libby,MT,59923,07:00:00 - 07:00,20:00:00 - 07:00,11-08-2016,11-08-2016,
Madison County,County Election Administrator,":election,:registration",ocd-division/country:us/state:mt/county:madison,Madison County MT,(406) 843-4270,pkaatz@madison.mt.gov,,103 W Wallace Street,Virginia City,MT,59755,08:00:00 - 06:00,17:00:00 - 06:00,10-11-2016,10-14-2016,Possibly available as early as Sept 23
Madison County,County Election Administrator,":election,:registration",ocd-division/country:us/state:mt/county:madison,Madison County MT,(406) 843-4270,pkaatz@madison.mt.gov,,103 W Wallace Street,Virginia City,MT,59755,08:00:00 - 06:00,17:00:00 - 06:00,10-17-2016,10-21-2016,
Madison County,County Election Administrator,":election,:registration",ocd-division/country:us/state:mt/county:madison,Madison County MT,(406) 843-4270,pkaatz@madison.mt.gov,,103 W Wallace Street,Virginia City,MT,59755,08:00:00 - 06:00,17:00:00 - 06:00,10-24-2016,10-28-2016,
Madison County,County Election Administrator,":election,:registration",ocd-division/country:us/state:mt/county:madison,Madison County MT,(406) 843-4270,pkaatz@madison.mt.gov,,103 W Wallace Street,Virginia City,MT,59755,08:00:00 - 06:00,17:00:00 - 06:00,10-31-2016,11-04-2016,
Madison County,County Election Administrator,":election,:registration",ocd-division/country:us/state:mt/county:madison,Madison County MT,(406) 843-4270,pkaatz@madison.mt.gov,,103 W Wallace Street,Virginia City,MT,59755,08:00:00 - 07:00,12:00:00 - 07:00,11-07-2016,11-07-2016,
Mccone County,County Election Administrator,":election,:registration",ocd-division/country:us/state:mt/county:mccone,Mccone County MT,(406) 485-3505,clerk@midrivers.com,,1004 C Avenue,Circle,MT,59215,07:00:00 - 06:00,20:00:00 - 06:00,10-04-2016,10-07-2016,
Mccone County,County Election Administrator,":election,:registration",ocd-division/country:us/state:mt/county:mccone,Mccone County MT,(406) 485-3505,clerk@midrivers.com,,1004 C Avenue,Circle,MT,59215,07:00:00 - 06:00,20:00:00 - 06:00,10-10-2016,10-14-2016,
Mccone County,County Election Administrator,":election,:registration",ocd-division/country:us/state:mt/county:mccone,Mccone County MT,(406) 485-3505,clerk@midrivers.com,,1004 C Avenue,Circle,MT,59215,07:00:00 - 06:00,20:00:00 - 06:00,10-17-2016,10-21-2016,
Mccone County,County Election Administrator,":election,:registration",ocd-division/country:us/state:mt/county:mccone,Mccone County MT,(406) 485-3505,clerk@midrivers.com,,1004 C Avenue,Circle,MT,59215,07:00:00 - 06:00,20:00:00 - 06:00,10-24-2016,10-28-2016,
Mccone County,County Election Administrator,":election,:registration",ocd-division/country:us/state:mt/county:mccone,Mccone County MT,(406) 485-3505,clerk@midrivers.com,,1004 C Avenue,Circle,MT,59215,07:00:00 - 06:00,20:00:00 - 06:00,10-31-2016,11-04-2016,
Mccone County,County Election Administrator,":election,:registration",ocd-division/country:us/state:mt/county:mccone,Mccone County MT,(406) 485-3505,clerk@midrivers.com,,1004 C Avenue,Circle,MT,59215,07:00:00 - 07:00,12:00:00 - 07:00,11-07-2016,11-07-2016,
Meagher County,County Election Administrator,":election,:registration",ocd-division/country:us/state:mt/county:meagher,Meagher County MT,"(406) 547-3612, ext. 2",dogle@meaghercounty.mt.gov,,15 W. Main,White Sulpher Springs,MT,59645,08:00:00 - 06:00,16:00:00 - 06:00,10-14-2016,10-14-2016,
Meagher County,County Election Administrator,":election,:registration",ocd-division/country:us/state:mt/county:meagher,Meagher County MT,"(406) 547-3612, ext. 2",dogle@meaghercounty.mt.gov,,15 W. Main,White Sulpher Springs,MT,59645,08:00:00 - 06:00,16:00:00 - 06:00,10-17-2016,10-21-2016,
Meagher County,County Election Administrator,":election,:registration",ocd-division/country:us/state:mt/county:meagher,Meagher County MT,"(406) 547-3612, ext. 2",dogle@meaghercounty.mt.gov,,15 W. Main,White Sulpher Springs,MT,59645,08:00:00 - 06:00,16:00:00 - 06:00,10-24-2016,10-28-2016,
Meagher County,County Election Administrator,":election,:registration",ocd-division/country:us/state:mt/county:meagher,Meagher County MT,"(406) 547-3612, ext. 2",dogle@meaghercounty.mt.gov,,15 W. Main,White Sulpher Springs,MT,59645,08:00:00 - 06:00,16:00:00 - 06:00,10-31-2016,11-04-2016,
Meagher County,County Election Administrator,":election,:registration",ocd-division/country:us/state:mt/county:meagher,Meagher County MT,"(406) 547-3612, ext. 2",dogle@meaghercounty.mt.gov,,15 W. Main,White Sulpher Springs,MT,59645,08:00:00 - 07:00,16:00:00 - 07:00,11-07-2016,11-07-2016,
Meagher County,County Election Administrator,":election,:registration",ocd-division/country:us/state:mt/county:meagher,Meagher County MT,"(406) 547-3612, ext. 2",dogle@meaghercounty.mt.gov,,15 W. Main,White Sulpher Springs,MT,59645,08:00:00 - 07:00,20:00:00 - 07:00,11-08-2016,11-08-2016,
Mineral County,County Election Administrator,":election,:registration",ocd-division/country:us/state:mt/county:mineral,Mineral County MT,(406) 822-3520,shayes@co.mineral.mt.us,,300 River Street,Superior,MT,59872,08:00:00 - 06:00,17:00:00 - 06:00,10-14-2016,10-14-2016,
Mineral County,County Election Administrator,":election,:registration",ocd-division/country:us/state:mt/county:mineral,Mineral County MT,(406) 822-3520,shayes@co.mineral.mt.us,,300 River Street,Superior,MT,59872,08:00:00 - 06:00,17:00:00 - 06:00,10-17-2016,10-21-2016,
Mineral County,County Election Administrator,":election,:registration",ocd-division/country:us/state:mt/county:mineral,Mineral County MT,(406) 822-3520,shayes@co.mineral.mt.us,,300 River Street,Superior,MT,59872,08:00:00 - 06:00,17:00:00 - 06:00,10-24-2016,10-28-2016,
Mineral County,County Election Administrator,":election,:registration",ocd-division/country:us/state:mt/county:mineral,Mineral County MT,(406) 822-3520,shayes@co.mineral.mt.us,,300 River Street,Superior,MT,59872,08:00:00 - 06:00,17:00:00 - 06:00,10-31-2016,11-04-2016,
Mineral County,County Election Administrator,":election,:registration",ocd-division/country:us/state:mt/county:mineral,Mineral County MT,(406) 822-3520,shayes@co.mineral.mt.us,,300 River Street,Superior,MT,59872,08:00:00 - 07:00,12:00:00 - 07:00,11-07-2016,11-07-2016,
Missoula County,County Election Administrator,":election,:registration",ocd-division/country:us/state:mt/county:missoula,Missoula County MT,(406) 258-4751,electioninfo@co.missoula.mt.us,,200 W Broadway,Missoula,MT,59802,08:00:00 - 06:00,17:00:00 - 06:00,10-11-2016,10-14-2016,
Missoula County,County Election Administrator,":election,:registration",ocd-division/country:us/state:mt/county:missoula,Missoula County MT,(406) 258-4751,electioninfo@co.missoula.mt.us,,200 W Broadway,Missoula,MT,59802,08:00:00 - 06:00,18:00:00 - 06:00,10-17-2016,10-21-2016,
Missoula County,County Election Administrator,":election,:registration",ocd-division/country:us/state:mt/county:missoula,Missoula County MT,(406) 258-4751,electioninfo@co.missoula.mt.us,,200 W Broadway,Missoula,MT,59802,08:00:00 - 06:00,18:00:00 - 06:00,10-24-2016,10-28-2016,
Missoula County,County Election Administrator,":election,:registration",ocd-division/country:us/state:mt/county:missoula,Missoula County MT,(406) 258-4751,electioninfo@co.missoula.mt.us,,200 W Broadway,Missoula,MT,59802,08:00:00 - 06:00,13:00:00 - 06:00,10-29-2016,10-29-2016,
Missoula County,County Election Administrator,":election,:registration",ocd-division/country:us/state:mt/county:missoula,Missoula County MT,(406) 258-4751,electioninfo@co.missoula.mt.us,,200 W Broadway,Missoula,MT,59802,08:00:00 - 06:00,18:00:00 - 06:00,10-31-2016,11-04-2016,
Missoula County,County Election Administrator,":election,:registration",ocd-division/country:us/state:mt/county:missoula,Missoula County MT,(406) 258-4751,electioninfo@co.missoula.mt.us,,200 W Broadway,Missoula,MT,59802,08:00:00 - 06:00,13:00:00 - 06:00,11-05-2016,11-05-2016,
Missoula County,County Election Administrator,":election,:registration",ocd-division/country:us/state:mt/county:missoula,Missoula County MT,(406) 258-4751,electioninfo@co.missoula.mt.us,,200 W Broadway,Missoula,MT,59802,07:00:00 - 07:00,20:00:00 - 07:00,11-08-2016,11-08-2016,
Musselshell County,County Election Administrator,":election,:registration",ocd-division/country:us/state:mt/county:musselshell,Musselshell County MT,(406) 323-1104,ctomassi@co.musselshell.mt.us,,506 Main,Roundup,MT,59072,08:00:00 - 06:00,17:00:00 - 06:00,10-11-2016,10-14-2016,
Musselshell County,County Election Administrator,":election,:registration",ocd-division/country:us/state:mt/county:musselshell,Musselshell County MT,(406) 323-1104,ctomassi@co.musselshell.mt.us,,506 Main,Roundup,MT,59072,08:00:00 - 06:00,17:00:00 - 06:00,10-17-2016,10-21-2016,
Musselshell County,County Election Administrator,":election,:registration",ocd-division/country:us/state:mt/county:musselshell,Musselshell County MT,(406) 323-1104,ctomassi@co.musselshell.mt.us,,506 Main,Roundup,MT,59072,08:00:00 - 06:00,17:00:00 - 06:00,10-24-2016,10-28-2016,
Musselshell County,County Election Administrator,":election,:registration",ocd-division/country:us/state:mt/county:musselshell,Musselshell County MT,(406) 323-1104,ctomassi@co.musselshell.mt.us,,506 Main,Roundup,MT,59072,08:00:00 - 06:00,17:00:00 - 06:00,10-31-2016,11-04-2016,
Musselshell County,County Election Administrator,":election,:registration",ocd-division/country:us/state:mt/county:musselshell,Musselshell County MT,(406) 323-1104,ctomassi@co.musselshell.mt.us,,506 Main,Roundup,MT,59072,08:00:00 - 07:00,12:00:00 - 07:00,11-07-2016,11-07-2016,
Park County,County Election Administrator,":election,:registration",ocd-division/country:us/state:mt/county:park,Park County MT,(406) 222-4110,clerkrecorder@parkcounty.org,,414 E Callender St,Livingston,MT,59047,08:00:00 - 06:00,17:00:00 - 06:00,10-11-2016,10-14-2016,
Park County,County Election Administrator,":election,:registration",ocd-division/country:us/state:mt/county:park,Park County MT,(406) 222-4110,clerkrecorder@parkcounty.org,,414 E Callender St,Livingston,MT,59047,08:00:00 - 06:00,17:00:00 - 06:00,10-17-2016,10-21-2016,
Park County,County Election Administrator,":election,:registration",ocd-division/country:us/state:mt/county:park,Park County MT,(406) 222-4110,clerkrecorder@parkcounty.org,,414 E Callender St,Livingston,MT,59047,08:00:00 - 06:00,17:00:00 - 06:00,10-24-2016,10-28-2016,
Park County,County Election Administrator,":election,:registration",ocd-division/country:us/state:mt/county:park,Park County MT,(406) 222-4110,clerkrecorder@parkcounty.org,,414 E Callender St,Livingston,MT,59047,08:00:00 - 06:00,17:00:00 - 06:00,10-31-2016,11-04-2016,
Park County,County Election Administrator,":election,:registration",ocd-division/country:us/state:mt/county:park,Park County MT,(406) 222-4110,clerkrecorder@parkcounty.org,,414 E Callender St,Livingston,MT,59047,08:00:00 - 07:00,12:00:00 - 07:00,11-07-2016,11-07-2016,
Petroleum County,County Election Administrator,":election,:registration",ocd-division/country:us/state:mt/county:petroleum,Petroleum County MT,(406) 429-5311,55clerk@midrivers.com,,302 East Main,Winnett,MT,42678,08:00:00 - 06:00,12:00:00 - 06:00,10-11-2016,10-14-2016,
Petroleum County,County Election Administrator,":election,:registration",ocd-division/country:us/state:mt/county:petroleum,Petroleum County MT,(406) 429-5311,55clerk@midrivers.com,,302 East Main,Winnett,MT,42678,13:00:00 - 06:00,17:00:00 - 06:00,10-11-2016,10-14-2016,
Petroleum County,County Election Administrator,":election,:registration",ocd-division/country:us/state:mt/county:petroleum,Petroleum County MT,(406) 429-5311,55clerk@midrivers.com,,302 East Main,Winnett,MT,42678,08:00:00 - 06:00,12:00:00 - 06:00,10-17-2016,10-21-2016,
Petroleum County,County Election Administrator,":election,:registration",ocd-division/country:us/state:mt/county:petroleum,Petroleum County MT,(406) 429-5311,55clerk@midrivers.com,,302 East Main,Winnett,MT,42678,13:00:00 - 06:00,17:00:00 - 06:00,10-17-2016,10-21-2016,
Petroleum County,County Election Administrator,":election,:registration",ocd-division/country:us/state:mt/county:petroleum,Petroleum County MT,(406) 429-5311,55clerk@midrivers.com,,302 East Main,Winnett,MT,42678,08:00:00 - 06:00,12:00:00 - 06:00,10-24-2016,10-28-2016,
Petroleum County,County Election Administrator,":election,:registration",ocd-division/country:us/state:mt/county:petroleum,Petroleum County MT,(406) 429-5311,55clerk@midrivers.com,,302 East Main,Winnett,MT,42678,13:00:00 - 06:00,17:00:00 - 06:00,10-24-2016,10-28-2016,
Petroleum County,County Election Administrator,":election,:registration",ocd-division/country:us/state:mt/county:petroleum,Petroleum County MT,(406) 429-5311,55clerk@midrivers.com,,302 East Main,Winnett,MT,42678,08:00:00 - 06:00,12:00:00 - 06:00,10-31-2016,11-04-2016,
Petroleum County,County Election Administrator,":election,:registration",ocd-division/country:us/state:mt/county:petroleum,Petroleum County MT,(406) 429-5311,55clerk@midrivers.com,,302 East Main,Winnett,MT,42678,13:00:00 - 06:00,17:00:00 - 06:00,10-31-2016,11-04-2016,
Petroleum County,County Election Administrator,":election,:registration",ocd-division/country:us/state:mt/county:petroleum,Petroleum County MT,(406) 429-5311,55clerk@midrivers.com,,302 East Main,Winnett,MT,42678,08:00:00 - 07:00,12:00:00 - 07:00,11-07-2016,11-07-2016,
Phillips County,County Election Administrator,":election,:registration",ocd-division/country:us/state:mt/county:phillips,Phillips County MT,(406) 654-2423,clerkrecorder@phillipscounty.mt.gov,,314 S Second Ave W,Malta,MT,59538,08:00:00 - 06:00,17:00:00 - 06:00,10-11-2016,10-14-2016,
Phillips County,County Election Administrator,":election,:registration",ocd-division/country:us/state:mt/county:phillips,Phillips County MT,(406) 654-2423,clerkrecorder@phillipscounty.mt.gov,,314 S Second Ave W,Malta,MT,59538,08:00:00 - 06:00,17:00:00 - 06:00,10-17-2016,10-21-2016,
Phillips County,County Election Administrator,":election,:registration",ocd-division/country:us/state:mt/county:phillips,Phillips County MT,(406) 654-2423,clerkrecorder@phillipscounty.mt.gov,,314 S Second Ave W,Malta,MT,59538,08:00:00 - 06:00,17:00:00 - 06:00,10-24-2016,10-28-2016,
Phillips County,County Election Administrator,":election,:registration",ocd-division/country:us/state:mt/county:phillips,Phillips County MT,(406) 654-2423,clerkrecorder@phillipscounty.mt.gov,,314 S Second Ave W,Malta,MT,59538,08:00:00 - 06:00,17:00:00 - 06:00,10-31-2016,11-04-2016,
Phillips County,County Election Administrator,":election,:registration",ocd-division/country:us/state:mt/county:phillips,Phillips County MT,(406) 654-2423,clerkrecorder@phillipscounty.mt.gov,,314 S Second Ave W,Malta,MT,59538,08:00:00 - 07:00,12:00:00 - 07:00,11-07-2016,11-07-2016,
Pondera County,County Election Administrator,":election,:registration",ocd-division/country:us/state:mt/county:pondera,Pondera County MT,(406) 271-4000,ponderaclerk@3rivers.net,,20 4th Ave SW,Conrad,MT,59425,08:00:00 - 06:00,17:00:00 - 06:00,10-12-2016,10-14-2016,
Pondera County,County Election Administrator,":election,:registration",ocd-division/country:us/state:mt/county:pondera,Pondera County MT,(406) 271-4000,ponderaclerk@3rivers.net,,20 4th Ave SW,Conrad,MT,59425,08:00:00 - 06:00,17:00:00 - 06:00,10-17-2016,10-21-2016,
Pondera County,County Election Administrator,":election,:registration",ocd-division/country:us/state:mt/county:pondera,Pondera County MT,(406) 271-4000,ponderaclerk@3rivers.net,,20 4th Ave SW,Conrad,MT,59425,08:00:00 - 06:00,17:00:00 - 06:00,10-24-2016,10-28-2016,
Pondera County,County Election Administrator,":election,:registration",ocd-division/country:us/state:mt/county:pondera,Pondera County MT,(406) 271-4000,ponderaclerk@3rivers.net,,20 4th Ave SW,Conrad,MT,59425,08:00:00 - 06:00,17:00:00 - 06:00,10-31-2016,11-04-2016,
Pondera County,County Election Administrator,":election,:registration",ocd-division/country:us/state:mt/county:pondera,Pondera County MT,(406) 271-4000,ponderaclerk@3rivers.net,,20 4th Ave SW,Conrad,MT,59425,08:00:00 - 07:00,12:00:00 - 07:00,11-07-2016,11-07-2016,
Powder River County,County Election Administrator,":election,:registration",ocd-division/country:us/state:mt/county:powder_river,Powder River County MT,(406) 436-2361,crichards@prco.mt.gov,,119 N Park Ave,Broadus,MT,59317,08:00:00 - 06:00,12:00:00 - 06:00,10-11-2016,10-14-2016,
Powder River County,County Election Administrator,":election,:registration",ocd-division/country:us/state:mt/county:powder_river,Powder River County MT,(406) 436-2361,crichards@prco.mt.gov,,119 N Park Ave,Broadus,MT,59317,13:00:00 - 06:00,17:00:00 - 06:00,10-11-2016,10-14-2016,
Powder River County,County Election Administrator,":election,:registration",ocd-division/country:us/state:mt/county:powder_river,Powder River County MT,(406) 436-2361,crichards@prco.mt.gov,,119 N Park Ave,Broadus,MT,59317,08:00:00 - 06:00,12:00:00 - 06:00,10-17-2016,10-21-2016,
Powder River County,County Election Administrator,":election,:registration",ocd-division/country:us/state:mt/county:powder_river,Powder River County MT,(406) 436-2361,crichards@prco.mt.gov,,119 N Park Ave,Broadus,MT,59317,13:00:00 - 06:00,17:00:00 - 06:00,10-17-2016,10-21-2016,
Powder River County,County Election Administrator,":election,:registration",ocd-division/country:us/state:mt/county:powder_river,Powder River County MT,(406) 436-2361,crichards@prco.mt.gov,,119 N Park Ave,Broadus,MT,59317,08:00:00 - 06:00,12:00:00 - 06:00,10-24-2016,10-28-2016,
Powder River County,County Election Administrator,":election,:registration",ocd-division/country:us/state:mt/county:powder_river,Powder River County MT,(406) 436-2361,crichards@prco.mt.gov,,119 N Park Ave,Broadus,MT,59317,13:00:00 - 06:00,17:00:00 - 06:00,10-24-2016,10-28-2016,
Powder River County,County Election Administrator,":election,:registration",ocd-division/country:us/state:mt/county:powder_river,Powder River County MT,(406) 436-2361,crichards@prco.mt.gov,,119 N Park Ave,Broadus,MT,59317,08:00:00 - 06:00,12:00:00 - 06:00,10-31-2016,11-04-2016,
Powder River County,County Election Administrator,":election,:registration",ocd-division/country:us/state:mt/county:powder_river,Powder River County MT,(406) 436-2361,crichards@prco.mt.gov,,119 N Park Ave,Broadus,MT,59317,13:00:00 - 06:00,17:00:00 - 06:00,10-31-2016,11-04-2016,
Powder River County,County Election Administrator,":election,:registration",ocd-division/country:us/state:mt/county:powder_river,Powder River County MT,(406) 436-2361,crichards@prco.mt.gov,,119 N Park Ave,Broadus,MT,59317,08:00:00 - 07:00,12:00:00 - 07:00,11-07-2016,11-07-2016,
Powell County,County Election Administrator,":election,:registration",ocd-division/country:us/state:mt/county:powell,Powell County MT,(406) 846-9786,jwalker@powellcountymt.gov,,409 Missouri,Deer Lodge,MT,59722,08:00:00 - 06:00,17:00:00 - 06:00,10-10-2016,10-14-2016,
Powell County,County Election Administrator,":election,:registration",ocd-division/country:us/state:mt/county:powell,Powell County MT,(406) 846-9786,jwalker@powellcountymt.gov,,409 Missouri,Deer Lodge,MT,59722,08:00:00 - 06:00,17:00:00 - 06:00,10-17-2016,10-21-2016,
Powell County,County Election Administrator,":election,:registration",ocd-division/country:us/state:mt/county:powell,Powell County MT,(406) 846-9786,jwalker@powellcountymt.gov,,409 Missouri,Deer Lodge,MT,59722,08:00:00 - 06:00,17:00:00 - 06:00,10-24-2016,10-28-2016,
Powell County,County Election Administrator,":election,:registration",ocd-division/country:us/state:mt/county:powell,Powell County MT,(406) 846-9786,jwalker@powellcountymt.gov,,409 Missouri,Deer Lodge,MT,59722,08:00:00 - 06:00,17:00:00 - 06:00,10-31-2016,11-04-2016,
Powell County,County Election Administrator,":election,:registration",ocd-division/country:us/state:mt/county:powell,Powell County MT,(406) 846-9786,jwalker@powellcountymt.gov,,409 Missouri,Deer Lodge,MT,59722,08:00:00 - 07:00,12:00:00 - 07:00,11-07-2016,11-07-2016,
Prairie County,County Election Administrator,":election,:registration",ocd-division/country:us/state:mt/county:prairie,Prairie County MT,(406) 635-5575,clerkrecorder@prairie.mt.gov,,217 W Park St,Terry,MT,59349,08:00:00 - 06:00,12:00:00 - 06:00,10-11-2016,10-14-2016,
Prairie County,County Election Administrator,":election,:registration",ocd-division/country:us/state:mt/county:prairie,Prairie County MT,(406) 635-5575,clerkrecorder@prairie.mt.gov,,217 W Park St,Terry,MT,59349,13:00:00 - 06:00,17:00:00 - 06:00,10-11-2016,10-14-2016,
Prairie County,County Election Administrator,":election,:registration",ocd-division/country:us/state:mt/county:prairie,Prairie County MT,(406) 635-5575,clerkrecorder@prairie.mt.gov,,217 W Park St,Terry,MT,59349,08:00:00 - 06:00,12:00:00 - 06:00,10-17-2016,10-21-2016,
Prairie County,County Election Administrator,":election,:registration",ocd-division/country:us/state:mt/county:prairie,Prairie County MT,(406) 635-5575,clerkrecorder@prairie.mt.gov,,217 W Park St,Terry,MT,59349,13:00:00 - 06:00,17:00:00 - 06:00,10-17-2016,10-21-2016,
Prairie County,County Election Administrator,":election,:registration",ocd-division/country:us/state:mt/county:prairie,Prairie County MT,(406) 635-5575,clerkrecorder@prairie.mt.gov,,217 W Park St,Terry,MT,59349,08:00:00 - 06:00,12:00:00 - 06:00,10-24-2016,10-28-2016,
Prairie County,County Election Administrator,":election,:registration",ocd-division/country:us/state:mt/county:prairie,Prairie County MT,(406) 635-5575,clerkrecorder@prairie.mt.gov,,217 W Park St,Terry,MT,59349,13:00:00 - 06:00,17:00:00 - 06:00,10-24-2016,10-28-2016,
Prairie County,County Election Administrator,":election,:registration",ocd-division/country:us/state:mt/county:prairie,Prairie County MT,(406) 635-5575,clerkrecorder@prairie.mt.gov,,217 W Park St,Terry,MT,59349,08:00:00 - 06:00,12:00:00 - 06:00,10-31-2016,11-04-2016,
Prairie County,County Election Administrator,":election,:registration",ocd-division/country:us/state:mt/county:prairie,Prairie County MT,(406) 635-5575,clerkrecorder@prairie.mt.gov,,217 W Park St,Terry,MT,59349,13:00:00 - 06:00,17:00:00 - 06:00,10-31-2016,11-04-2016,
Prairie County,County Election Administrator,":election,:registration",ocd-division/country:us/state:mt/county:prairie,Prairie County MT,(406) 635-5575,clerkrecorder@prairie.mt.gov,,217 W Park St,Terry,MT,59349,08:00:00 - 07:00,12:00:00 - 07:00,11-07-2016,11-07-2016,
Prairie County,County Election Administrator,":election,:registration",ocd-division/country:us/state:mt/county:prairie,Prairie County MT,(406) 635-5575,clerkrecorder@prairie.mt.gov,,217 W Park St,Terry,MT,59349,07:00:00 - 07:00,08:00:00 - 07:00,11-08-2016,11-08-2016,
Ravalli County,County Election Administrator,":election,:registration",ocd-division/country:us/state:mt/county:ravalli,Ravalli County MT,(406) 375-6550,rplettenberg@rc.mt.gov,,"215 S 4th St, Suite G",Hamilton,MT,59840,08:00:00 - 06:00,17:00:00 - 06:00,10-18-2016,10-21-2016,
Ravalli County,County Election Administrator,":election,:registration",ocd-division/country:us/state:mt/county:ravalli,Ravalli County MT,(406) 375-6550,rplettenberg@rc.mt.gov,,"215 S 4th St, Suite G",Hamilton,MT,59840,08:00:00 - 06:00,17:00:00 - 06:00,10-24-2016,10-28-2016,
Ravalli County,County Election Administrator,":election,:registration",ocd-division/country:us/state:mt/county:ravalli,Ravalli County MT,(406) 375-6550,rplettenberg@rc.mt.gov,,"215 S 4th St, Suite G",Hamilton,MT,59840,08:00:00 - 06:00,17:00:00 - 06:00,10-31-2016,11-04-2016,
Ravalli County,County Election Administrator,":election,:registration",ocd-division/country:us/state:mt/county:ravalli,Ravalli County MT,(406) 375-6550,rplettenberg@rc.mt.gov,,"215 S 4th St, Suite G",Hamilton,MT,59840,08:00:00 - 07:00,12:00:00 - 07:00,11-07-2016,11-07-2016,
Richland County,County Election Administrator,":election,:registration",ocd-division/country:us/state:mt/county:richland,Richland County MT,(406) 433-1708,sverhasselt@richland.org,,201 W Main,Sidney,MT,59270,08:00:00 - 06:00,17:00:00 - 06:00,10-14-2016,10-14-2016,
Richland County,County Election Administrator,":election,:registration",ocd-division/country:us/state:mt/county:richland,Richland County MT,(406) 433-1708,sverhasselt@richland.org,,201 W Main,Sidney,MT,59270,08:00:00 - 06:00,17:00:00 - 06:00,10-17-2016,10-21-2016,
Richland County,County Election Administrator,":election,:registration",ocd-division/country:us/state:mt/county:richland,Richland County MT,(406) 433-1708,sverhasselt@richland.org,,201 W Main,Sidney,MT,59270,08:00:00 - 06:00,17:00:00 - 06:00,10-24-2016,10-28-2016,
Richland County,County Election Administrator,":election,:registration",ocd-division/country:us/state:mt/county:richland,Richland County MT,(406) 433-1708,sverhasselt@richland.org,,201 W Main,Sidney,MT,59270,08:00:00 - 06:00,17:00:00 - 06:00,10-31-2016,11-04-2016,
Richland County,County Election Administrator,":election,:registration",ocd-division/country:us/state:mt/county:richland,Richland County MT,(406) 433-1708,sverhasselt@richland.org,,201 W Main,Sidney,MT,59270,08:00:00 - 07:00,12:00:00 - 07:00,11-07-2016,11-07-2016,
Roosevelt County,County Election Administrator,":election,:registration",ocd-division/country:us/state:mt/county:roosevelt,Roosevelt County MT,(406) 653-6250,chansen@rooseveltcounty.org,,400 2nd Ave S,Wolf Point,MT,59201,08:00:00 - 06:00,17:00:00 - 06:00,10-11-2016,10-14-2016,
Roosevelt County,County Election Administrator,":election,:registration",ocd-division/country:us/state:mt/county:roosevelt,Roosevelt County MT,(406) 653-6250,chansen@rooseveltcounty.org,,400 2nd Ave S,Wolf Point,MT,59201,08:00:00 - 06:00,17:00:00 - 06:00,10-17-2016,10-21-2016,
Roosevelt County,County Election Administrator,":election,:registration",ocd-division/country:us/state:mt/county:roosevelt,Roosevelt County MT,(406) 653-6250,chansen@rooseveltcounty.org,,400 2nd Ave S,Wolf Point,MT,59201,08:00:00 - 06:00,17:00:00 - 06:00,10-24-2016,10-28-2016,
Roosevelt County,County Election Administrator,":election,:registration",ocd-division/country:us/state:mt/county:roosevelt,Roosevelt County MT,(406) 653-6250,chansen@rooseveltcounty.org,,400 2nd Ave S,Wolf Point,MT,59201,08:00:00 - 06:00,17:00:00 - 06:00,10-31-2016,11-04-2016,
Roosevelt County,County Election Administrator,":election,:registration",ocd-division/country:us/state:mt/county:roosevelt,Roosevelt County MT,(406) 653-6250,chansen@rooseveltcounty.org,,400 2nd Ave S,Wolf Point,MT,59201,08:00:00 - 07:00,12:00:00 - 07:00,11-07-2016,11-07-2016,
Rosebud County,County Election Administrator,":election,:registration",ocd-division/country:us/state:mt/county:rosebud,Rosebud County MT,(406) 346-7318,jduffield@rosebudcountymt.com,,1200 Main St,Forsyth,MT,59327,08:00:00 - 06:00,17:00:00 - 06:00,10-11-2016,10-14-2016,
Rosebud County,County Election Administrator,":election,:registration",ocd-division/country:us/state:mt/county:rosebud,Rosebud County MT,(406) 346-7318,jduffield@rosebudcountymt.com,,600 Cheyenne Avenue,Lame Deer,MT,59043,08:00:00 - 06:00,17:00:00 - 06:00,10-11-2016,10-11-2016,
Rosebud County,County Election Administrator,":election,:registration",ocd-division/country:us/state:mt/county:rosebud,Rosebud County MT,(406) 346-7318,jduffield@rosebudcountymt.com,,600 Cheyenne Avenue,Lame Deer,MT,59043,08:00:00 - 06:00,17:00:00 - 06:00,10-14-2016,10-14-2016,
Rosebud County,County Election Administrator,":election,:registration",ocd-division/country:us/state:mt/county:rosebud,Rosebud County MT,(406) 346-7318,jduffield@rosebudcountymt.com,,1200 Main St,Forsyth,MT,59327,08:00:00 - 06:00,17:00:00 - 06:00,10-17-2016,10-21-2016,
Rosebud County,County Election Administrator,":election,:registration",ocd-division/country:us/state:mt/county:rosebud,Rosebud County MT,(406) 346-7318,jduffield@rosebudcountymt.com,,600 Cheyenne Avenue,Lame Deer,MT,59043,08:00:00 - 06:00,17:00:00 - 06:00,10-17-2016,10-18-2016,
Rosebud County,County Election Administrator,":election,:registration",ocd-division/country:us/state:mt/county:rosebud,Rosebud County MT,(406) 346-7318,jduffield@rosebudcountymt.com,,600 Cheyenne Avenue,Lame Deer,MT,59043,08:00:00 - 06:00,17:00:00 - 06:00,10-21-2016,10-21-2016,
Rosebud County,County Election Administrator,":election,:registration",ocd-division/country:us/state:mt/county:rosebud,Rosebud County MT,(406) 346-7318,jduffield@rosebudcountymt.com,,1200 Main St,Forsyth,MT,59327,08:00:00 - 06:00,17:00:00 - 06:00,10-24-2016,10-28-2016,
Rosebud County,County Election Administrator,":election,:registration",ocd-division/country:us/state:mt/county:rosebud,Rosebud County MT,(406) 346-7318,jduffield@rosebudcountymt.com,,600 Cheyenne Avenue,Lame Deer,MT,59043,08:00:00 - 06:00,17:00:00 - 06:00,10-24-2016,10-25-2016,
Rosebud County,County Election Administrator,":election,:registration",ocd-division/country:us/state:mt/county:rosebud,Rosebud County MT,(406) 346-7318,jduffield@rosebudcountymt.com,,600 Cheyenne Avenue,Lame Deer,MT,59043,08:00:00 - 06:00,17:00:00 - 06:00,10-28-2016,10-28-2016,
Rosebud County,County Election Administrator,":election,:registration",ocd-division/country:us/state:mt/county:rosebud,Rosebud County MT,(406) 346-7318,jduffield@rosebudcountymt.com,,1200 Main St,Forsyth,MT,59327,08:00:00 - 06:00,17:00:00 - 06:00,10-31-2016,11-04-2016,
Rosebud County,County Election Administrator,":election,:registration",ocd-division/country:us/state:mt/county:rosebud,Rosebud County MT,(406) 346-7318,jduffield@rosebudcountymt.com,,600 Cheyenne Avenue,Lame Deer,MT,59043,08:00:00 - 06:00,17:00:00 - 06:00,10-31-2016,11-01-2016,
Rosebud County,County Election Administrator,":election,:registration",ocd-division/country:us/state:mt/county:rosebud,Rosebud County MT,(406) 346-7318,jduffield@rosebudcountymt.com,,600 Cheyenne Avenue,Lame Deer,MT,59043,08:00:00 - 06:00,17:00:00 - 06:00,11-04-2016,11-04-2016,
Rosebud County,County Election Administrator,":election,:registration",ocd-division/country:us/state:mt/county:rosebud,Rosebud County MT,(406) 346-7318,jduffield@rosebudcountymt.com,,1200 Main St,Forsyth,MT,59327,08:00:00 - 07:00,12:00:00 - 07:00,11-07-2016,11-07-2016,
Rosebud County,County Election Administrator,":election,:registration",ocd-division/country:us/state:mt/county:rosebud,Rosebud County MT,(406) 346-7318,jduffield@rosebudcountymt.com,,600 Cheyenne Avenue,Lame Deer,MT,59043,08:00:00 - 07:00,12:00:00 - 07:00,11-07-2016,11-07-2016,
Sanders County,County Election Administrator,":election,:registration",ocd-division/country:us/state:mt/county:sanders,Sanders County MT,(406) 827-6922,nscribner@co.sanders.mt.us,,1111 Main St,Thompson Falls,MT,59873,08:00:00 - 06:00,17:00:00 - 06:00,10-12-2016,10-14-2016,
Sanders County,County Election Administrator,":election,:registration",ocd-division/country:us/state:mt/county:sanders,Sanders County MT,(406) 827-6922,nscribner@co.sanders.mt.us,,1111 Main St,Thompson Falls,MT,59873,08:00:00 - 06:00,17:00:00 - 06:00,10-17-2016,10-21-2016,
Sanders County,County Election Administrator,":election,:registration",ocd-division/country:us/state:mt/county:sanders,Sanders County MT,(406) 827-6922,nscribner@co.sanders.mt.us,,1111 Main St,Thompson Falls,MT,59873,08:00:00 - 06:00,17:00:00 - 06:00,10-24-2016,10-28-2016,
Sanders County,County Election Administrator,":election,:registration",ocd-division/country:us/state:mt/county:sanders,Sanders County MT,(406) 827-6922,nscribner@co.sanders.mt.us,,1111 Main St,Thompson Falls,MT,59873,08:00:00 - 06:00,17:00:00 - 06:00,10-31-2016,11-04-2016,
Sanders County,County Election Administrator,":election,:registration",ocd-division/country:us/state:mt/county:sanders,Sanders County MT,(406) 827-6922,nscribner@co.sanders.mt.us,,1111 Main St,Thompson Falls,MT,59873,12:00:00 - 07:00,17:00:00 - 07:00,11-07-2016,11-07-2016,
Sanders County,County Election Administrator,":election,:registration",ocd-division/country:us/state:mt/county:sanders,Sanders County MT,(406) 827-6922,nscribner@co.sanders.mt.us,,1111 Main St,Thompson Falls,MT,59873,08:00:00 - 07:00,20:00:00 - 07:00,11-08-2016,11-08-2016,
Sheridan County,County Election Administrator,":election,:registration",ocd-division/country:us/state:mt/county:sheridan,Sheridan County MT,(406) 765-3403,record_supt@co.sheridan.mt.us,,100 W Laurel Ave,Plentywood,MT,59254,08:00:00 - 06:00,17:00:00 - 06:00,10-11-2016,10-14-2016,
Sheridan County,County Election Administrator,":election,:registration",ocd-division/country:us/state:mt/county:sheridan,Sheridan County MT,(406) 765-3403,record_supt@co.sheridan.mt.us,,100 W Laurel Ave,Plentywood,MT,59254,08:00:00 - 06:00,17:00:00 - 06:00,10-17-2016,10-21-2016,
Sheridan County,County Election Administrator,":election,:registration",ocd-division/country:us/state:mt/county:sheridan,Sheridan County MT,(406) 765-3403,record_supt@co.sheridan.mt.us,,100 W Laurel Ave,Plentywood,MT,59254,08:00:00 - 06:00,17:00:00 - 06:00,10-24-2016,10-28-2016,
Sheridan County,County Election Administrator,":election,:registration",ocd-division/country:us/state:mt/county:sheridan,Sheridan County MT,(406) 765-3403,record_supt@co.sheridan.mt.us,,100 W Laurel Ave,Plentywood,MT,59254,08:00:00 - 06:00,17:00:00 - 06:00,10-31-2016,11-04-2016,
Sheridan County,County Election Administrator,":election,:registration",ocd-division/country:us/state:mt/county:sheridan,Sheridan County MT,(406) 765-3403,record_supt@co.sheridan.mt.us,,100 W Laurel Ave,Plentywood,MT,59254,08:00:00 - 07:00,12:00:00 - 07:00,11-07-2016,11-07-2016,
Sheridan County,County Election Administrator,":election,:registration",ocd-division/country:us/state:mt/county:sheridan,Sheridan County MT,(406) 765-3403,record_supt@co.sheridan.mt.us,,100 W Laurel Ave,Plentywood,MT,59254,08:00:00 - 07:00,20:00:00 - 07:00,11-08-2016,11-08-2016,
Silver Bow County,County Election Administrator,":election,:registration",ocd-division/country:us/state:mt/county:silver_bow,Silver Bow County MT,(406) 497-6342,shollis@bsb.mt.gov,,"155 W Granite, Room 208",Butte,MT,59701,08:00:00 - 06:00,17:00:00 - 06:00,10-14-2016,10-14-2016,
Silver Bow County,County Election Administrator,":election,:registration",ocd-division/country:us/state:mt/county:silver_bow,Silver Bow County MT,(406) 497-6342,shollis@bsb.mt.gov,,"155 W Granite, Room 208",Butte,MT,59701,08:00:00 - 06:00,17:00:00 - 06:00,10-17-2016,10-21-2016,
Silver Bow County,County Election Administrator,":election,:registration",ocd-division/country:us/state:mt/county:silver_bow,Silver Bow County MT,(406) 497-6342,shollis@bsb.mt.gov,,"155 W Granite, Room 208",Butte,MT,59701,08:00:00 - 06:00,17:00:00 - 06:00,10-24-2016,10-28-2016,
Silver Bow County,County Election Administrator,":election,:registration",ocd-division/country:us/state:mt/county:silver_bow,Silver Bow County MT,(406) 497-6342,shollis@bsb.mt.gov,,"155 W Granite, Room 208",Butte,MT,59701,08:00:00 - 06:00,17:00:00 - 06:00,10-31-2016,11-04-2016,
Silver Bow County,County Election Administrator,":election,:registration",ocd-division/country:us/state:mt/county:silver_bow,Silver Bow County MT,(406) 497-6342,shollis@bsb.mt.gov,,"155 W Granite, Room 208",Butte,MT,59701,08:00:00 - 07:00,12:00:00 - 07:00,11-07-2016,11-07-2016,
Silver Bow County,County Election Administrator,":election,:registration",ocd-division/country:us/state:mt/county:silver_bow,Silver Bow County MT,(406) 497-6342,shollis@bsb.mt.gov,,"155 W Granite, Room 208",Butte,MT,59701,08:00:00 - 07:00,20:00:00 - 07:00,11-08-2016,11-08-2016,
Stillwater County,County Election Administrator,":election,:registration",ocd-division/country:us/state:mt/county:stillwater,Stillwater County MT,(406) 322-8000,hstadel@stillwater.mt.gov,,400 East 3rd Avenue North,Columbus,MT,59019,08:00:00 - 06:00,17:00:00 - 06:00,10-14-2016,10-14-2016,
Stillwater County,County Election Administrator,":election,:registration",ocd-division/country:us/state:mt/county:stillwater,Stillwater County MT,(406) 322-8000,hstadel@stillwater.mt.gov,,400 East 3rd Avenue North,Columbus,MT,59019,08:00:00 - 06:00,17:00:00 - 06:00,10-17-2016,10-21-2016,
Stillwater County,County Election Administrator,":election,:registration",ocd-division/country:us/state:mt/county:stillwater,Stillwater County MT,(406) 322-8000,hstadel@stillwater.mt.gov,,400 East 3rd Avenue North,Columbus,MT,59019,08:00:00 - 06:00,17:00:00 - 06:00,10-24-2016,10-28-2016,
Stillwater County,County Election Administrator,":election,:registration",ocd-division/country:us/state:mt/county:stillwater,Stillwater County MT,(406) 322-8000,hstadel@stillwater.mt.gov,,400 East 3rd Avenue North,Columbus,MT,59019,08:00:00 - 06:00,17:00:00 - 06:00,10-31-2016,11-04-2016,
Stillwater County,County Election Administrator,":election,:registration",ocd-division/country:us/state:mt/county:stillwater,Stillwater County MT,(406) 322-8000,hstadel@stillwater.mt.gov,,400 East 3rd Avenue North,Columbus,MT,59019,08:00:00 - 07:00,12:00:00 - 07:00,11-07-2016,11-07-2016,
Stillwater County,County Election Administrator,":election,:registration",ocd-division/country:us/state:mt/county:stillwater,Stillwater County MT,(406) 322-8000,hstadel@stillwater.mt.gov,,400 East 3rd Avenue North,Columbus,MT,59019,08:00:00 - 07:00,20:00:00 - 07:00,11-08-2016,11-08-2016,
Stillwater County,County Election Administrator,":election,:registration",ocd-division/country:us/state:mt/county:stillwater,Stillwater County MT,(406) 322-8000,hstadel@stillwater.mt.gov,,2033 Nye Road,Nye,MT,59061,08:00:00 - 07:00,12:00:00 - 07:00,11-08-2016,11-08-2016,
Stillwater County,County Election Administrator,":election,:registration",ocd-division/country:us/state:mt/county:stillwater,Stillwater County MT,(406) 322-8000,hstadel@stillwater.mt.gov,,214 Lake Ave.,Molt,MT,59057,08:00:00 - 07:00,12:00:00 - 07:00,11-08-2016,11-08-2016,
Stillwater County,County Election Administrator,":election,:registration",ocd-division/country:us/state:mt/county:stillwater,Stillwater County MT,(406) 322-8000,hstadel@stillwater.mt.gov,,21 West Main Street,Fishtail,MT,59028,08:00:00 - 07:00,12:00:00 - 07:00,11-08-2016,11-08-2016,
Sweet Grass County,County Election Administrator,":election,:registration",ocd-division/country:us/state:mt/county:sweet_grass,Sweet Grass County MT,(406) 932-5152,sgclerk1@itstriangle.com,,200 W 1st Ave,Big Timber,MT,59011,08:00:00 - 06:00,17:00:00 - 06:00,10-12-2016,10-14-2016,
Sweet Grass County,County Election Administrator,":election,:registration",ocd-division/country:us/state:mt/county:sweet_grass,Sweet Grass County MT,(406) 932-5152,sgclerk1@itstriangle.com,,200 W 1st Ave,Big Timber,MT,59011,08:00:00 - 06:00,17:00:00 - 06:00,10-17-2016,10-21-2016,
Sweet Grass County,County Election Administrator,":election,:registration",ocd-division/country:us/state:mt/county:sweet_grass,Sweet Grass County MT,(406) 932-5152,sgclerk1@itstriangle.com,,200 W 1st Ave,Big Timber,MT,59011,08:00:00 - 06:00,17:00:00 - 06:00,10-24-2016,10-28-2016,
Sweet Grass County,County Election Administrator,":election,:registration",ocd-division/country:us/state:mt/county:sweet_grass,Sweet Grass County MT,(406) 932-5152,sgclerk1@itstriangle.com,,200 W 1st Ave,Big Timber,MT,59011,08:00:00 - 06:00,17:00:00 - 06:00,10-31-2016,11-04-2016,
Sweet Grass County,County Election Administrator,":election,:registration",ocd-division/country:us/state:mt/county:sweet_grass,Sweet Grass County MT,(406) 932-5152,sgclerk1@itstriangle.com,,200 W 1st Ave,Big Timber,MT,59011,08:00:00 - 07:00,12:00:00 - 07:00,11-07-2016,11-07-2016,
Sweet Grass County,County Election Administrator,":election,:registration",ocd-division/country:us/state:mt/county:sweet_grass,Sweet Grass County MT,(406) 932-5152,sgclerk1@itstriangle.com,,200 W 1st Ave,Big Timber,MT,59011,07:00:00 - 07:00,20:00:00 - 07:00,11-08-2016,11-08-2016,
Teton County,County Election Administrator,":election,:registration",ocd-division/country:us/state:mt/county:teton,Teton County MT,(406) 466-2693,paula@3rivers.net,,1 Main Avenue South PO Box 610,Choteau,MT,59422,08:00:00 - 06:00,17:00:00 - 06:00,10-14-2016,10-14-2016,
Teton County,County Election Administrator,":election,:registration",ocd-division/country:us/state:mt/county:teton,Teton County MT,(406) 466-2693,paula@3rivers.net,,1 Main Avenue South PO Box 610,Choteau,MT,59422,08:00:00 - 06:00,17:00:00 - 06:00,10-17-2016,10-21-2016,
Teton County,County Election Administrator,":election,:registration",ocd-division/country:us/state:mt/county:teton,Teton County MT,(406) 466-2693,paula@3rivers.net,,1 Main Avenue South PO Box 610,Choteau,MT,59422,08:00:00 - 06:00,17:00:00 - 06:00,10-24-2016,10-28-2016,
Teton County,County Election Administrator,":election,:registration",ocd-division/country:us/state:mt/county:teton,Teton County MT,(406) 466-2693,paula@3rivers.net,,1 Main Avenue South PO Box 610,Choteau,MT,59422,08:00:00 - 06:00,17:00:00 - 06:00,10-31-2016,11-04-2016,
Teton County,County Election Administrator,":election,:registration",ocd-division/country:us/state:mt/county:teton,Teton County MT,(406) 466-2693,paula@3rivers.net,,1 Main Avenue South PO Box 610,Choteau,MT,59422,08:00:00 - 07:00,12:00:00 - 07:00,11-07-2016,11-07-2016,
Teton County,County Election Administrator,":election,:registration",ocd-division/country:us/state:mt/county:teton,Teton County MT,(406) 466-2693,paula@3rivers.net,,1 Main Avenue South PO Box 610,Choteau,MT,59422,07:00:00 - 07:00,20:00:00 - 07:00,11-08-2016,11-08-2016,
Toole County,County Election Administrator,":election,:registration",ocd-division/country:us/state:mt/county:toole,Toole County MT,(406) 424-8300,tnelson@toolecountymt.gov,,226 1st St S,Shelby,MT,59474,08:00:00 - 06:00,17:00:00 - 06:00,10-14-2016,10-14-2016,
Toole County,County Election Administrator,":election,:registration",ocd-division/country:us/state:mt/county:toole,Toole County MT,(406) 424-8300,tnelson@toolecountymt.gov,,226 1st St S,Shelby,MT,59474,08:00:00 - 06:00,17:00:00 - 06:00,10-17-2016,10-21-2016,
Toole County,County Election Administrator,":election,:registration",ocd-division/country:us/state:mt/county:toole,Toole County MT,(406) 424-8300,tnelson@toolecountymt.gov,,226 1st St S,Shelby,MT,59474,08:00:00 - 06:00,17:00:00 - 06:00,10-24-2016,10-28-2016,
Toole County,County Election Administrator,":election,:registration",ocd-division/country:us/state:mt/county:toole,Toole County MT,(406) 424-8300,tnelson@toolecountymt.gov,,226 1st St S,Shelby,MT,59474,08:00:00 - 06:00,17:00:00 - 06:00,10-31-2016,11-04-2016,
Toole County,County Election Administrator,":election,:registration",ocd-division/country:us/state:mt/county:toole,Toole County MT,(406) 424-8300,tnelson@toolecountymt.gov,,226 1st St S,Shelby,MT,59474,08:00:00 - 07:00,12:00:00 - 07:00,11-07-2016,11-07-2016,
Treasure County,County Election Administrator,":election,:registration",ocd-division/country:us/state:mt/county:treasure,Treasure County MT,(406) 342-5547,clerkrecorder@rangeweb.net,,307 Rapelje Ave P.O. Box 392,Hysham,MT,59038,08:00:00 - 06:00,17:00:00 - 06:00,10-11-2016,10-14-2016,
Treasure County,County Election Administrator,":election,:registration",ocd-division/country:us/state:mt/county:treasure,Treasure County MT,(406) 342-5547,clerkrecorder@rangeweb.net,,307 Rapelje Ave P.O. Box 392,Hysham,MT,59038,08:00:00 - 06:00,17:00:00 - 06:00,10-17-2016,10-21-2016,
Treasure County,County Election Administrator,":election,:registration",ocd-division/country:us/state:mt/county:treasure,Treasure County MT,(406) 342-5547,clerkrecorder@rangeweb.net,,307 Rapelje Ave P.O. Box 392,Hysham,MT,59038,08:00:00 - 06:00,17:00:00 - 06:00,10-24-2016,10-28-2016,
Treasure County,County Election Administrator,":election,:registration",ocd-division/country:us/state:mt/county:treasure,Treasure County MT,(406) 342-5547,clerkrecorder@rangeweb.net,,307 Rapelje Ave P.O. Box 392,Hysham,MT,59038,08:00:00 - 06:00,17:00:00 - 06:00,10-31-2016,11-04-2016,
Valley County,County Election Administrator,":election,:registration",ocd-division/country:us/state:mt/county:valley,Valley County MT,(406) 228-6226,lnyquist@valleycountymt.gov,,501 Court Sq,Glasgow,MT,59230,08:00:00 - 06:00,17:00:00 - 06:00,10-14-2016,10-14-2016,
Valley County,County Election Administrator,":election,:registration",ocd-division/country:us/state:mt/county:valley,Valley County MT,(406) 228-6226,lnyquist@valleycountymt.gov,,501 Court Sq,Glasgow,MT,59230,08:00:00 - 06:00,17:00:00 - 06:00,10-17-2016,10-21-2016,
Valley County,County Election Administrator,":election,:registration",ocd-division/country:us/state:mt/county:valley,Valley County MT,(406) 228-6226,lnyquist@valleycountymt.gov,,501 Court Sq,Glasgow,MT,59230,08:00:00 - 06:00,17:00:00 - 06:00,10-24-2016,10-28-2016,
Valley County,County Election Administrator,":election,:registration",ocd-division/country:us/state:mt/county:valley,Valley County MT,(406) 228-6226,lnyquist@valleycountymt.gov,,501 Court Sq,Glasgow,MT,59230,08:00:00 - 06:00,17:00:00 - 06:00,10-31-2016,11-04-2016,
Valley County,County Election Administrator,":election,:registration",ocd-division/country:us/state:mt/county:valley,Valley County MT,(406) 228-6226,lnyquist@valleycountymt.gov,,501 Court Sq,Glasgow,MT,59230,08:00:00 - 07:00,12:00:00 - 07:00,11-07-2016,11-07-2016,
Valley County,County Election Administrator,":election,:registration",ocd-division/country:us/state:mt/county:valley,Valley County MT,(406) 228-6226,lnyquist@valleycountymt.gov,,501 Court Sq,Glasgow,MT,59230,07:00:00 - 07:00,20:00:00 - 07:00,11-08-2016,11-08-2016,
Wheatland County,County Election Administrator,":election,:registration",ocd-division/country:us/state:mt/county:wheatland,Wheatland County MT,(406) 632-4891,wccr@mtintouch.net,,201 A Avenue NW,Harlowton,MT,59036,08:00:00 - 06:00,12:00:00 - 06:00,10-11-2016,10-14-2016,
Wheatland County,County Election Administrator,":election,:registration",ocd-division/country:us/state:mt/county:wheatland,Wheatland County MT,(406) 632-4891,wccr@mtintouch.net,,201 A Avenue NW,Harlowton,MT,59036,13:00:00 - 06:00,17:00:00 - 06:00,10-11-2016,10-14-2016,
Wheatland County,County Election Administrator,":election,:registration",ocd-division/country:us/state:mt/county:wheatland,Wheatland County MT,(406) 632-4891,wccr@mtintouch.net,,201 A Avenue NW,Harlowton,MT,59036,08:00:00 - 06:00,12:00:00 - 06:00,10-17-2016,10-21-2016,
Wheatland County,County Election Administrator,":election,:registration",ocd-division/country:us/state:mt/county:wheatland,Wheatland County MT,(406) 632-4891,wccr@mtintouch.net,,201 A Avenue NW,Harlowton,MT,59036,13:00:00 - 06:00,17:00:00 - 06:00,10-17-2016,10-21-2016,
Wheatland County,County Election Administrator,":election,:registration",ocd-division/country:us/state:mt/county:wheatland,Wheatland County MT,(406) 632-4891,wccr@mtintouch.net,,201 A Avenue NW,Harlowton,MT,59036,08:00:00 - 06:00,12:00:00 - 06:00,10-24-2016,10-28-2016,
Wheatland County,County Election Administrator,":election,:registration",ocd-division/country:us/state:mt/county:wheatland,Wheatland County MT,(406) 632-4891,wccr@mtintouch.net,,201 A Avenue NW,Harlowton,MT,59036,13:00:00 - 06:00,17:00:00 - 06:00,10-24-2016,10-28-2016,
Wheatland County,County Election Administrator,":election,:registration",ocd-division/country:us/state:mt/county:wheatland,Wheatland County MT,(406) 632-4891,wccr@mtintouch.net,,201 A Avenue NW,Harlowton,MT,59036,08:00:00 - 06:00,12:00:00 - 06:00,10-31-2016,11-04-2016,
Wheatland County,County Election Administrator,":election,:registration",ocd-division/country:us/state:mt/county:wheatland,Wheatland County MT,(406) 632-4891,wccr@mtintouch.net,,201 A Avenue NW,Harlowton,MT,59036,13:00:00 - 06:00,17:00:00 - 06:00,10-31-2016,10-04-2016,
Wheatland County,County Election Administrator,":election,:registration",ocd-division/country:us/state:mt/county:wheatland,Wheatland County MT,(406) 632-4891,wccr@mtintouch.net,,201 A Avenue NW,Harlowton,MT,59036,08:00:00 - 07:00,12:00:00 - 07:00,11-07-2016,11-07-2016,
Wibaux County,County Election Administrator,":election,:registration",ocd-division/country:us/state:mt/county:wibaux,Wibaux County MT,(406) 796-2481,wibauxco@midrivers.com,,203 Wibaux St S,Wibaux,MT,59353,08:00:00 - 06:00,17:00:00 - 06:00,10-14-2016,10-14-2016,
Wibaux County,County Election Administrator,":election,:registration",ocd-division/country:us/state:mt/county:wibaux,Wibaux County MT,(406) 796-2481,wibauxco@midrivers.com,,203 Wibaux St S,Wibaux,MT,59353,08:00:00 - 06:00,17:00:00 - 06:00,10-17-2016,10-21-2016,
Wibaux County,County Election Administrator,":election,:registration",ocd-division/country:us/state:mt/county:wibaux,Wibaux County MT,(406) 796-2481,wibauxco@midrivers.com,,203 Wibaux St S,Wibaux,MT,59353,08:00:00 - 06:00,17:00:00 - 06:00,10-24-2016,10-28-2016,
Wibaux County,County Election Administrator,":election,:registration",ocd-division/country:us/state:mt/county:wibaux,Wibaux County MT,(406) 796-2481,wibauxco@midrivers.com,,203 Wibaux St S,Wibaux,MT,59353,08:00:00 - 06:00,17:00:00 - 06:00,10-31-2016,11-04-2016,
Wibaux County,County Election Administrator,":election,:registration",ocd-division/country:us/state:mt/county:wibaux,Wibaux County MT,(406) 796-2481,wibauxco@midrivers.com,,203 Wibaux St S,Wibaux,MT,59353,08:00:00 - 07:00,12:00:00 - 07:00,11-07-2016,11-07-2016,
Wibaux County,County Election Administrator,":election,:registration",ocd-division/country:us/state:mt/county:wibaux,Wibaux County MT,(406) 796-2481,wibauxco@midrivers.com,,203 Wibaux St S,Wibaux,MT,59353,07:00:00 - 07:00,20:00:00 - 07:00,11-08-2016,11-08-2016,
Yellowstone County,County Election Administrator,":election,:registration",ocd-division/country:us/state:mt/county:yellowstone,Yellowstone County MT,(406) 256-2740,brutherford@co.yellowstone.mt.gov,,217 N 27th St # 401,Billings,MT,59101,08:00:00 - 06:00,17:00:00 - 06:00,10-11-2016,10-14-2016,
Yellowstone County,County Election Administrator,":election,:registration",ocd-division/country:us/state:mt/county:yellowstone,Yellowstone County MT,(406) 256-2740,brutherford@co.yellowstone.mt.gov,,217 N 27th St # 401,Billings,MT,59101,08:00:00 - 06:00,17:00:00 - 06:00,10-17-2016,10-21-2016,
Yellowstone County,County Election Administrator,":election,:registration",ocd-division/country:us/state:mt/county:yellowstone,Yellowstone County MT,(406) 256-2740,brutherford@co.yellowstone.mt.gov,,217 N 27th St # 401,Billings,MT,59101,08:00:00 - 06:00,17:00:00 - 06:00,10-24-2016,10-28-2016,
Yellowstone County,County Election Administrator,":election,:registration",ocd-division/country:us/state:mt/county:yellowstone,Yellowstone County MT,(406) 256-2740,brutherford@co.yellowstone.mt.gov,,217 N 27th St # 401,Billings,MT,59101,08:00:00 - 06:00,17:00:00 - 06:00,10-31-2016,11-04-2016,
Yellowstone County,County Election Administrator,":election,:registration",ocd-division/country:us/state:mt/county:yellowstone,Yellowstone County MT,(406) 256-2740,brutherford@co.yellowstone.mt.gov,,217 N 27th St # 401,Billings,MT,59101,08:00:00 - 07:00,12:00:00 - 07:00,11-07-2016,11-07-2016,
Yellowstone County,County Election Administrator,":election,:registration",ocd-division/country:us/state:mt/county:yellowstone,Yellowstone County MT,(406) 256-2740,brutherford@co.yellowstone.mt.gov,,217 N 27th St # 401,Billings,MT,59101,07:00:00 - 07:00,20:00:00 - 07:00,11-08-2016,11-08-2016,
