ocd_division,email,county,loc_name,address_one,address_two,city,state,zip,start_time,end_time,start_date,end_date,by_appointment_one,by_appointment_two,appointmnents,subject_to_change,index,address_line,directions
ocd-division/country:us/state:wy/county:albany,jgonzales@co.albany.wy.us,Albany County,Albany County Courthouse,525 Grand Ave,Ste 202,Laramie,WY,82070,9:00:00- 6:00,17:00:00 - 6:00 ,09-23-2016,09-23-2016,False,False,False,False,1,"525 Grand Ave Ste 202 Laramie, WY 82070",
ocd-division/country:us/state:wy/county:big_horn,Lori.Smallwood@bighorncountywy.gov,Big Horn County,Big Horn County Courthouse,420 West C Street,,Basin,WY,82410,8:00:00 - 6:00,17:00:00 - 6:00 ,09-23-2016,09-23-2016,False,False,False,False,9,"420 West C Street nan Basin, WY 82410",
ocd-division/country:us/state:wy/county:campbell,sfs02@ccgov.net,Campbell County,Campbell County Courthouse,500 S. Gillette Ave.,Ste 1600,Gillette,WY,82716,8:00:00 - 6:00,17:00:00 - 6:00 ,09-23-2016,09-23-2016,False,False,False,False,17,"500 S. Gillette Ave. Ste 1600 Gillette, WY 82716",
ocd-division/country:us/state:wy/county:carbon,gwynnbartlett@carbonwy.com,Carbon County,Carbon County Courthouse,415 W Pine St,,Rawlins,WY,82301,8:00:00 - 6:00,17:00:00 - 6:00 ,09-29-2016,09-30-2016,False,False,False,False,25,"415 W Pine St nan Rawlins, WY 82301",
ocd-division/country:us/state:wy/county:converse,lucile.taylor@conversecountywy.gov,Converse County,Converse County Courthouse,107 North 5th Street,Ste 114,Douglas,WY,82633-2448,8:00:00 - 6:00,17:00:00 - 6:00 ,09-23-2016,09-23-2016,False,False,False,False,32,"107 North 5th Street Ste 114 Douglas, WY 82633-2448",
ocd-division/country:us/state:wy/county:crook,LindaF@crookcounty.wy.gov,Crook County,Crook County Courthouse,309 Cleveland Street,,Sundance,WY,82729,8:00:00 - 6:00,17:00:00 - 6:00 ,09-23-2016,09-23-2016,False,False,False,False,40,"309 Cleveland Street nan Sundance, WY 82729",
ocd-division/country:us/state:wy/county:fremont,julie.freese@fremontcountygovernment.org,Fremont County,Fremont County Courthouse,450 North 2nd Street,Rm 220,Lander,WY,82520-0090,8:00:00 - 6:00,17:00:00 - 6:00 ,09-23-2016,09-23-2016,False,False,False,False,48,"450 North 2nd Street Rm 220 Lander, WY 82520-0090",
ocd-division/country:us/state:wy/county:goshen,ckenyon@goshencounty.org,Goshen County,Goshen County Courthouse,2125 East A Street,,Torrington,WY,82240,7:30:00 - 6:00,16:00:00 - 6:00,09-23-2016,09-23-2016,False,False,False,False,56,"2125 East A Street nan Torrington, WY 82240",
ocd-division/country:us/state:wy/county:hot_springs,ninaw@hscounty.com,Hot Springs County,Hot Springs County Courthouse,415 Arapahoe,,Thermopolis,WY,82443-2783,8:00:00 - 6:00,17:00:00 - 6:00 ,09-23-2016,09-23-2016,False,False,False,False,64,"415 Arapahoe nan Thermopolis, WY 82443-2783",
ocd-division/country:us/state:wy/county:johnson,clerk@johnsoncowy.us,Johnson County,Johnson County Courthouse,76 North Main Street,,Buffalo,WY,82834-1883,8:00:00 - 6:00,17:00:00 - 6:00 ,09-23-2016,09-23-2016,False,False,False,False,72,"76 North Main Street nan Buffalo, WY 82834-1883",
ocd-division/country:us/state:wy/county:laramie,dlathrop@laramiecountyclerk.com,Laramie County,Laramie County Courthouse,309 West 20th Street,,Cheyenne,WY,82001,8:00:00 - 6:00,17:00:00 - 6:00 ,09-23-2016,09-23-2016,False,False,False,False,80,"309 West 20th Street nan Cheyenne, WY 82001",
ocd-division/country:us/state:wy/county:lincoln,jwagner@lcwy.org,Lincoln County,Lincoln County Courthouse,925 Sage Avenue,Ste 101,Kemmerer,WY,83101,8:00:00 - 6:00,17:00:00 - 6:00 ,09-23-2016,09-23-2016,False,False,False,False,88,"925 Sage Avenue Ste 101 Kemmerer, WY 83101",
ocd-division/country:us/state:wy/county:natrona,rvitto@natronacounty-wy.gov,Natrona County,Natrona County Courthouse,200 North Center Street,Suite 154,Casper,WY,82601,8:00:00 - 6:00,17:00:00 - 6:00 ,09-29-2016,09-30-2016,False,False,False,False,96,"200 North Center Street Suite 154 Casper, WY 82601",
ocd-division/country:us/state:wy/county:niobrara,niocc@qwestoffice.net,Niobrara County,Niobara County Courthouse,424 South Elm,,Lusk,WY,82225,8:00:00 - 6:00,17:00:00 - 6:00 ,09-23-2016,09-23-2016,False,False,False,False,103,"424 South Elm nan Lusk, WY 82225",
ocd-division/country:us/state:wy/county:park,crenner@parkcounty.us,Park County,Park County Courthouse,1002 Sheridan Ave,,Cody,WY,82414-3589,8:00:00 - 6:00,17:00:00 - 6:00 ,09-29-2016,09-30-2016,False,False,False,False,111,"1002 Sheridan Ave nan Cody, WY 82414-3589",
ocd-division/country:us/state:wy/county:platte,pcclerk@plattecountywyoming.com,Platte County,Park County Courthouse,800 9th St.,,Wheatland,WY,82201,7:00:00 - 6:00,16:00:00 - 6:00,09-26-2016,09-30-2016,False,False,False,False,118,"800 9th St. nan Wheatland, WY 82201",
ocd-division/country:us/state:wy/county:sheridan,ethompson@sheridancounty.com,Sheridan County,Sheridan County Courthouse,224 South Main Street,Suite B-2,Sheridan,WY,82801-4855,8:00:00 - 6:00,17:00:00 - 6:00 ,09-23-2016,09-23-2016,False,False,False,False,125,"224 South Main Street Suite B-2 Sheridan, WY 82801-4855",
ocd-division/country:us/state:wy/county:sublette,maryl@sublettewyo.com,Sublette County,Sublette County Courthouse,21 S. Tyler,,Pinedale,WY,82941,8:00:00 - 6:00,17:00:00 - 6:00 ,09-29-2016,09-30-2016,False,False,False,False,133,"21 S. Tyler nan Pinedale, WY 82941",
ocd-division/country:us/state:wy/county:sweetwater,davisd@sweet.wy.us,Sweetwater County,Sweetwater County Courthouse,80 West Flaming Gorge Way,Ste 150,Green River,WY,82935,8:00:00 - 6:00,17:00:00 - 6:00 ,09-23-2016,09-23-2016,False,False,False,False,140,"80 West Flaming Gorge Way Ste 150 Green River, WY 82935",
ocd-division/country:us/state:wy/county:teton,sdaigle@tetonwyo.org,Teton County,Teton County Courthouse,200 S. Willow St. ,,Jackson,WY,83001,8:00:00 - 6:00,17:00:00 - 6:00 ,09-23-2016,09-23-2016,False,False,False,False,148,"200 S. Willow St.  nan Jackson, WY 83001",
ocd-division/country:us/state:wy/county:uinta,lawilcox@uintacounty.com,Uinta County,Uinta County Courthouse,225 9th Street,,Evanston,WY,82930-3415,8:00:00 - 6:00,17:00:00 - 6:00 ,09-23-2016,09-23-2016,False,False,False,False,156,"225 9th Street nan Evanston, WY 82930-3415",
ocd-division/country:us/state:wy/county:washakie,clerk@washakiecounty.net,Washakie County,Washakie County Courthouse,1001 Big Horn Avenue,,Worland,WY,82401,8:00:00 - 6:00,17:00:00 - 6:00 ,09-29-2016,09-30-2016,False,False,False,False,164,"1001 Big Horn Avenue nan Worland, WY 82401",
ocd-division/country:us/state:wy/county:weston,cheryl@westongov.com,Weston County,Weston County Courthouse,1 West Main,,Newcastle,WY,82701-2121 ,8:00:00 - 6:00,16:30:00 - 6:00,09-23-2016,09-23-2016,False,False,False,False,171,"1 West Main nan Newcastle, WY 82701-2121 ",
