County,Precinct Name,Precinct Number,Total Number of Registered Voters as of 05/10/2016,HD,SD,Polling Place Location,Polling Place Address,Polling Place City,Polling Place Zip,Polling Place Hours,Late Registration Location (if different or in addition to county election office)                               *Election Day Registration location only  **Other,Late Registration Address                           (if different or in addition to county election office)
Beaverhead,PRECINCT 01,PREC_01,741,72,36,LUTHERAN CHURCH,715 E BANNACK,DILLON,59725,7:00 am - 8:00 pm,,
Beaverhead,PRECINCT 02,PREC_02,892,72,36,LUTHERAN CHURCH,715 E BANNACK,DILLON,59725,7:00 am - 8:00 pm,,
Beaverhead,PRECINCT 03,PREC_03,847,72,36,LUTHERAN CHURCH,715 E BANNACK,DILLON,59725,7:00 am - 8:00 pm,,
Beaverhead,PRECINCT 04,PREC_04,237,72,36,LIMA FIRE HALL,5 WEST SECTION CORNER ST,LIMA,59739,7:00 am - 8:00 pm,,
Beaverhead,PRECINCT 05,PREC_05,152,72,36,LIMA COMM FIRE HALL,5 W SEC CORNER ST,LIMA,59739,7:00 am - 8:00 pm,,
Beaverhead,PRECINCT 06,PREC_06,714,72,36,LUTHERAN CHURCH,715 E BANNACK,DILLON,59725,7:00 am - 8:00 pm,,
Beaverhead,PRECINCT 07,PREC_07,360,72,36,LUTHERAN CHURCH,715 E BANNACK,DILLON,59725,7:00 am - 8:00 pm,,
Beaverhead,PRECINCT 08,PREC_08,89,72,36,GRANT SCHOOL,1240 HIGHWAY 324,DILLON,59725,7:00 am - 8:00 pm,,
Beaverhead,PRECINCT 09,PREC_09,504,72,36,LUTHERAN CHURCH,715 E BANNACK,DILLON,59725,7:00 am - 8:00 pm,,
Beaverhead,PRECINCT 12,PREC_12,579,72,36,LUTHERAN CHURCH,715 E BANNACK,DILLON,59725,7:00 am - 8:00 pm,,
Beaverhead,PRECINCT 14,PREC_14,530,72,36,LUTHERAN CHURCH,715 E BANNACK,DILLON,59725,7:00 am - 8:00 pm,,
Beaverhead,PRECINCT 17,PREC_17,110,72,36,REICHLE SCHOOL 1,6715 SCHOOLHOUSE RD,GLEN,59732,7:00 am - 8:00 pm,,
Beaverhead,PRECINCT 19,PREC_19,129,72,36,POLARIS SCHOOL,4210 PIONEER MOUNTAINS BYWAY,POLARIS,59746,7:00 am - 8:00 pm,,
Beaverhead,PRECINCT 20,PREC_20,99,72,36,JACKSON SCHOOL,415 JARDINE,JACKSON,59736,7:00 am - 8:00 pm,,
Beaverhead,PRECINCT 21,PREC_21,161,72,36,WISDOM COMMUNITY HALL,411 COUNTY ROAD,WISDOM,59761,7:00 am - 8:00 pm,,
Beaverhead,PRECINCT 23,PREC_23,159,72,36,WISE RIVER FIRE HALL,64845 HIGHWAY,WISE RIVER,59762,7:00 am - 8:00 pm,,
Big Horn,PRECINCT #1,1,238,42,21,PERITSA- SR CENTER,317 N CUSTER AVE,HARDIN,59034,7:00 am - 8:00 pm,,
Big Horn,PRECINCT #2,2,211,42,21,NAT'L PARK SERV BLDG - FORT,5 AVE B,FORT SMITH,59035,7:00 am - 8:00 pm,,
Big Horn,PRECINCT #3,3,169,41,21,FOSTER -3 SR CENTER,317 N CUSTER AVE,HARDIN,59034,7:00 am - 8:00 pm,,
Big Horn,PRECINCT #4,4,96,42,21,WHITMAN - SR CENTER,317 N CUSTER AVE,HARDIN,59034,7:00 am - 8:00 pm,,
Big Horn,PRECINCT #5,5,353,41,21,CROW SCHOOL -  RENO,8470 S CHILD STREET,CROW AGENCY,59022,7:00 am - 8:00 pm,,
Big Horn,PRECINCT #6,6,75,41,21,SPRING CRK SCHL -  SARPY,22997 E SARPY ROAD,BIG HORN,59010,7:00 am - 8:00 pm,,
Big Horn,PRECINCT #7,7,1457,42,21,CROW SCHL -  CROW AGNCY,8470 S. CHILD STREET,CROW AGENCY,59022,7:00 am - 8:00 pm,,
Big Horn,PRECINCT #8,8,236,42,21,PRETTY EAGLE SCHL -  ST X,18348 S MISSION ROAD,SAINT XAVIER,59075,7:00 am - 8:00 pm,,
Big Horn,PRECINCT #9,9,374,42,21,LG SENIOR CENTER,HARDING AVE & WOLF LAYS DOWN,LODGE GRASS,59050,7:00 am - 8:00 pm,,
Big Horn,PRECINCT #10,10,84,41,21,DECKER SCHOOL -  DECKER,38966 E. TONGUE LANE,DECKER,59025,7:00 am - 8:00 pm,,
Big Horn,PRECINCT #14,14,269,41,21,WYOLA SCHOOL - WYOLA,41220 S. MONDEL AVE.,WYOLA,59089,7:00 am - 8:00 pm,,
Big Horn,PRECINCT #15,15,496,42,21,PRYOR ELEM SCH - PRYOR,45089 W. SCHOOL YARD STREET,PRYOR,59066,7:00 am - 8:00 pm,,
Big Horn,PRECINCT #17,17,603,42,21,AUDITORIUM - HARDIN,611 WEST 5TH,HARDIN,59034,7:00 am - 8:00 pm,,
Big Horn,PRECINCT #18,18,492,42,21,AUDITORIUM - HARDIN,611 WEST 5TH,HARDIN,59034,7:00 am - 8:00 pm,,
Big Horn,PRECINCT #19,19,741,42,21,AUDITORIUM - HARDIN,611 WEST 5TH,HARDIN,59034,7:00 am - 8:00 pm,,
Big Horn,PRECINCT #21,21,642,42,21,LG HIGH SCHOOL,11448 E. LODGE GRASS SCHOOL ROAD,LODGE GRASS,59050,7:00 am - 8:00 pm,,
Big Horn,PRECINCT #25,25,185,41,21,LG HIGH SCHOOL,11448 E. LODGE GRASS SCHOOL ROAD,LODGE GRASS,59050,7:00 am - 8:00 pm,,
Big Horn,PRECINCT #26,26,696,41,21,BUSBY SCHOOL -  BUSBY,13152 S. B STREET,BUSBY,59016,7:00 am - 8:00 pm,,
Big Horn,PRECINCT #4N,4N,199,41,21,NORTH WHITMAN- 4N SR CENTER,317 N CUSTER AVE,HARDIN,59034,7:00 am - 8:00 pm,,
Blaine,TURNER 1-33,PREC_01,341,33,17,TURNER SCHOOL #1,190 1ST ST E,TURNER,59542,* Noon - 8:00 pm,,
Blaine,BELKNAP 3-32,PREC_03,551,32,16,SACRED HEART CATHOLIC CHURCH #3,210 CHIPPEWA AVE FORT BELKNAP AGENCY,HARLEM,59526,7:00 am - 8:00 pm,,
Blaine,HARLEM 8-32,PREC_08,424,32,16,HARLEM HIGH SCHOOL #8,610 1ST AVE SE,HARLEM,59526,7:00 am - 8:00 pm,,
Blaine,HARLEM 9-32,PREC_09,236,32,16,SACRED HEART CATHOLIC CHURCH #9,210 CHIPPEWA AVE FORT BELKNAP AGENCY,HARLEM,59526,7:00 am - 8:00 pm,,
Blaine,SO CHINOOK 10-32,PREC_10,518,32,16,CHINOOK HIGH SCHOOL #10,528 OHIO ST,CHINOOK,59523,7:00 am - 8:00 pm,,
Blaine,CHINOOK 11-33,PREC_11,752,33,17,CHINOOK HIGH SCHOOL #11,528 OHIO ST,CHINOOK,59523,7:00 am - 8:00 pm,,
Blaine,NO CHINOOK 13-33,PREC_13,136,33,17,CHINOOK HIGH SCHOOL #13,528 OHIO ST,CHINOOK,59523,7:00 am - 8:00 pm,,
Blaine,HAYS 15-32,PREC_15,728,32,16,HAYS/LODGEPOLE  HIGHSCHOOL  #15,197 THUNDERBIRD LN,HAYS,59527,7:00 am - 8:00 pm,,
Broadwater,PRECINCT 1,PREC_1,785,70,35,WINSTON FIRE HALL,6467 HWY 287,WINSTON,59647,7:00 am - 8:00 pm,,
Broadwater,PRECINCT 11,PREC_11,822,70,35,LIBRARY COMMUNITY ROOM,201 N SPRUCE,TOWNSEND,59644,7:00 am - 8:00 pm,,
Broadwater,PRECINCT 12,PREC_12,851,70,35,LIBRARY COMMUNITY ROOM,201 N SPRUCE,TOWNSEND,59644,7:00 am - 8:00 pm,,
Broadwater,PRECINCT 13,PREC_13,781,70,35,TOSTON FIRE HALL,8852 HWY 287,TOSTON,59643,7:00 am - 8:00 pm,,
Broadwater,PRECINCT 7,PREC_7,679,70,35,LIBRARY COMMUNITY ROOM,201 N SPRUCE,TOWNSEND,59644,7:00 am - 8:00 pm,,
Carbon,P 1,1,604,58,29,JOLIET COMMUNITY CENTER,209 FRONT ST,JOLIET,59041,7:00 am - 8:00 pm,,
Carbon,P 2,2,353,58,29,P2 JOLIET COMMUNITY CENTER,209 E. FRONT,JOLIET,59041,7:00 am - 8:00 pm,,
Carbon,P 3,3,669,58,29,P3 JOLIET COMMUNITY CENTER,209 E FRONT,JOLIET,59041,7:00 am - 8:00 pm,,
Carbon,P 4,4,410,58,29,P4 BRIDGER HIGH SCHOOL,427 W PARK,BRIDGER,59014,7:00 am - 8:00 pm,,
Carbon,P 5,5,431,58,29,P5 BRIDGER HIGH SCHOOL,427 W PARK,BRIDGER,59014,7:00 am - 8:00 pm,,
Carbon,P 6,6,416,58,29,BELFRY ELEMENTARY SCHOOL,26 WISCONSIN,BELFRY,59008,7:00 am - 8:00 pm,,
Carbon,P 7,7,604,58,29,ROBERTS FIRE HALL,5 SOUTH FIRST ST,ROBERTS,59013,7:00 am - 8:00 pm,,
Carbon,P 8,8,592,58,29,P8 Red Lodge Civic Center,215 14th Street West,Red Lodge ,59068,7:00 am - 8:00 pm,,
Carbon,P 9,9,515,58,29,P9 Red Lodge Civic Center ,215 14th Street West,Red Lodge ,59068,7:00 am - 8:00 pm,,
Carbon,P 10,10,446,58,29,P10 Red Lodge Civic Center,215 14th Street West,Red Lodge ,59068,7:00 am - 8:00 pm,,
Carbon,P 11,11,1062,58,29,P11 Red Lodge Civic Center,215 14th Street West,Red Lodge ,59068,7:00 am - 8:00 pm,,
Carbon,P 15,12,695,58,29,FROMBERG SCHOOL,319 SCHOOL,FROMBERG,59029,7:00 am - 8:00 pm,,
Carbon,P 16,13,368,58,29,LUTHER SCHOOL,4 LUTHER/ROSCOE RD,LUTHER,59068,7:00 am - 8:00 pm,,
Carter,PRECINCT #1 ALZADA,PREC_1,132,37,19,ALZADA COMMUNITY HALL,142 OFALLON STREET,ALZADA,59311,* Noon - 8:00 pm,,
Carter,PRECINCT #13 EKALAKA,PREC_13,267,37,19,CARTER COUNTY EVENT CENTER,209 W. SPEELMON,EKALAKA,59324,7:00 am - 8:00 pm,,
Carter,PRECINCT #14 RURAL EKALAKA,PREC_14,443,37,19,CARTER COUNTY EVENT CENTER,209 W. SPEELMON,EKALAKA,59324,7:00 am - 8:00 pm,,
Carter,PRECINCT #3 HAMMOND,PREC_3,73,37,19,BOYES COMMUNITY HALL,10460 HWY212,BOYES,59316,* Noon - 8:00 pm,,
Cascade,P19A1,P19A1,644,19,10,19A1 VAUGHN FIRE STATION,14 4TH ST,VAUGHN,59487,7:00 am - 8:00 pm,** MT Expo Park, beginning 5/31 
Cascade,P19A2,P19A2,1227,19,10,19A2 SUN RIVER SENIOR CENTER,13319 MT HWY 200,FORT SHAW,59443,7:00 am - 8:00 pm,,
Cascade,P19A3,P19A3,535,19,10,19A3 ULM PUBLIC SCHOOL,6 WEST ULM RD,ULM,59485,7:00 am - 8:00 pm,,
Cascade,P19A4,P19A4,572,19,10,19A4 EXHIBITION HALL/EXPO PARK,400 3RD ST NW,GREAT FALLS,59404,7:00 am - 8:00 pm,,
Cascade,P19B1,P19B1,86,19,10,19B1 CENTERVILLE PUBLIC SCHOOL,693 STOCKETT RD,SAND COULEE,59472,7:00 am - 8:00 pm,,
Cascade,P19B2,P19B2,1396,19,10,19B2 CASCADE - WEDSWORTH HALL,13 FRONT ST,CASCADE,59421,7:00 am - 8:00 pm,,
Cascade,P19C,P19C,764,19,10,19C CENTERVILLE PUBLIC SCHOOL,693 STOCKETT RD,SAND COULEE,59472,7:00 am - 8:00 pm,,
Cascade,P19D,P19D,626,19,10,19D BELT SENIOR CENTER,19 CASTNER ST,BELT,59412,7:00 am - 8:00 pm,,
Cascade,P19E,P19E,360,19,10,19E EXHIBITION HALL/EXPO PARK,400 3RD ST NW,GREAT FALLS,59404,7:00 am - 8:00 pm,,
Cascade,P20A,P20A,5845,20,10,20A EXHIBITION HALL/EXPO PARK,400 3RD ST NW,GREAT FALLS,59404,7:00 am - 8:00 pm,,
Cascade,P20B,P20B,1633,20,10,20B EXHIBITION HALL/EXPO PARK,400 3RD ST NW,GREAT FALLS,59404,7:00 am - 8:00 pm,,
Cascade,P21A,P21A,5835,21,11,21A EXHIBITION HALL/EXPO PARK,400 3RD ST NW,GREAT FALLS,59404,7:00 am - 8:00 pm,,
Cascade,P21B,P21B,565,21,11,21B EXHIBITION HALL/EXPO PARK,400 3RD ST NW,GREAT FALLS,59404,7:00 am - 8:00 pm,,
Cascade,P22A,P22A,4222,22,11,22A EXHIBITION HALL/EXPO PARK,400 3RD ST NW,GREAT FALLS,59404,7:00 am - 8:00 pm,,
Cascade,P22B.,P22B.,1502,22,11,22B EXHIBITION HALL/EXPO PARK,400 3RD ST NW,GREAT FALLS,59404,7:00 am - 8:00 pm,,
Cascade,P22C,P22C,47,22,11,22C EXHIBITION HALL/EXPO PARK,400 3RD ST NW,GREAT FALLS,59404,7:00 am - 8:00 pm,,
Cascade,P23,P23,5917,23,12,23 EXHIBITION HALL/EXPO PARK,400 3RD ST NW,GREAT FALLS,59404,7:00 am - 8:00 pm,,
Cascade,P24,P24,6021,24,12,24 EXHIBITION HALL/EXPO PARK,400 3RD ST NW,GREAT FALLS,59404,7:00 am - 8:00 pm,,
Cascade,P25,P25,6034,25,13,25 EXHIBITION HALL/EXPO PARK,400 3RD ST NW,GREAT FALLS,59404,7:00 am - 8:00 pm,,
Cascade,P26A,P26A,3875,26,13,26A EXHIBITION HALL/EXPO PARK,400 3RD ST NW,GREAT FALLS,59404,7:00 am - 8:00 pm,,
Cascade,P26B,P26B,934,26,13,26B EXHIBITION HALL/EXPO PARK,400 3RD ST NW,GREAT FALLS,59404,7:00 am - 8:00 pm,,
Cascade,P27,P27,830,27,14,27 EXHIBITION HALL/EXPO PARK,400 3RD ST NW,GREAT FALLS,59404,7:00 am - 8:00 pm,,
Cascade,P30,P30,625,30,15,30 BELT SENIOR CENTER,19 CASTNER ST,BELT,59412,7:00 am - 8:00 pm,,
Chouteau,FORT BENTON 1,PCT_01,564,27,14,FORT BENTON ELEMENTARY,1406 FRANKLIN STREET,FORT BENTON,59442,7:00 am - 8:00 pm,,
Chouteau,FORT BENTON 2,PCT_02,547,27,14,FORT BENTON ELEMENTARY,1406 FRANKLIN STREET,FORT BENTON,59442,7:00 am - 8:00 pm,,
Chouteau,GERALDINE 3,PCT_03,365,27,14,GERALDINE SENIOR CITIZEN,420 MAIN STREET,GERALDINE,59446,7:00 am - 8:00 pm,,
Chouteau,CARTER 4,PCT_04,309,27,14,CARTER COMMUNITY HALL,120 2ND AVENUE,CARTER,59420,Noon - 8:00 pm,,
Chouteau,ROCKY BOY 5,PCT_05,321,32,16,NEW STONE CHILD COLLEGE,8294 UPPER BOX ELDER ROAD ROCKY BOY RESERVATION,BOX ELDER,59521,7:00 am - 8:00 pm,,
Chouteau,HIGHWOOD 6,PCT_06,317,27,14,HIGHWOOD COMMUNITY HALL,152 MAIN STREET SOUTH,HIGHWOOD,59450,7:00 am - 8:00 pm,,
Chouteau,LOMA 7,PCT_07,139,27,14,LOMA COMMUNITY HALL,207 3RD AVENUE,LOMA,59460,Noon - 8:00 pm,,
Chouteau,BIG SANDY 8,PCT_08,311,27,14,BIG SANDY TOWN HALL,115 JOHANNES STREET,BIG SANDY,59520,7:00 am - 8:00 pm,,
Chouteau,BIG SANDY 9,PCT_09,416,27,14,BIG SANDY TOWN HALL,115 JOHANNES STREET,BIG SANDY,59520,7:00 am - 8:00 pm,,
Custer,KIRCHER,5-37,205,37,19,KIRCHER CREEK SCH,331 KIRCHER CREEK ROAD,MILES CITY,59301,* Noon - 8:00 pm,,
Custer,NAT'L GUARD,6-37,187,37,19,NATIONAL GUARD ARMORY,1020 N HAYNES,MILES CITY,59301,* Noon - 8:00 pm,,
Custer,KINSEY,7-37,221,37,19,KINSEY SCH,7 MASTIN ROAD,KINSEY,59338,* Noon - 8:00 pm,,
Custer,SPRING CREEK SCH,11-37,57,37,19,SPRING CREEK SCHOOL,12 KRUTZFELDT ROAD 561,POWDERVILLE,59345,* Noon - 8:00 pm,,
Custer,RIVERVIEW SCHOOL,12-37,35,37,19,RIVERVW SCH,1734 ROAD 506,MILES CITY,59301,* Noon - 8:00 pm,,
Custer,WASHINGTON SCH,1-38,1260,38,19,WASHINGTON GYM-A,210 N 9TH,MILES CITY,59301,7:00 am - 8:00 pm,,
Custer,CCDHS,2-38,1207,38,19,CCDHS GYM LOBBY,20 S. CENTER,MILES CITY,59301,7:00 am - 8:00 pm,,
Custer,HIGHLAND PARK SCH,3-38,1513,38,19,HIGHLAND PARK SCHOOL GYM,716 S CALE,MILES CITY,59301,7:00 am - 8:00 pm,,
Custer,JEFFERSON SCH,4-38,1502,38,19,JEFFERSON SCHOOL GYM,106 N STREVELL,MILES CITY,59301,7:00 am - 8:00 pm,,
Custer,SHEFFIELD MOON,8-39,342,39,20,WASHINGTON SCHOOL GYM B,210 N 9TH STREET,MILES CITY,59301,* Noon - 8:00 pm,,
Custer,S-H SCHOOL,9-39,106,39,20,S-H SCHOOL,6281 MOON CREEK ROAD,MILES CITY,59301,* Noon - 8:00 pm,,
Custer,SY SCHOOL,10-39,36,39,20,S-Y SCH,1 ASH CREEK ROAD 664,MILES CITY,59301,* Noon - 8:00 pm,,
Custer,KNOWLTON SCH,13-37,57,37,19,KNOWLTON  SCHOOL,1533 HORSE CREEK ROAD 403,ISMAY,59336,* Noon - 8:00 pm,,
Custer,ISMAY CHURCH,14-37,33,37,19,ISMAY COMMUNITY CHURCH,ISMAY,ISMAY,59336,* Noon - 8:00 pm,,
Daniels,PRECINCT #2,PREC_02,156,34,17,THE BARN,,FLAXVILLE,59222,* Noon - 8:00 pm,,
Daniels,PRECINCT #3,PREC_03,341,34,17,SCOBEY HIGH SCHOOL,205 2ND AVE E,SCOBEY,59263,7:00 am - 8:00 pm,,
Daniels,PRECINCT #5,PREC_05,333,34,17,SENIOR CITIZENS CENTER,201 MAIN STREET,SCOBEY,59263,7:00 am - 8:00 pm,,
Daniels,PRECINCT #6,PREC_06,298,34,17,COUNTY LIBRARY,203 TIMMONS ST.,SCOBEY,59263,7:00 am - 8:00 pm,,
Dawson,PRECINCT 01,PREC_1,530,36,18,11-EPEC CENTER,313 S MERRILL AVE,GLENDIVE,59330,7:00 am - 8:00 pm,,
Dawson,PRECINCT 02,PREC_2,693,36,18,11-EPEC CENTER,313 S MERRILL AVE,GLENDIVE,59330,7:00 am - 8:00 pm,,
Dawson,PRECINCT 03,PREC_3,1001,36,18,11-EPEC CENTER,313 S MERRILL AVE,GLENDIVE,59330,7:00 am - 8:00 pm,,
Dawson,PRECINCT 04,PREC_4,599,36,18,11-EPEC CENTER,313 S MERRILL AVE,GLENDIVE,59330,7:00 am - 8:00 pm,,
Dawson,PRECINCT 05,PREC_5,331,36,18,RICHEY SENIOR CITIZEN CENTER - 5,223 S MAIN ST,RICHEY,59259,* Noon - 8:00 pm,,
Dawson,PRECINCT 06,PREC_6,1039,36,18,11-EPEC CENTER,313 S MERRILL AVE,GLENDIVE,59330,7:00 am - 8:00 pm,,
Dawson,PRECINCT 07,PREC_7,1328,36,18,11-EPEC CENTER,313 S MERRILL AVE,GLENDIVE,59330,7:00 am - 8:00 pm,,
Deer Lodge,PRECINCT 1-77E,PC_177E,552,77,39,AHS TECHNOLOGY CENTER,1410 W PARK AVE,ANACONDA,59711,7:00 am - 8:00 pm,*AHS Technology Center, Room 11
Deer Lodge,PRECINCT 1-77W,PC_177W,621,77,39,AHS TECHNOLOGY CENTER,1410 W PARK AVE,ANACONDA,59711,7:00 am - 8:00 pm,,
Deer Lodge,PRECINCT 1-78,PC_178,100,78,39,AHS TECHNOLOGY CENTER,1410 W PARK AVE,ANACONDA,59711,7:00 am - 8:00 pm,,
Deer Lodge,PRECINCT 2-77E,PC_277E,390,77,39,FRED MOODRY MIDDLE SCHOOL 4,219 EAST THIRD,ANACONDA,59711,7:00 am - 8:00 pm,,
Deer Lodge,PRECINCT 2-77W,PC_277W,398,78,39,FRED MOODRY MIDDLE SCHOOL 4,219 EAST THIRD,ANACONDA,59711,7:00 am - 8:00 pm,,
Deer Lodge,PRECINCT 2-78,PC_278,96,78,39,FRED MOODRY MIDDLE SCHOOL 4,219 EAST THIRD,ANACONDA,59711,7:00 am - 8:00 pm,,
Deer Lodge,PRECINCT 3-77E,PC_377E,407,77,39,FRED MOODRY MIDDLE SCHOOL 4,219 EAST THIRD,ANACONDA,59711,7:00 am - 8:00 pm,,
Deer Lodge,PRECINCT 3-77W,PC_377W,381,77,39,FRED MOODRY MIDDLE SCHOOL 4,219 EAST THIRD,ANACONDA,59711,7:00 am - 8:00 pm,,
Deer Lodge,PRECINCT 3-78,PC_378,118,78,39,FRED MOODRY MIDDLE SCHOOL 4,219 EAST THIRD,ANACONDA,59711,7:00 am - 8:00 pm,,
Deer Lodge,PRECINCT 4-77,PC_477,107,77,39,OPPORTUNITY COMMUNITY CLUB,STEWART & HAUSER,OPPORTUNITY,59711,7:00 am - 8:00 pm,,
Deer Lodge,PRECINCT 4-78E,PC_478E,331,78,39,OPPORTUNITY COMMUNITY CLUB,STEWART & HAUSER,OPPORTUNITY,59711,7:00 am - 8:00 pm,,
Deer Lodge,PRECINCT 4-78W,PC_478W,331,78,39,OPPORTUNITY COMMUNITY CLUB,STEWART & HAUSER,OPPORTUNITY,59711,7:00 am - 8:00 pm,,
Deer Lodge,PRECINCT 5-77N,PC_577N,673,77,39,AHS TECHNOLOGY CENTER,1410 W PARK AVE,ANACONDA,59711,7:00 am - 8:00 pm,,
Deer Lodge,PRECINCT 5-77S,PC_577S,525,77,39,AHS TECHNOLOGY CENTER,1410 W PARK AVE,ANACONDA,59711,7:00 am - 8:00 pm,,
Fallon,PRECINCT 1,PREC_1,566,37,19,PCT'S 1,2, 3  AT EXHIBIT HALL,3440 HIGHWAY 7,BAKER,59313,7:00 am - 8:00 pm
Fallon,PRECINCT 2,PREC_2,497,37,19,PCT'S 1,2, 3  AT EXHIBIT HALL,3440 HIGHWAY 7,BAKER,59313,7:00 am - 8:00 pm
Fallon,PRECINCT 3,PREC_3,515,37,19,PCT'S 1,2, 3  AT EXHIBIT HALL,3440 HIGHWAY 7,BAKER,59313,7:00 am - 8:00 pm
Fallon,PRECINCT 4,PREC_4,294,37,19,PREC 4 PLEVNA FIRE HALL,105 CALLIN AVENUE WEST,PLEVNA,59344,* Noon - 8:00 pm,,
Fergus,PREC 10,PREC_10,429,29,15,TRADE CENTER #10,100 FAIRGROUNDS RD,LEWISTOWN,59457,7:00 am - 8:00 pm,,
Fergus,PREC 11,PREC_11,557,29,15,TRADE CENTER #11,100 FAIRGROUNDS RD,LEWISTOWN,59457,7:00 am - 8:00 pm,,
Fergus,PREC 12,PREC_12,113,30,15,TRADE CENTER #12,100 FAIRGROUNDS RD,LEWISTOWN,59457,Contact County,,
Fergus,PREC 13,PREC_13,650,29,15,TRADE CENTER #13,100 FAIRGROUNDS RD,LEWISTOWN,59457,7:00 am - 8:00 pm,,
Fergus,PREC 14,PREC_14,396,30,15,MOORE FIRE HALL #14,302 FERGUS AVE,MOORE,59464,7:00 am - 8:00 pm,,
Fergus,PREC 16,PREC_16,277,29,15,WINIFRED COMMUNITY CENTER #16,200 MAIN ST,WINIFRED,59489,7:00 am - 8:00 pm,,
Fergus,PREC 17,PREC_17,518,29,15,TRADE CENTER #17,100 FAIRGROUNDS RD,LEWISTOWN,59457,7:00 am - 8:00 pm,,
Fergus,PREC 18,PREC_18,239,29,15,ROY SCHOOL #18,500 DAVIS ST,ROY,59471,* Noon - 8:00 pm,,
Fergus,PREC 2,PREC_2,1060,29,15,TRADE CENTER #02,100 FAIRGROUNDS RD,LEWISTOWN,59457,7:00 am - 8:00 pm,,
Fergus,PREC 3,PREC_3,487,30,15,TRADE CENTER #03,100 FAIRGROUNDS RD,LEWISTOWN,59457,7:00 am - 8:00 pm,,
Fergus,PREC 4,PREC_4,406,30,15,DENTON TOWN HALL #4,515 BROADWAY ST,DENTON,59430,7:00 am - 8:00 pm,,
Fergus,PREC 5,PREC_5,410,29,15,GRASS RANGE SCHOOL #5,310 E 2ND ST,GRASS RANGE,59032,7:00 am - 8:00 pm,,
Fergus,PREC 6,PREC_6,513,29,15,TRADE CENTER #06,100 FAIRGROUNDS RD,LEWISTOWN,59457,7:00 am - 8:00 pm,,
Fergus,PREC 7,PREC_7,442,29,15,TRADE CENTER #07,100 FAIRGROUNDS RD,LEWISTOWN,59457,7:00 am - 8:00 pm,,
Fergus,PREC 8,PREC_8,420,29,15,TRADE CENTER #08,100 FAIRGROUNDS RD,LEWISTOWN,59457,7:00 am - 8:00 pm,,
Fergus,PREC 9,PREC_9,447,29,15,TRADE CENTER #09,100 FAIRGROUNDS RD,LEWISTOWN,59457,7:00 am - 8:00 pm,,
Flathead,PRECINCT 1,PREC 01,885,7,4,FC TRADE CENTER - FAIRGROUNDS,265 N MERIDIAN,KALISPELL,59901,7:00 am - 8:00 pm,Fairgrounds-Country Kitchen Building,265 N. Meridian Rd.
Flathead,PRECINCT 2,PREC 02,1554,7,4,FC TRADE CENTER - FAIRGROUNDS,265 N MERIDIAN,KALISPELL,59901,7:00 am - 8:00 pm,,
Flathead,PRECINCT 3,PREC 03,1321,7,4,FC TRADE CENTER - FAIRGROUNDS,265 N MERIDIAN,KALISPELL,59901,7:00 am - 8:00 pm,,
Flathead,PRECINCT 4,PREC 04,1492,7,4,FC TRADE CENTER - FAIRGROUNDS,265 N MERIDIAN,KALISPELL,59901,7:00 am - 8:00 pm,,
Flathead,PRECINCT 5,PREC 05,1689,8,4,FC TRADE CENTER - FAIRGROUNDS,265 N MERIDIAN,KALISPELL,59901,7:00 am - 8:00 pm,,
Flathead,PRECINCT 6,PREC 06,2841,6,3,FC TRADE CENTER - FAIRGROUNDS,265 N MERIDIAN,KALISPELL,59901,7:00 am - 8:00 pm,,
Flathead,PRECINCT 7,PREC 07,1284,4,2,US ARMED FORCES RESERVE CENTER,2898 US HWY 93 N,KALISPELL,59901,7:00 am - 8:00 pm,,
Flathead,PRECINCT 8,PREC 08,961,4,2,DEER PARK SCHOOL,2105 MIDDLE RD,COLUMBIA FALLS,59912,7:00 am - 8:00 pm,,
Flathead,PRECINCT 11,PREC 11,1234,4,2,CAYUSE PRAIRIE SCHOOL,897 LAKE BLAINE RD,KALISPELL,59901,7:00 am - 8:00 pm,,
Flathead,PRECINCT 13,PREC 13,1865,11,6,LAKESIDE QRU,125 BILLS RD,LAKESIDE,59922,7:00 am - 8:00 pm,,
Flathead,PRECINCT 14,PREC 14,789,4,2,BAD ROCK FIRE HALL,23 COLUMBIA PINES CT,COLUMBIA FALLS,59912,7:00 am - 8:00 pm,,
Flathead,PRECINCT 15,PREC 15,1156,11,6,SMITH VALLEY FIRE HALL,3496 US HIGHWAY 2 W,KALISPELL,59901,7:00 am - 8:00 pm,,
Flathead,PRECINCT 16,PREC 16,1205,3,2,COUNCIL CHAMBERS, CF CITY HALL,130 6TH ST W ROOM A,COLUMBIA FALLS,59912,7:00 am - 8:00 pm,
Flathead,PRECINCT 17,PREC 17,346,3,2,WEST GLACIER SCHOOL,160 OLD RIVER BRIDGE RD,WEST GLACIER,59936,7:00 am - 8:00 pm,,
Flathead,PRECINCT 18,PREC 18,1744,3,2,FIRE DEPT. RM C FALLS FIRE HALL,130 6TH ST W,COLUMBIA FALLS,59912,7:00 am - 8:00 pm,,
Flathead,PRECINCT 19,PREC 19,1224,4,2,HOPE CHURCH,436 BIRCH GROVE,KALISPELL,59901,7:00 am - 8:00 pm,,
Flathead,PRECINCT 20,PREC 20,2363,5,3,WF SENIOR CITIZENS CNTR,121 E 2ND ST,WHITEFISH,59937,7:00 am - 8:00 pm,,
Flathead,PRECINCT 21,PREC 21,1127,4,2,CF HIGH SCHOOL FOYER,610 13TH ST W,COLUMBIA FALLS,59912,7:00 am - 8:00 pm,,
Flathead,PRECINCT 23,PREC 23,1141,3,2,MARTIN CITY FIRE-LIETZ HALL,320 CENTRAL AVE,MARTIN CITY,59926,7:00 am - 8:00 pm,,
Flathead,PRECINCT 24,PREC 24,898,13,7,KILA COUNTRY CHURCH,KILA - 190 COTTAGE LN,KILA,59920,7:00 am - 8:00 pm,,
Flathead,PRECINCT 25,PREC 25,1465,9,5,FC TRADE CENTER - FAIRGROUNDS,265 N MERIDIAN,KALISPELL,59901,7:00 am - 8:00 pm,,
Flathead,PRECINCT 26,PREC 26,839,13,7,MARION FIRE HALL,180 GOPHER LN,MARION,59925,7:00 am - 8:00 pm,,
Flathead,PRECINCT 29,PREC 29,1792,11,6,SOMERS SCHOOL GYM,315 SCHOOL ADDITION RD,SOMERS,59932,7:00 am - 8:00 pm,,
Flathead,PRECINCT 31,PREC 31,2812,8,4,FC TRADE CENTER - FAIRGROUNDS,265 N MERIDIAN,KALISPELL,59901,7:00 am - 8:00 pm,,
Flathead,PRECINCT 32,PREC 32,1334,7,4,FC TRADE CENTER - FAIRGROUNDS,265 N MERIDIAN,KALISPELL,59901,7:00 am - 8:00 pm,,
Flathead,PRECINCT 33,PREC 33,616,9,5,CENTRAL BIBLE CHURCH, KALISPELL,902 1ST AVE E,KALISPELL,59901,7:00 am - 8:00 pm,
Flathead,PRECINCT 34,PREC 34,1786,11,6,CENTRAL BIBLE CHURCH, KALISPELL,902 1ST AVE E,KALISPELL,59901,7:00 am - 8:00 pm,
Flathead,PRECINCT 35,PREC 35,1695,3,2,CF HIGH SCHOOL FOYER,610 13TH ST W,COLUMBIA FALLS,59912,7:00 am - 8:00 pm,,
Flathead,PRECINCT 36,PREC 36,1924,6,3,WEST VALLEY SCHOOL,2290 FARM TO MARKET RD,KALISPELL,59901,7:00 am - 8:00 pm,,
Flathead,PRECINCT 37,PREC 37,2550,8,4,FC TRADE CENTER - FAIRGROUNDS,265 N MERIDIAN,KALISPELL,59901,7:00 am - 8:00 pm,,
Flathead,PRECINCT 38,PREC 38,2236,10,5,BETHANY LUTHERAN CHURCH,8559 MT HWY 35,BIGFORK,59911,7:00 am - 8:00 pm,,
Flathead,PRECINCT 39,PREC 39,924,6,3,OLNEY FIRE HALL,11 OLNEY LOOP RD,OLNEY,59927,7:00 am - 8:00 pm,,
Flathead,PRECINCT 41,PREC 41,2044,9,5,FC TRADE CENTER - FAIRGROUNDS,265 N MERIDIAN,KALISPELL,59901,7:00 am - 8:00 pm,,
Flathead,PRECINCT 42,PREC 42,1751,10,5,SWAN RIVER SCHOOL,1205 SWAN HWY,BIGFORK,59911,7:00 am - 8:00 pm,,
Flathead,PRECINCT 43,PREC 43,1970,10,5,FAIR-MONT-EGAN SCHOOL,797 FAIRMONT RD,KALISPELL,59901,7:00 am - 8:00 pm,,
Flathead,PRECINCT 44,PREC 44,1768,6,3,FIRST BAPTIST CHURCH, WHITEFISH,6232 US HIGHWAY 93 S,WHITEFISH,59937,7:00 am - 8:00 pm,
Flathead,PRECINCT 45,PREC 45,1617,5,3,MOOSE HOME, WHITEFISH,230 W 10TH ST,WHITEFISH,59937,7:00 am - 8:00 pm,
Flathead,PRECINCT 47,PREC 47,1749,5,3,WF SENIOR CITIZENS CNTR,121 E 2ND ST,WHITEFISH,59937,7:00 am - 8:00 pm,,
Flathead,PRECINCT 48,PREC 48,1058,5,3,WF ARMORY,305 ARMORY RD,WHITEFISH,59937,7:00 am - 8:00 pm,,
Flathead,PRECINCT 49,PREC 49,1330,5,3,UNITED METHODIST CHURCH,1150 WISCONSIN AVE,WHITEFISH,59937,7:00 am - 8:00 pm,,
Flathead,PRECINCT 50,PREC 50,1478,9,5,FC TRADE CENTER - FAIRGROUNDS,265 N MERIDIAN,KALISPELL,59901,7:00 am - 8:00 pm,,
Flathead,PRECINCT 89,PREC 89,627,13,7,SMITH VALLEY FIRE HALL,3496 US HIGHWAY 2 W,KALISPELL,59901,7:00 am - 8:00 pm,,
Gallatin,PCT 59A,59A,410,59,30,BRIDGER CANYON FIRE STATION,8081 BRIDGER CANYON RD,BOZEMAN,59715,* Noon - 8:00 pm,,
Gallatin,PCT 61A,61A,2064,61,31,FAIRGROUNDS BLDG 1,TAMARACK & BLACK,BOZEMAN,59715,7:00 am - 8:00 pm,,
Gallatin,PCT 61B,61B,2106,61,31,FAIRGROUNDS BLDG 1,TAMARACK & BLACK,BOZEMAN,59715,7:00 am - 8:00 pm,,
Gallatin,PCT 61C,61C,2101,61,31,FAIRGROUNDS BLDG 1,TAMARACK & BLACK,BOZEMAN,59715,7:00 am - 8:00 pm,,
Gallatin,PCT 61D,61D,2135,61,31,HOPE LUTHERAN CHURCH,2152 W. GRAF,BOZEMAN,59718,7:00 am - 8:00 pm,,
Gallatin,PCT 62A,62A,1965,62,31,HOPE LUTHERAN CHURCH,2152 W. GRAF,BOZEMAN,59718,7:00 am - 8:00 pm,,
Gallatin,PCT 62B,62B,2053,62,31,HOPE LUTHERAN CHURCH,2152 W. GRAF,BOZEMAN,59718,7:00 am - 8:00 pm,,
Gallatin,PCT 62C,62C,2027,62,31,HOPE LUTHERAN CHURCH,2152 W. GRAF,BOZEMAN,59718,7:00 am - 8:00 pm,,
Gallatin,PCT 62D,62D,2488,62,31,HOPE LUTHERAN CHURCH,2152 W. GRAF,BOZEMAN,59718,7:00 am - 8:00 pm,,
Gallatin,PCT 63A,63A,2471,63,32,HOPE LUTHERAN CHURCH,2152 W. GRAF,BOZEMAN,59718,7:00 am - 8:00 pm,,
Gallatin,PCT 63B,63B,1957,63,32,MSU SHROYER GYM,Bobcat Cirlce - MSU,BOZEMAN,59715,7:00 am - 8:00 pm,,
Gallatin,PCT 63C,63C,2648,63,32,HOPE LUTHERAN CHURCH,2152 W GRAF,BOZEMAN,59718,7:00 am - 8:00 pm,,
Gallatin,PCT 64A,64A,1172,64,32,POVAH CENTER,10 GEYSER ST,WEST YELLOWSTONE,59758,7:00 am - 8:00 pm,,
Gallatin,PCT 64B,64B,1910,64,32,BIG SKY WATER/SEWER OFFICE,561 LITTLE COYOTE RD,BIG SKY,59716,7:00 am - 8:00 pm,,
Gallatin,PCT 64C,64C,2309,64,32,GALLATIN GATEWAY COMM CTR,145 MILL ST,GALLATIN GATEWAY,59730,7:00 am - 8:00 pm,,
Gallatin,PCT 64D,64D,2966,64,32,FAIRGROUNDS BLDG 2,TAMARACK & BLACK,BOZEMAN,59718,7:00 am - 8:00 pm,,
Gallatin,PCT 65A,65A,2402,65,33,FAIRGROUNDS BLDG 2,TAMARACK & BLACK,BOZEMAN,59718,7:00 am - 8:00 pm,,
Gallatin,PCT 65B,65B,2746,65,33,FAIRGROUNDS BLDG 2,TAMARACK & BLACK,BOZEMAN,59718,7:00 am - 8:00 pm,,
Gallatin,PCT 65C,65C,2879,65,33,FAIRGROUNDS BLDG 2,TAMARACK & BLACK,BOZEMAN,59718,7:00 am - 8:00 pm,,
Gallatin,PCT 66A,66A,2649,66,33,FAIRGROUNDS BLDG 1,TAMARACK & BLACK,BOZEMAN,59715,7:00 am - 8:00 pm,,
Gallatin,PCT 66B,66B,2550,66,33,FAIRGROUNDS BLDG 1,TAMARACK & BLACK,BOZEMAN,59715,7:00 am - 8:00 pm,,
Gallatin,PCT 66C,66C,2540,66,33,FAIRGROUNDS BLDG 1,TAMARACK & BLACK,BOZEMAN,59715,7:00 am - 8:00 pm,,
Gallatin,PCT 67A,67A,1618,67,34,FAIRGROUNDS BLDG 3,TAMARACK & BLACK,BOZEMAN,59715,7:00 am - 8:00 pm,,
Gallatin,PCT 67B,67B,2545,67,34,BELGRADE SPECL EVENTS CNTR,220 SPOONER RD,BELGRADE,59714,7:00 am - 8:00 pm,,
Gallatin,PCT 67C,67C,2370,67,34,BELGRADE SPECL EVENTS CNTR,220 SPOONER RD,BELGRADE,59714,7:00 am - 8:00 pm,,
Gallatin,PCT 68A,68A,2545,68,34,RIVER ROCK COMM CTR,101 RIVER ROCK RD,BELGRADE,59714,7:00 am - 8:00 pm,,
Gallatin,PCT 68B,68B,1993,68,34,RIVER ROCK COMM CTR,101 RIVER ROCK RD,BELGRADE,59714,7:00 am - 8:00 pm,,
Gallatin,PCT 68C,68C,2145,68,34,BELGRADE SPECL EVENTS CNTR,220 SPOONER RD,BELGRADE,59714,7:00 am - 8:00 pm,,
Gallatin,PCT 69A,69A,1903,69,35,THREE FORKS HIGH SCHOOL,212 E NEAL ST,THREE FORKS,59752,7:00 am - 8:00 pm,,
Gallatin,PCT 69B,69B,1683,69,35,MANHATTAN CHRISTIAN SCHOOL,8000 CHURCHILL RD,MANHATTAN,59741,7:00 am - 8:00 pm,,
Gallatin,PCT 69C,69C,1780,69,35,MANHATTAN HIGH SCHL,200 W FULTON AVE,MANHATTAN,59741,7:00 am - 8:00 pm,,
Gallatin,PCT 69D,69D,1457,69,35,FAIRGROUNDS BLDG 3,TAMARACK & BLACK,BOZEMAN,59715,7:00 am - 8:00 pm,,
Garfield,PRECINCT 01,PREC_01,558,37,19,COURT HOUSE,352 LEAVITT AVE,JORDON,59337,7:00 am - 8:00 pm,,
Garfield,PRECINCT 07,PREC_07,111,37,19,COHAGEN - COMMUNITY HALL,19 3RD STREET E,COHAGEN,59322,* Noon - 8:00 pm,,
Garfield,PRECINCT 14,PREC_14,115,37,19,SANDSPRINGS SCHOOL,3194 HIGHWAY 200 W,SAND SPRINGS,59077,* Noon - 8:00 pm,,
Garfield,PRECINCT 19,PREC_19,97,37,19,BRUSETT - COMMUNITY HALL,2071 EDWARDS ROAD,BRUSETT,59318,* Noon - 8:00 pm,,
Glacier,PCT 01,PCT 01,541,18,9,CB VOTING CENTER 01,913 E. RAILROAD,CUT BANK,59427,7:00 am - 8:00 pm,*De LaSalle School, Browning (in addition to Co office) 
Glacier,PCT 02,PCT 02,424,18,9,CB VOTING CENTER 02,913 E. RAILROAD,CUT BANK,59427,7:00 am - 8:00 pm,,
Glacier,PCT 03,PCT 03,404,16,8,CB VOTING CENTER 03,913 E. RAILROAD,CUT BANK,59427,7:00 am - 8:00 pm,,
Glacier,PCT 04,PCT 04,266,16,8,CB VOTING CENTER 04,913 E. RAILROAD,CUT BANK,59427,7:00 am - 8:00 pm,,
Glacier,PCT 05,PCT 05,627,16,8,GEWAREHOUSE 05,48 SANTA RITA HIGHWAY,CUT BANK,59427,7:00 am - 8:00 pm,,
Glacier,PCT 06,PCT 06,83,18,9,GCCOURTHSE 06,512 E. MAIN,CUT BANK,59427,* Noon - 8:00 pm,,
Glacier,PCT 07,PCT 07,51,16,8,CCD CENTER 07,De LaSalle School 104 1ST ST NW,BROWNING,59417,7:00 am - 8:00 pm,,
Glacier,PCT 08,PCT 08,565,15,8,CCD CENTER 08,De LaSalle School 104 1ST ST NW,BROWNING,59417,7:00 am - 8:00 pm,,
Glacier,PCT 09,PCT 09,1678,16,8,CCD CENTER 09,De LaSalle School 104 1ST ST NW,BROWNING,59417,7:00 am - 8:00 pm,,
Glacier,PCT 10,PCT 10,409,16,8,EGP WOMENS CLUB 10,EAST GLACIER,EAST GLACIER,59434,7:00 am - 8:00 pm,,
Glacier,PCT 11,PCT 11,168,16,8,DOLORES SALOIS RESIDENCE 11,BLACKFOOT,BLACKFOOT,59417,* Noon - 8:00 pm,,
Glacier,PCT 12,PCT 12,315,16,8,CCD CENTER 12,De LaSalle School 104 1ST ST NW,BROWNING,59417,7:00 am - 8:00 pm,,
Glacier,PCT 13,PCT 13,321,16,8,CCD CENTER 13,De LaSalle School 104 1ST ST NW,BROWNING,59417,7:00 am - 8:00 pm,,
Glacier,PCT 15,PCT 15,309,16,8,BABB SCHOOL 15,BABB,BABB,59411,* Noon - 8:00 pm,,
Glacier,PCT 19,PCT 19,248,16,8,CCD CENTER 19,De LaSalle School 104 1ST ST NW,BROWNING,59417,7:00 am - 8:00 pm,,
Glacier,PCT 21C,PCT 21C,366,15,8,CCD CENTER 21,De LaSalle School 104 1ST ST NW,BROWNING,59417,7:00 am - 8:00 pm,,
Golden Valley,LAVINA,LAVINA,276,30,15,LAVINA SENIOR CENTER,117 MAIN STREET,LAVINA,59046,* Noon - 8:00 pm,,
Golden Valley,RYEGATE,RYEGATE,291,30,15,RYEGATE COURT HOUSE,107 KEMP,RYEGATE,59074,* Noon - 8:00 pm,,
Granite,PRECINCT #1,PREC_1,531,77,39,GRANITE MUSEUM,135 SOUTH SANSOME,PHILIPSBURG,59858,7:00 am - 8:00 pm,,
Granite,PRECINCT #10,PREC_10,575,77,39,DRUMMOND COMMUNITY HALL,54 EAST BROAD STREET,DRUMMOND,59832,7:00 am - 8:00 pm,,
Granite,PRECINCT #2,PREC_2,669,77,39,GRANITE MUSEUM,135 SOUTH SANSOME,PHILIPSBURG,59858,7:00 am - 8:00 pm,,
Granite,PRECINCT #9,PREC_9,410,77,39,HALL SCHOOL,8 FARM TO MARKET ROAD,HALL,59837,7:00 am - 8:00 pm,,
Hill,PRECINCT #01,PREC_01,897,28,14,HAVRE HIGH SCHOOL GYM - 01,900 18TH ST,HAVRE,59501,7:00 am - 8:00 pm,,
Hill,PRECINCT #02,PREC_02,589,28,14,ST JUDE'S PARISH CENTER - 02,440 7TH AVE,HAVRE,59501,7:00 am - 8:00 pm,,
Hill,PRECINCT #03,PREC_03,762,28,14,HAVRE MIDDLE SCHOOL GYM-03,1441 11TH ST W,HAVRE,59501,7:00 am - 8:00 pm,,
Hill,PRECINCT #07,PREC_07,834,28,14,HAVRE HIGH SCHOOL GYM - 07,900 18TH ST,HAVRE,59501,7:00 am - 8:00 pm,,
Hill,PRECINCT #08,PREC_08,714,28,14,HAVRE HIGH SCHOOL GYM - 08,900 18TH ST,HAVRE,59501,7:00 am - 8:00 pm,,
Hill,PRECINCT #09,PREC_09,617,28,14,HAVRE HIGH SCHOOL GYM - 09,900 18TH ST,HAVRE,59501,7:00 am - 8:00 pm,,
Hill,PRECINCT #10,PREC_10,530,28,14,ST JUDE'S PARISH CENTER - 10,440 7TH AVE,HAVRE,59501,7:00 am - 8:00 pm,,
Hill,PRECINCT #13,PREC_13,322,28,14,HAVRE MIDDLE SCHOOL GYM - 13,1441 11TH ST W,HAVRE,59501,7:00 am - 8:00 pm,,
Hill,PRECINCT #14,PREC_14,409,32,16,H.R.D.C.-HUMAN RES DEV COUNCIL -14,2229 5TH AVE,HAVRE,59501,7:00 am - 8:00 pm,,
Hill,PRECINCT #15,PREC_15,317,27,14,HAVRE MIDDLE SCHOOL - 15,1441 11TH STREET WEST,HAVRE,59501,7:00 am - 8:00 pm,,
Hill,PRECINCT #16,PREC_16,314,28,14,HAVRE MIDDLE SCHOOL -16,1441 11TH STREET WEST,HAVRE,59501,7:00 am - 8:00 pm,,
Hill,PRECINCT #18,PREC_18,271,32,16,BOX ELDER SCHOOL REAR ENT - 18,205 MAIN STREET,BOX ELDER,59521,7:00 am - 8:00 pm,,
Hill,PRECINCT #20,PREC_20,332,27,14,HI-LINE COMM CNT -20,502 5TH STREET,HINGHAM,59528,7:00 am - 8:00 pm,,
Hill,PRECINCT #21,PREC_21,156,27,14,HI-LINE COMM CNT- 21,502 5TH STREET,HINGHAM,59528,7:00 am - 8:00 pm,,
Hill,PRECINCT #22,PREC_22,304,27,14,HI-LINE COMM CNT- 22,502 5TH STREET,HINGHAM,59528,7:00 am - 8:00 pm,,
Hill,PRECINCT #25,PREC_25,747,33,17,ST JUDE'S PARISH CENTER - 25,440 7TH AVE,HAVRE,59501,7:00 am - 8:00 pm,,
Hill,PRECINCT #28,PREC_28,878,32,16,CHIPPEWA CREE WELLNESS CENTER-28,646 CLINIC ROAD EAST,ROCKY BOY,59521,7:00 am - 8:00 pm,,
Jefferson,01-71,PREC.01,989,71,36,COMMUNITY HALL - WHITEHALL,9 N. DIVISION,WHITEHALL,59759,7:00 am - 8:00 pm,,
Jefferson,02-75,PREC.02,1206,75,38,COMMUNITY HALL - WHITEHALL,9 N. DIVISION,WHITEHALL,59759,7:00 am - 8:00 pm,,
Jefferson,03-75,PREC.03,75,75,38,ELK PARK FIRE HALL,309 EAST ELK PARK RD,ELK PARK,59701,* Noon - 8:00 pm,,
Jefferson,04-75,PREC.04,1188,75,38,Clerk and Recorder Building,102 S. MONROE ST.,BOULDER,59632,7:00 am - 8:00 pm,,
Jefferson,05-75,PREC.05,171,75,38,BASIN SCHOOL,30 N. QUARTZ ST.,BASIN,59631,7:00 am - 8:00 pm,,
Jefferson,06-75,PREC.06,478,75,38,JEFFERSON CITY COMMUNITY HALL,21 SPRING ST,JEFFERSON CITY,59638,7:00 am - 8:00 pm,,
Jefferson,07-75,PREC.07,995,75,38,CLANCY MUSEUM,9 NORTH MAIN ST,CLANCY,59634,7:00 am - 8:00 pm,,
Jefferson,08-75,PREC.08,538,75,38,CLANCY MUSEUM,9 NORTH MAIN ST,CLANCY,59634,7:00 am - 8:00 pm,,
Jefferson,09-75,PREC.09,1124,75,38,MONTANA CITY SCHOOL,11 MCCLELLAN CREEK RD,MT CITY,59634,7:00 am - 8:00 pm,,
Jefferson,10-75,PREC.10,1106,75,38,MONTANA CITY SCHOOL,11 MCCLELLAN CREEK RD,MT CITY,59634,7:00 am - 8:00 pm,,
Judith Basin,PRECINCT 1,PREC_1,126,30,15,RAYNESFORD SCHOOL,104 2ND AVENUE EAST,RAYNESFORD,59469,* Noon - 8:00 pm,,
Judith Basin,PRECINCT 2,PREC_2,169,30,15,GEYSER SR. CITIZENS,105 EAST RAILROAD AVENUE,GEYSER,59447,* Noon - 8:00 pm,,
Judith Basin,PRECINCT 3,PREC_3,546,30,15,STANFORD CITY HALL,102 CENTRAL AVENUE,STANFORD,59479,7:00 am - 8:00 pm,,
Judith Basin,PRECINCT 4,PREC_4,543,30,15,HOBSON SR. CITIZENS,102 2ND STREET WEST,HOBSON,59452,7:00 am - 8:00 pm,,
Lake,ARL 1 HD93,ARL 1,968,93,47,ARLEE SENIOR CENTER,34532 WESSINGER ST,ARLEE,59821,7:00 am - 8:00 pm,,
Lake,BEA 1 HD10,BEA 1,670,10,5,BEAR DANCE CLUB HOUSE,19269 MT HWY 35,BIGFORK,59911,7:00 am - 8:00 pm,,
Lake,BEA 2 HD12,BEA 2,173,12,6,BEAR DANCE CLUB HOUSE,19269 MT HWY 35,BIGFORK,59911,7:00 am - 8:00 pm,,
Lake,CHA 1 HD93,CHA 1,809,93,47,CHARLO SCHOOL GYM,53159 1ST AVE W,CHARLO,59824,7:00 am - 8:00 pm,,
Lake,DAY 1 HD12,DAY 1,641,12,6,DAYTON CHURCH,43578 B ST,DAYTON,59914,7:00 am - 8:00 pm,,
Lake,FER 1 HD10,FER 1,831,10,5,FERNDALE CLUB HOUSE,31857 S FERNDALE DR,BIGFORK,59911,7:00 am - 8:00 pm,,
Lake,POL 1 HD12,POL 1,846,12,6,POLSON LINDERMAN GYMNAS,411 2ND ST E,POLSON,59860,7:00 am - 8:00 pm,,
Lake,POL 1 Split 07E,POL 1 Split 07E,190,12,6,KOOTENAI COMMUNITY HALL,47020 CEMETERY RD,ELMO,59915,7:00 am - 8:00 pm,,
Lake,POL 2 HD12,POL 2,1159,12,6,POLSON LINDERMAN GYMNAS,411 2ND ST E,POLSON,59860,7:00 am - 8:00 pm,,
Lake,POL 3 HD12,POL 3,610,12,6,POLSON LINDERMAN GYMNAS,411 2ND ST E,POLSON,59860,7:00 am - 8:00 pm,,
Lake,POL 4 HD12,POL 4,1495,12,6,POLSON LINDERMAN GYMNAS,411 2ND ST E,POLSON,59860,7:00 am - 8:00 pm,,
Lake,POL 5 HD12,POL 5,1846,12,6,POLSON LINDERMAN GYMNAS,411 2ND ST E,POLSON,59860,7:00 am - 8:00 pm,,
Lake,POL 6 HD93,POL 6,308,93,47,POLSON LINDERMAN GYMNAS,411 2ND ST E,POLSON,59860,7:00 am - 8:00 pm,,
Lake,POL 7 HD93,POL 7,624,93,47,POLSON LINDERMAN GYMNAS,411 2ND ST E,POLSON,59860,7:00 am - 8:00 pm,,
Lake,POL 8 HD15,POL 8,32,15,8,POLSON LINDERMAN GYMNAS,411 2ND ST E,POLSON,59860,7:00 am - 8:00 pm,,
Lake,RON 1 HD93,RON 1,2418,93,47,RONAN COMMUNITY CENTER,300 3RD AVE NW,RONAN,59864,7:00 am - 8:00 pm,,
Lake,RON 2 HD15,RON 2,1996,15,8,RONAN COMMUNITY CENTER,300 3RD AVE NW,RONAN,59864,7:00 am - 8:00 pm,,
Lake,STI 1 HD93,STI 1,855,93,47,ST IGNATIUS SCHOOL GYM,76 3RD AVE,ST IGNATIUS,59865,7:00 am - 8:00 pm,,
Lake,STI 2 HD15,STI 2,891,15,8,ST IGNATIUS SCHOOL GYM,76 3RD AVE,ST IGNATIUS,59865,7:00 am - 8:00 pm,,
Lake,SWA 1 HD10,SWA 1,108,10,5,SWAN RIVER ST FOREST H,34925 MT HWY 83,SWAN LAKE,59911,7:00 am - 8:00 pm,,
Lake,SWA 2 HD15,SWA 2,131,15,8,SWAN RIVER ST FOREST H,34925 MT HWY 83,SWAN LAKE,59911,7:00 am - 8:00 pm,,
Lewis & Clark,PCT 01,P01,1331,81,41,JIM DARCY SCHOOL,990 LINCOLN RD W,HELENA,59602,7:00 am - 8:00 pm,,
Lewis & Clark,PCT 02,P02,1331,70,35,HELENA VALLEY COMMUNITY CENTER,3553 TIZER DR,HELENA,59602,7:00 am - 8:00 pm,,
Lewis & Clark,PCT 03,P03,1266,82,41,WEST VALLEY FIRE HALL,1165 FORESTVALE RD,HELENA,59602,7:00 am - 8:00 pm,,
Lewis & Clark,PCT 04,P04,1144,81,41,EXHIBIT BLDG-ENTRY HALL-FAIRGROUNDS,98 WEST CUSTER AVE,HELENA,59601,7:00 am - 8:00 pm,,
Lewis & Clark,PCT 05,P05,1336,82,41,CIVIC CENTER BALLROOM,340 NEILL,HELENA,59601,7:00 am - 8:00 pm,,
Lewis & Clark,PCT 06,P06,1514,79,40,EXHIBIT BLDG-ENTRY HALL-FAIRGROUNDS,98 WEST CUSTER AVE,HELENA,59601,7:00 am - 8:00 pm,,
Lewis & Clark,PCT 07,P07,1339,83,42,CIVIC CENTER BALLROOM,340 NEILL,HELENA,59601,7:00 am - 8:00 pm,,
Lewis & Clark,PCT 08,P08,1685,83,42,CIVIC CENTER BALLROOM,340 NEILL,HELENA,59601,7:00 am - 8:00 pm,,
Lewis & Clark,PCT 09,P09,1610,84,42,TOUCHMARK,915 SADDLE DRIVE,HELENA,59601,7:00 am - 8:00 pm,,
Lewis & Clark,PCT 10,P10,1734,80,40,WEST VALLEY FIRE HALL,1165 FORESTVALE RD,HELENA,59602,7:00 am - 8:00 pm,,
Lewis & Clark,PCT 11,P11,1548,84,42,EAST HELENA CITY HALL,306 EAST MAIN STREET,EAST HELENA,59635,7:00 am - 8:00 pm,,
Lewis & Clark,PCT 12,P12,948,83,42,HELENA VALLEY COMMUNITY CENTER,3553 TIZER DR,HELENA,59602,7:00 am - 8:00 pm,,
Lewis & Clark,PCT 13,P13,2119,79,40,LEWIS AND CLARK LIBRARY,120 S LAST CHANCE GULCH,HELENA,59601,7:00 am - 8:00 pm,,
Lewis & Clark,PCT 14,P14,1417,81,41,LEWIS AND CLARK LIBRARY,120 S LAST CHANCE GULCH,HELENA,59601,7:00 am - 8:00 pm,,
Lewis & Clark,PCT 15,P15,1203,83,42,EAGLES MANOR,715 N FEE,HELENA,59601,7:00 am - 8:00 pm,,
Lewis & Clark,PCT 16,P16,599,84,42,MT DEPT OF TRANSPORTATION,2701 PROSPECT AVE,HELENA,59601,7:00 am - 8:00 pm,,
Lewis & Clark,PCT 16A,P16a,197,84,42,TOUCHMARK,915 SADDLE DRIVE,HELENA,59601,7:00 am - 8:00 pm,,
Lewis & Clark,PCT 16B,P16b,727,84,42,HUNTERS POINTE,2801 COLONIAL DR,HELENA,59601,7:00 am - 8:00 pm,,
Lewis & Clark,PCT 17,P17,1494,82,41,CIVIC CENTER BALLROOM,340 NEILL,HELENA,59601,7:00 am - 8:00 pm,,
Lewis & Clark,PCT 18,P18,1303,82,41,EXHIBIT BLDG-ENTRY HALL-FAIRGROUNDS,98 WEST CUSTER AVE,HELENA,59601,7:00 am - 8:00 pm,,
Lewis & Clark,PCT 19,P19,979,83,42,HELENA VALLEY COMMUNITY CENTER,3553 TIZER DR,HELENA,59602,7:00 am - 8:00 pm,,
Lewis & Clark,PCT 20,P20,1515,84,42,EAST HELENA CITY HALL,306 EAST MAIN STREET,EAST HELENA,59635,7:00 am - 8:00 pm,,
Lewis & Clark,PCT 21,P21,1391,70,35,TRI-LAKES FIRE HALL STATION#3,3200 SPOKANE CREEK RD,EAST HELENA,59635,7:00 am - 8:00 pm,,
Lewis & Clark,PCT 22,P22,1021,81,41,CIVIC CENTER BALLROOM,340 NEILL,HELENA,59601,7:00 am - 8:00 pm,,
Lewis & Clark,PCT 23,P23,1278,82,41,EXHIBIT BLDG-ENTRY HALL-FAIRGROUNDS,98 WEST CUSTER AVE,HELENA,59601,7:00 am - 8:00 pm,,
Lewis & Clark,PCT 24,P24,1603,81,41,EXHIBIT BLDG-ENTRY HALL-FAIRGROUNDS,98 WEST CUSTER AVE,HELENA,59601,7:00 am - 8:00 pm,,
Lewis & Clark,PCT 25,P25,1322,79,40,CIVIC CENTER BALLROOM,340 NEILL,HELENA,59601,7:00 am - 8:00 pm,,
Lewis & Clark,PCT 26,P26,1998,79,40,EXHIBIT BLDG-ENTRY HALL-FAIRGROUNDS,98 WEST CUSTER AVE,HELENA,59601,7:00 am - 8:00 pm,,
Lewis & Clark,PCT 27,P27,1777,80,40,JIM DARCY SCHOOL,990 LINCOLN RD W,HELENA,59602,7:00 am - 8:00 pm,,
Lewis & Clark,PCT 28,P28,1307,80,40,CANYON CREEK SCHOOL,7435 DUFFY LANE,CANYON CREEK,59633,7:00 am - 8:00 pm,,
Lewis & Clark,PCT 29,P29,545,70,35,YORK COMMUNITY CENTER,6040 NELSON ROAD,HELENA,59602,7:00 am - 8:00 pm,,
Lewis & Clark,PCT 30,P30,207,80,40,WOLF CREEK SCHOOL,150 WALSH STREET,WOLF CREEK,59648,7:00 am - 8:00 pm,,
Lewis & Clark,PCT 31,P31,757,80,40,LINCOLN COMMUNITY HALL,404 MAIN STREET,LINCOLN,59639,7:00 am - 8:00 pm,,
Lewis & Clark,PCT 32,P32,103,17,9,LINCOLN COMMUNITY HALL,404 MAIN STREET,LINCOLN,59639,7:00 am - 8:00 pm,,
Lewis & Clark,PCT 33,P33,437,17,9,AUGUSTA YOUTH/SENIOR CENTER,132 MAIN STREET,AUGUSTA,59410,7:00 am - 8:00 pm,,
Lewis & Clark,PCT 33A,P33a,81,17,9,DEARBORN COMMUNITY CNTR,5400 HWY 434,WOLF CREEK,59648,* Noon - 8:00 pm,,
Lewis & Clark,PCT 33B,P33b,225,17,9,WOLF CREEK SCHOOL,150 WALSH STREET,WOLF CREEK,59648,7:00 am - 8:00 pm,,
Liberty,#1 Precinct - West,1 PREC,347,27,14,CJI ELE GYM,511 MAIN STREET,CHESTER,59522,7:00 am - 8:00 pm,,
Liberty,#2 Precinct - North,2 PREC,274,27,14,CJI ELE GYM,511 MAIN STREET,CHESTER,59522,7:00 am - 8:00 pm,,
Liberty,#3 Precinct - South,3 PREC,278,27,14,CJI ELE GYM,511 MAIN STREET,CHESTER,59522,7:00 am - 8:00 pm,,
Liberty,#4 Precinct - Joplin,4 PREC,235,27,14,JOPLIN COMMUNITY HALL,105 2ND STREET EAST,JOPLIN,59531,7:00 am - 8:00 pm,,
Lincoln,FORTINE,1_PREC,546,2,1,TREGO-FORTINE-STRYKER VOLUNTEER FIRE DEPARTMENT,11889 HIGHWAY 93 S,FORTINE,59918,7:00 am - 8:00 pm,,
Lincoln,LIBBY NORTH,10_PREC,1094,2,1,VFW BUILDING_10,108 WEST 2ND STREET,LIBBY,59923,7:00 am - 8:00 pm,,
Lincoln,LIBBY EAST,11_PREC,873,2,1,VFW BUILDING_11,108 WEST 2ND STREET,LIBBY,59923,7:00 am - 8:00 pm,,
Lincoln,LIBBY WEST,12_PREC,1541,1,1,LIBBY CITY HALL,952 E SPRUCE ST,LIBBY,59923,7:00 am - 8:00 pm,,
Lincoln,LIBBY/PLUMMER,13_PREC,1297,1,1,VFW BUILDING_13,108 WEST 2ND STREET,LIBBY,59923,7:00 am - 8:00 pm,,
Lincoln,TROY NORTH,14_PREC,332,2,1,KOOTENAI SENIOR CITIZENS CNTR 14,306 3RD STREET,TROY,59935,7:00 am - 8:00 pm,,
Lincoln,TREGO,2_PREC,381,2,1,TREGO-FORTINE-STRYKER VOLUNTEER FIRE DEPARTMENT,11889 HIGHWAY 93 S,FORTINE,59918,7:00 am - 8:00 pm,,
Lincoln,EUREKA RURAL,3_PREC,2047,2,1,EUREKA FIRST CHURCH OF GOD - HIGH ROAD YOUTH CENTER,1295 2ND AVENUE EAST,EUREKA,59917,7:00 am - 8:00 pm,,
Lincoln,TOWN OF EUREKA,4_PREC,644,2,1,EUREKA FIRST CHURCH OF GOD - HIGH ROAD YOUTH CENTER,1295 2ND AVENUE EAST,EUREKA,59917,7:00 am - 8:00 pm,,
Lincoln,YAAK,5_PREC,211,2,1,UPPER YAAK FIRE SERVICE BUILDING,485 UPPER FORD CUTOFF,TROY,59935,* Noon - 8:00 pm,,
Lincoln,MC CORMICK,6_PREC,336,2,1,MC CORMICK SCHOOL,1564 OLD HIGHWAY 2 NORTH,TROY,59935,7:00 am - 8:00 pm,,
Lincoln,TROY COMBINED,7_PREC,589,1,1,KOOTENAI SENIOR CITIZEN'S CNTR_7,306 3RD STREET,TROY,59935,7:00 am - 8:00 pm,,
Lincoln,TROY RURAL,8_PREC,1006,1,1,KOOTENAI SR CITIZEN'S CENTER_8,306 3RD STREET,TROY,59935,7:00 am - 8:00 pm,,
Lincoln,CITY OF LIBBY,9_PREC,1673,1,1,LIBBY CITY HALL,952 E SPRUCE ST,LIBBY,59923,7:00 am - 8:00 pm,,
Madison,VIRGINIA CITY - WARD 1,1/1_PREC,201,71,36,HERITAGE COMMISSION REHEARSAL HALL,VIRGINIA CITY,VIRGINIA CITY,59755,* Noon - 8:00 pm,,
Madison,ALDER - WARD 2,1/2_PREC,192,71,36,ALDER COMMUNITY CENTER,ALDER,ALDER,59710,* Noon - 8:00 pm,,
Madison,JEFFERSON ISLAND - WARD 1,15/1_PREC,247,71,36,CARDWELL SCHOOL,80 MT HIGHWAY 359,CARDWELL,59721,* Noon - 8:00 pm,,
Madison,HARRISON - WARD 2,15/2_PREC,407,71,36,HARRISON SCHOOL,120 HARRISON ST,HARRISON,59735,7:00 am - 8:00 pm,,
Madison,ENNIS - RURAL,20_PREC,2103,71,36,ENNIS RURAL FIRE HALL,5037 US HIGHWAY 287 N,ENNIS,59729,7:00 am - 8:00 pm,,
Madison,ENNIS - TOWN,21_PREC,651,71,36,ENNIS TOWN HALL,328 E MAIN ST,ENNIS,59729,7:00 am - 8:00 pm,,
Madison,SHERIDAN,5_PREC,1153,71,36,SHERIDAN LIBRARY,109 E HAMILTON,SHERIDAN,59749,7:00 am - 8:00 pm,,
Madison,TWIN BRIDGES,7_PREC,867,71,36,TWIN BRIDGES SCHOOL,216 W 6TH AVE,TWIN BRIDGES,59754,7:00 am - 8:00 pm,,
McCone,PRECINCT 4,PREC_04,487,37,19,COUNTRY MARKET BANQUET ROOM,101 TENTH STREET,CIRCLE,59215,7:00 am - 8:00 pm,,
McCone,PRECINCT 8,PREC_08,387,37,19,COMM./SR.CENTER,212 MAIN STREET,CIRCLE,59215,7:00 am - 8:00 pm,,
McCone,PRECINCT 27,PREC_27,307,37,19,VIDA SCHOOL,200 SHELL STREET,VIDA,59274,7:00 am - 8:00 pm,,
Meagher,Precinct 5,Prec_5,1199,30,15,GRADE SCHOOL-A,209 CENTRAL AVENUE,WHITE SULPHUR SPRINGS,59645,7:00 am - 8:00 pm,,
Mineral,ALBERTON,22_PREC,494,14,7,ALBERTON_22,133 RAILROAD AVE,ALBERTON,59820,7:00 am - 8:00 pm,,
Mineral,SUPERIOR_24,24_PREC,283,14,7,SUPERIOR_24,301 2ND AVE E,SUPERIOR,59872,7:00 am - 8:00 pm,,
Mineral,SUPERIOR_25,25_PREC,576,14,7,SUPERIOR_25,201 RIVER STREET,SUPERIOR,59872,7:00 am - 8:00 pm,,
Mineral,ST. REGIS,26_PREC,555,14,7,ST. REGIS_26,230 LOBO LOOP,ST REGIS,59866,7:00 am - 8:00 pm,,
Mineral,WEST END,27_PREC,230,14,7,DEBORGIA_27,218 THOMPSON DEBORGIA RD,DEBORGIA,59830,* Noon - 8:00 pm,,
Mineral,SUPERIOR_30,30_PREC,776,14,7,SUPERIOR_30,410 ARIZONA AVE,SUPERIOR,59872,7:00 am - 8:00 pm,,
Missoula,BONNER 89,BONN89,136,89,45,BONNER SCHOOL,9045 HIWAY 200 E,BONNER,59823,7:00 am - 8:00 pm,Fairgrounds, Fine Arts Building (258-4914)
Missoula,BONNER 92,BONN92,1685,92,46,BONNER SCHOOL,9045 HIWAY 200 E,BONNER,59823,7:00 am - 8:00 pm,Election office, courthouse annex
Missoula,CHIEF CHARLO 90,CHIEF90,1621,90,45,CHIEF CHARLO SCHOOL,5600 LONGVIEW,MISSOULA,59803,7:00 am - 8:00 pm,,
Missoula,CLINTON 89,CLIN89,584,89,45,CLINTON SCHOOL,19075 E MULLAN RD,CLINTON,59825,7:00 am - 8:00 pm,,
Missoula,CLINTON 92,CLIN92,742,92,46,CLINTON SCHOOL,19075 E MULLAN RD,CLINTON,59825,7:00 am - 8:00 pm,,
Missoula,COLD SPRINGS 89,COLD 89,1838,89,45,COLD SPRINGS SCHOOL,2625 BRIGGS,MISSOULA,59803,7:00 am - 8:00 pm,,
Missoula,COLD SPRINGS 99,COLD 99,1812,99,50,COLD SPRINGS SCHOOL,2625 BRIGGS,MISSOULA,59803,7:00 am - 8:00 pm,,
Missoula,CSPORTER 98,CSPTR98,2193,98,49,C S PORTER SCHOOL,2510 CENTRAL AVE,MISSOULA,59804,7:00 am - 8:00 pm,,
Missoula,EAST MSLA 92,EMSLA92,1138,92,46,EAST MISSOULA COMMUNITY CENTER,326 MONTANA AVE,MISSOULA,59802,7:00 am - 8:00 pm,,
Missoula,EVARO 94,EVARO94,589,94,47,EVARO FIRE STATION,6900 GROOMS RD,MISSOULA,59808,7:00 am - 8:00 pm,,
Missoula,FRENCHTWN 14N,FRCH14N,243,14,7,FRENCHTOWN FIRE STATION,16875 MARION,FRENCHTOWN,59834,7:00 am - 8:00 pm,,
Missoula,FRENCHTWN 14S,FRCH14S,264,14,7,FRENCHTOWN FIRE STATION,16875 MARION,FRENCHTOWN,59834,7:00 am - 8:00 pm,,
Missoula,FRENCHTWN 94,FRCH94,1526,94,47,FRENCHTOWN FIRE STATION,16875 MARION,FRENCHTOWN,59834,7:00 am - 8:00 pm,,
Missoula,FRENCHTWN 96,FRCH96,736,96,48,FRENCHTOWN FIRE STATION,16875 MARION,FRENCHTOWN,59834,7:00 am - 8:00 pm,,
Missoula,FRANKLIN 100N,FRK100N,1752,100,50,LIFELONG LEARNING CENTER,310 S CURTIS ST,MISSOULA,59801,7:00 am - 8:00 pm,,
Missoula,FRANKLIN 100S,FRK100S,1116,100,50,LIFELONG LEARNING CENTER,310 S CURTIS ST,MISSOULA,59801,7:00 am - 8:00 pm,,
Missoula,HELLGATE 97,HLLG97,1303,97,49,HELLGATE ELEMENTARY SCHOOL,2385 FLYNN LANE,MISSOULA,59808,7:00 am - 8:00 pm,,
Missoula,HELLGATE 94,HLLG94,1911,94,47,HELLGATE ELEMENTARY SCHOOL,2385 FLYNN LANE,MISSOULA,59808,7:00 am - 8:00 pm,,
Missoula,HELLGATE 95,HLLG95,1072,95,48,HELLGATE ELEMENTARY SCHOOL,2385 FLYNN LANE,MISSOULA,59808,7:00 am - 8:00 pm,,
Missoula,HELLGATE 96E,HLLG96E,4722,96,48,HELLGATE ELEMENTARY SCHOOL,2385 FLYNN LANE,MISSOULA,59808,7:00 am - 8:00 pm,,
Missoula,HELLGATE 96W,HLLG96W,951,96,48,HELLGATE ELEMENTARY SCHOOL,2385 FLYNN LANE,MISSOULA,59808,7:00 am - 8:00 pm,,
Missoula,HAWTHORNE 95,HWTH95,1731,95,48,HAWTHORNE SCHOOL,2835 S 3RD ST W,MISSOULA,59804,7:00 am - 8:00 pm,,
Missoula,HAWTHORNE 98N,HWTH98N,668,98,49,HAWTHORNE SCHOOL,2835 S 3RD ST W,MISSOULA,59804,7:00 am - 8:00 pm,,
Missoula,HAWTHORNE 98S,HWTH98S,1777,98,49,HAWTHORNE SCHOOL,2835 S 3RD ST W,MISSOULA,59804,7:00 am - 8:00 pm,,
Missoula,LEWIS CLK 89,LEW89,288,89,45,LEWIS & CLARK SCHOOL,2901 PARK,MISSOULA,59801,7:00 am - 8:00 pm,,
Missoula,LEWIS CLK 90E,LEW90E,1808,90,45,LEWIS & CLARK SCHOOL,2901 PARK,MISSOULA,59801,7:00 am - 8:00 pm,,
Missoula,LEWIS CLK 90W,LEW90W,2631,90,45,LEWIS & CLARK SCHOOL,2901 PARK,MISSOULA,59801,7:00 am - 8:00 pm,,
Missoula,LIBRARY 91,LIBR91,2857,91,46,LIBRARY,301 E MAIN,MISSOULA,59802,7:00 am - 8:00 pm,,
Missoula,LOLO 89,LOLO89,754,89,45,LOLO ELEMENTARY SCHOOL,11395 HIWAY 93 SOUTH,LOLO,59847,7:00 am - 8:00 pm,,
Missoula,LOLO 97,LOLO97,3573,97,49,LOLO ELEMENTARY SCHOOL,11395 HIWAY 93 SOUTH,LOLO,59847,7:00 am - 8:00 pm,,
Missoula,LOWELL 94,LOWE94,1820,94,47,BURNS ST BISTRO,1500 BURNS ST,MISSOULA,59802,7:00 am - 8:00 pm,,
Missoula,LOWELL 95,LOWE95,2813,95,48,BURNS ST BISTRO,1500 BURNS ST,MISSOULA,59802,7:00 am - 8:00 pm,,
Missoula,MEADOW HILL 99,MDWHL99,2036,99,50,MEADOW HILL SCHOOL,4210 S RESERVE ST,MISSOULA,59803,7:00 am - 8:00 pm,,
Missoula,PAXSON 89,PAXSN89,2040,89,45,PAXSON SCHOOL,101 EVANS,MISSOULA,59801,7:00 am - 8:00 pm,,
Missoula,PETTY CRK 97,PETTY97,471,97,49,PETTY CREEK FIRE STATION,995 TERRACE VIEW DR,ALBERTON,59820,7:00 am - 8:00 pm,,
Missoula,POTOMAC 92,POTO92,857,92,46,GREENOUGH POTOMAC COMMUNITY CENTER,27950 POTOMAC RD,BONNER,59823,7:00 am - 8:00 pm,,
Missoula,RATTLSNK 91E,RTSK91E,1659,91,46,RATTLESNAKE SCHOOL,1220 PINEVIEW DR,MISSOULA,59802,7:00 am - 8:00 pm,,
Missoula,RATTLSNK 91W,RTSK91W,2221,91,46,RATTLESNAKE SCHOOL,1220 PINEVIEW DR,MISSOULA,59802,7:00 am - 8:00 pm,,
Missoula,RUSSELL 90,RUSS90,799,90,45,RUSSELL SCHOOL,3216 RUSSELL,MISSOULA,59801,7:00 am - 8:00 pm,,
Missoula,RUSSELL 99N,RUSS99N,1258,99,50,RUSSELL SCHOOL,3216 RUSSELL,MISSOULA,59801,7:00 am - 8:00 pm,,
Missoula,RUSSELL 99S,RUSS99S,1657,99,50,RUSSELL SCHOOL,3216 RUSSELL,MISSOULA,59801,7:00 am - 8:00 pm,,
Missoula,SEELEY LK 92,SEEL92,1381,92,46,SEELEY LAKE ELEMENTARY SCHOOL,200 SCHOOL LANE,SEELEY LAKE,59868,7:00 am - 8:00 pm,,
Missoula,SENIOR CIT 91,SENR91,1601,91,46,SENIOR CITIZENS CENTER,705 S HIGGINS,MISSOULA,59801,7:00 am - 8:00 pm,,
Missoula,SENIOR CIT 95,SENR95,1133,95,48,SENIOR CITIZENS CENTER,705 S HIGGINS,MISSOULA,59801,7:00 am - 8:00 pm,,
Missoula,SPRING MDW 94,SPMDW94,808,94,47,SPRING MEADOWS FIRE STATION,9350 LADYSLIPPER,MISSOULA,59808,7:00 am - 8:00 pm,,
Missoula,SPRING MDW 96,SPMDW96,263,96,48,SPRING MEADOWS FIRE STATION,9350 LADYSLIPPER,MISSOULA,59808,7:00 am - 8:00 pm,,
Missoula,ST JOSEPH 100E,STJ100E,2098,100,50,ST JOSEPH SCHOOL,503 EDITH,MISSOULA,59801,7:00 am - 8:00 pm,,
Missoula,ST JOSEPH 100W,STJ100W,2774,100,50,ST JOSEPH SCHOOL,503 EDITH,MISSOULA,59801,7:00 am - 8:00 pm,,
Missoula,SWAN 92,SWAN92,376,92,46,SWAN VALLEY SCHOOL,6423 HIWAY 83 N,CONDON,59826,7:00 am - 8:00 pm,,
Missoula,TARGET RNG 97,TARG97,1241,97,49,TARGET RANGE SCHOOL,4095 SOUTH AVE WEST,MISSOULA,59804,7:00 am - 8:00 pm,,
Missoula,TARGET RNG 98,TARG98,1990,98,49,TARGET RANGE SCHOOL,4095 SOUTH AVE WEST,MISSOULA,59804,7:00 am - 8:00 pm,,
Missoula,UC CENTR 89,UCCE89,1734,89,45,U C CENTER,1000 E. BECKWITH AVENUE,MISSOULA,59812,7:00 am - 8:00 pm,,
Musselshell,PRECINCT 1,PREC_1,543,40,20,ROUNDUP COMMUNITY CENTER,700 THIRD STREET WEST,ROUNDUP,59072,7:00 am - 8:00 pm,,
Musselshell,PRECINCT 3,PREC_3,420,40,20,ROUNDUP COMMUNITY CENTER,700 THIRD STREET WEST,ROUNDUP,59072,7:00 am - 8:00 pm,,
Musselshell,PRECINCT 5,PREC_5,691,40,20,ROUNDUP COMMUNITY CENTER,700 THIRD STREET WEST,ROUNDUP,59072,7:00 am - 8:00 pm,,
Musselshell,PRECINCT 6,PREC_6,869,40,20,ROUNDUP COMMUNITY CENTER,700 THIRD STREET WEST,ROUNDUP,59072,7:00 am - 8:00 pm,,
Musselshell,PRECINCT 7,PREC_7,155,40,20,MELSTONE COMMUNITY CENTER,500 FERGUS,MELSTONE,59054,* Noon - 8:00 pm,,
Musselshell,PRECINCT 8,PREC_8,106,40,20,MUSSELSHELL SCHOOL,100 SOUTH MUSSELSHELL ROAD,MUSSELSHELL,59059,* Noon - 8:00 pm,,
Park,59A NORTH PC,59A NPC,1062,59,30,SHIELDS VALLEY COMMUNITY CENTER,409 MILES AVE.,CLYDE PARK,59018,7:00 am - 8:00 pm,,
Park,59B N CENTRAL PC,59B NCP,1417,59,30,LIVINGSTON FAIRGROUNDS,46 VIEW VISTA DR,LIVINGSTON,59047,7:00 am - 8:00 pm,,
Park,59C S CENTRAL PC,59C SCP,1177,59,30,EMIGRANT HALL,101 STORY ROAD,EMIGRANT,59027,7:00 am - 8:00 pm,,
Park,59D SOUTH PC,59D SPC,1094,59,30,GARDINER SCHOOL,510 STONE STREET,GARDINER,59030,7:00 am - 8:00 pm,,
Park,60A NW OF LIVINGSTON,60A NOL,915,60,30,LIVINGSTON FAIRGROUNDS,46 VIEW VISTA DR,LIVINGSTON,59047,7:00 am - 8:00 pm,,
Park,60B SW OF LIVINGSTON,60B SOL,960,60,30,LIVINGSTON FAIRGROUNDS,46 VIEW VISTA DR,LIVINGSTON,59047,7:00 am - 8:00 pm,,
Park,60CL NW COL,60CL NW,1091,60,30,LIVINGSTON FAIRGROUNDS,46 VIEW VISTA DR,LIVINGSTON,59047,7:00 am - 8:00 pm,,
Park,60DL NE COL,60DL NE,1017,60,30,LIVINGSTON FAIRGROUNDS,46 VIEW VISTA DR,LIVINGSTON,59047,7:00 am - 8:00 pm,,
Park,60EL SE COL,60EL SE,952,60,30,LIVINGSTON FAIRGROUNDS,46 VIEW VISTA DR,LIVINGSTON,59047,7:00 am - 8:00 pm,,
Park,60FL SC COL,60FL SC,924,60,30,LIVINGSTON FAIRGROUNDS,46 VIEW VISTA DR,LIVINGSTON,59047,7:00 am - 8:00 pm,,
Park,60GL SW COL,60GL SW,1032,60,30,LIVINGSTON FAIRGROUNDS,46 VIEW VISTA DR,LIVINGSTON,59047,7:00 am - 8:00 pm,,
Petroleum,PRECNCT 1,PREC_1,410,29,15,PETROLEUM COUNTY COURTHOUSE,302 EAST MAIN,WINNETT,59087,7:00 am - 8:00 pm,,
Phillips,PCT 11 - FIRST CREEK - 32/16,PCT 11,43,32,16,COURTHOUSE ATRIUM 11,314 S 3RD ST WEST,MALTA,59538,* Noon - 8:00 pm,,
Phillips,PCT 12-N - MALTA NORTH - 33/17,PCT 12N,180,33,17,COURTHOUSE ATRIUM 12-N,314 S 3RD ST WEST,MALTA,59538,7:00 am - 8:00 pm,,
Phillips,PCT 12-S - MALTA SOUTH - 32/16,PCT 12S,440,32,16,COURTHOUSE ATRIUM 12-S,314 S 3RD ST WEST,MALTA,59538,7:00 am - 8:00 pm,,
Phillips,PCT 16 - WHITEWATER - 33/17,PCT 16,88,33,17,WHITEWATER SCHOOL 16,117 1ST AVE W,WHITEWATER,59544,* Noon - 8:00 pm,,
Phillips,PCT 2-N - DODSON NORTH - 33/17,PCT 2-N,92,33,17,DODSON SCHOOL 2-N & TOWN,2ND ST W,DODSON,59524,* Noon - 8:00 pm,,
Phillips,PCT 2-S - DODSON SOUTH - 32/16,PCT 2-S,75,32,16,DODSON SCHOOL 2-S,2ND ST W,DODSON,59524,* Noon - 8:00 pm,,
Phillips,PCT 5 - ZORTMAN - 32/16,PCT 5,91,32,16,MISSIONARY NETWORK BLDG 5,319 RUBY ST,ZORTMAN,59546,* Noon - 8:00 pm,,
Phillips,PCT 6 - LANDUSKY - 32/16,PCT 6,41,32,16,MISSIONARY NETWORK BLDG 6,319 RUBY ST,ZORTMAN,59546,* Noon - 8:00 pm,,
Phillips,PCT 7 - LORING - 33/17,PCT 7,84,33,17,WHITEWATER SCHOOL 7,92 1ST ST E,LORING,59537,* Noon - 8:00 pm,,
Phillips,PCT 8-N - SACO NORTH - 33/17,PCT 8-N,282,33,17,SACO SCHOOL 8-N & TOWN,321 US HIGHWAY 243,SACO,59261,* Noon - 8:00 pm,,
Phillips,PCT 8-S - SACO SOUTH - 32/16,PCT 8-S,14,32,16,SACO SCHOOL 8-S,321 US HIGHWAY 243,SACO,59261,* Noon - 8:00 pm,,
Phillips,PCT 9-1 - MALTA CITY - 33/17,PCT 9-1,592,33,17,COURTHOUSE ATRIUM 9-1,314 S 3RD ST WEST,MALTA,59538,7:00 am - 8:00 pm,,
Phillips,PCT 9-2 - MALTA CITY - 33/17,PCT 9-2,597,33,17,COURTHOUSE ATRIUM 9-2,314 S 3RD ST WEST,MALTA,59538,7:00 am - 8:00 pm,,
Pondera,BRADY_19,Prec_19,368,17,9,BRADY COMMUNITY CENTER,303 Central Avenue,BRADY,59416,* Noon - 8:00 pm,,
Pondera,HEART BUTTE_20,Prec_20,373,15,8,HEART BUTTE HIGH SCHOOL,Heart Butte School Road,HEART BUTTE,59448,7:00 am - 8:00 pm,,
Pondera,DUPUYER_23,Prec_23,159,17,9,DUPUYER COMMUNITY CENTER,201 Gillette Ave E,DUPUYER,59432,* Noon - 8:00 pm,,
Pondera,CONRAD_24,Prec_24,714,18,9,PONDERA CENTER 24,311 S VIRGINIA ST,CONRAD,59425,7:00 am - 8:00 pm,,
Pondera,CONRAD_27,Prec_27,684,18,9,PONDERA CENTER 27,311 S VIRGINIA ST,CONRAD,59425,7:00 am - 8:00 pm,,
Pondera,CONRAD RURAL 29,PREC_29,176,18,9,PONDERA CENTER 29,311 S VIRGINIA ST,CONRAD,59425,7:00 am - 8:00 pm,,
Pondera,VALIER_34,Prec_34,314,17,9,VALIER CIVIC CENTER,514 Montana St,VALIER,59486,7:00 am - 8:00 pm,,
Pondera,VALIER (RURAL)_35,Prec_35,490,17,9,VALIER CIVIC CENTER,514 Montana St,VALIER,59486,7:00 am - 8:00 pm,,
Powder River,PRECINCT03,PREC_03,52,41,21,COALWOOD SCHOOL,10 RILEY ROAD,VOLBORG,59351,* Noon - 8:00 pm,,
Powder River,PRECINCT04,PREC_04,64,41,21,STACEY MEMORIAL HALL,5 LISCOMB ROAD,VOLBORG,59351,* Noon - 8:00 pm,,
Powder River,PRECINCT05,PREC_05,153,41,21,TRECO BUILDING,2435 HIGHWAY 212,ASHLAND,59003,* Noon - 8:00 pm,,
Powder River,PRECINCT09,PREC_09,63,37,19,BIDDLE HERITAGE CENTER,212 S. STATE HIGHWAY 59,BIDDLE,59314,* Noon - 8:00 pm,,
Powder River,PRECINCT11,PREC_11,480,37,19,COURTHOUSE LOBBY,1 COURTHOUSE SQUARE,BROADUS,59317,7:00 am - 8:00 pm,,
Powder River,PRECINCT12,PREC_12,379,41,21,COURTHOUSE ELECTION ROOM,1 COURTHOUSE SQUARE,BROADUS,59317,7:00 am - 8:00 pm,,
Powder River,PRECINCT08,PREC_8,26,41,21,BIDDLE HERITAGE CENTER,212 S. STATE HIGHWAY 59,BIDDLE,59314,* Noon - 8:00 pm,,
Powell,PRECINCT #1.80,P_1.80,180,80,40,AVON COMMUNITY CENTER,208 MAIN ST,AVON,59713,* Noon - 8:00 pm,,
Powell,PRECINCT #10.80,P_10.80,93,80,40,GARRISON SCHOOL,33 SCHOOL HOUSE RD,GARRISON,59731,* Noon - 8:00 pm,,
Powell,PRECINCT #11.80,P_11.80,114,80,40,GOLD CREEK COMMUNITY CENTER,653 GOLD CREEK ROAD,GOLD CREEK,59733,* Noon - 8:00 pm,,
Powell,PRECINCT #12.80,P_12.80,177,80,40,HELMVILLE COMMUNITY CENTER,105 MAIN STREET,HELMVILLE,59843,* Noon - 8:00 pm,,
Powell,PRECINCT #14.80,P_14.80,196,80,40,OVANDO COMMUNITY CENTER,108 BIRCH STREET,OVANDO,59854,* Noon - 8:00 pm,,
Powell,PRECINCT #16.78,P_16.78,147,78,39,RACETRACK COMMUNITY HALL,6887 S FRONTAGE RD,DEER LODGE,59722,* Noon - 8:00 pm,,
Powell,PRECINCT #2.80,P_2.80,108,80,40,COMMUNITY CENTER 2,416 COTTONWOOD AVE,DEER LODGE,59722,7:00 am - 8:00 pm,,
Powell,PRECINCT #3.78,P_3.78,441,78,39,COMMUNITY CENTER-3,416 COTTONWOOD,DEER LODGE,59722,7:00 am - 8:00 pm,,
Powell,PRECINCT #4.78,P_4.78,358,78,39,COMMUNITY CENTER-4,416 COTTONWOOD,DEER LODGE,59722,7:00 am - 8:00 pm,,
Powell,PRECINCT #5.78,P_5.78,405,78,39,COMMUNITY CENTER-5,416 COTTONWOOD,DEER LODGE,59722,7:00 am - 8:00 pm,,
Powell,PRECINCT #6.78,P_6.78,429,78,39,COMMUNITY CENTER-6,416 COTTONWOOD,DEER LODGE,59722,7:00 am - 8:00 pm,,
Powell,PRECINCT #7.78,P_7.78,421,78,39,COMMUNITY CENTER-7,416 COTTONWOOD,DEER LODGE,59722,7:00 am - 8:00 pm,,
Powell,PRECINCT #8.80,P_8.80,235,80,40,ELLISTON SCHOOL GYM,205 WEST MAIN STREET,ELLISTON,59728,* Noon - 8:00 pm,,
Prairie,PRECINCT NO. 1,PREC_1,225,37,19,TERRY HIGH SCHOOL,215 W PARK,TERRY,59349,7:00 am - 8:00 pm,,
Prairie,PRECINCT NO. 2,PREC_2,201,37,19,TERRY HIGH SCHOOL,215 W PARK,TERRY,59349,7:00 am - 8:00 pm,,
Prairie,PRECINCT NO. 3,PREC_3,194,37,19,FALLON COFFEE SHOP,518 N RAILWAY AVE,FALLON,59326,7:00 am - 8:00 pm,,
Prairie,PRECINCT NO. 4,PREC_4,227,37,19,TERRY HIGH SCHOOL,215 W PARK,TERRY,59349,7:00 am - 8:00 pm,,
Ravalli,PCT 01,01_PCT,807,85,43,DARBY SCHOOL GYM,209 SCHOOL DRIVE,DARBY,59829,7:00 am - 8:00 pm,,
Ravalli,PCT 02,02_PCT,1265,85,43,DARBY SCHOOL GYM,209 SCHOOL DRIVE,DARBY,59829,7:00 am - 8:00 pm,,
Ravalli,PCT 03,03_PCT,893,85,43,DARBY SCHOOL GYM,209 SCHOOL DRIVE,DARBY,59829,7:00 am - 8:00 pm,,
Ravalli,PCT 04,04_PCT,908,85,43,HAMILTON HIGH SCHOOL GYM,327 FAIRGROUNDS ROAD,HAMILTON,59840,7:00 am - 8:00 pm,,
Ravalli,PCT 05,05_PCT,1503,86,43,HAMILTON HIGH SCHOOL GYM,327 FAIRGROUNDS ROAD,HAMILTON,59840,7:00 am - 8:00 pm,,
Ravalli,PCT 06,06_PCT,1217,86,43,HAMILTON HIGH SCHOOL GYM,327 FAIRGROUNDS ROAD,HAMILTON,59840,7:00 am - 8:00 pm,,
Ravalli,PCT 07,07_PCT,1452,86,43,HAMILTON HIGH SCHOOL GYM,327 FAIRGROUNDS ROAD,HAMILTON,59840,7:00 am - 8:00 pm,,
Ravalli,PCT 08,08_PCT,1523,86,43,HAMILTON HIGH SCHOOL GYM,327 FAIRGROUNDS ROAD,HAMILTON,59840,7:00 am - 8:00 pm,,
Ravalli,PCT 09,09_PCT,1340,86,43,HAMILTON HIGH SCHOOL GYM,327 FAIRGROUNDS ROAD,HAMILTON,59840,7:00 am - 8:00 pm,,
Ravalli,PCT 10,10_PCT,1354,85,43,CORVALLIS HIGH SCHOOL GYM,1045 MAIN STREET,CORVALLIS,59828,7:00 am - 8:00 pm,,
Ravalli,PCT 11,11_PCT,1253,85,43,CORVALLIS HIGH SCHOOL GYM,1045 MAIN STREET,CORVALLIS,59828,7:00 am - 8:00 pm,,
Ravalli,PCT 12,12_PCT,1066,85,43,CORVALLIS HIGH SCHOOL GYM,1045 MAIN STREET,CORVALLIS,59828,7:00 am - 8:00 pm,,
Ravalli,PCT 13,13_PCT,1135,87,44,CORVALLIS HIGH SCHOOL GYM,1045 MAIN STREET,CORVALLIS,59828,7:00 am - 8:00 pm,,
Ravalli,PCT 14,14_PCT,417,87,44,PINESDALE TOWN HALL,DOWNTOWN PINESDALE,PINESDALE,59841,7:00 am - 8:00 pm,,
Ravalli,PCT 15,15_PCT,1340,87,44,VICTOR SCHOOL GYM,424 4TH AVENUE,VICTOR,59875,7:00 am - 8:00 pm,,
Ravalli,PCT 16,16_PCT,1047,87,44,VICTOR SCHOOL GYM,424 4TH AVENUE,VICTOR,59875,7:00 am - 8:00 pm,,
Ravalli,PCT 17,17_PCT,1038,87,44,STEVENSVILLE ELEMENTARY SCHOOL GYM,300 PARK ST,STEVENSVILLE,59833,7:00 am - 8:00 pm,,
Ravalli,PCT 18,18_PCT,1224,87,44,STEVENSVILLE ELEMENTARY SCHOOL GYM,300 PARK ST,STEVENSVILLE,59833,7:00 am - 8:00 pm,,
Ravalli,PCT 19,19_PCT,1325,88,44,STEVENSVILLE ELEMENTARY SCHOOL GYM,300 PARK ST,STEVENSVILLE,59833,7:00 am - 8:00 pm,,
Ravalli,PCT 20,20_PCT,1175,88,44,STEVENSVILLE ELEMENTARY SCHOOL GYM,300 PARK ST,STEVENSVILLE,59833,7:00 am - 8:00 pm,,
Ravalli,PCT 21,21_PCT,699,87,44,LONE ROCK SCHOOL,1112 THREE MILE ROAD,STEVENSVILLE,59870,7:00 am - 8:00 pm,,
Ravalli,PCT 22,22_PCT,1444,88,44,LONE ROCK SCHOOL,1112 THREE MILE ROAD,STEVENSVILLE,59870,7:00 am - 8:00 pm,,
Ravalli,PCT 23,23_PCT,1490,88,44,FLORENCE CARLTON SCHOOL GYM,5602 OLD HIGHWAY 93,FLORENCE,59833,7:00 am - 8:00 pm,,
Ravalli,PCT 24,24_PCT,1427,88,44,FLORENCE CARLTON SCHOOL GYM,5602 OLD HIGHWAY 93,FLORENCE,59833,7:00 am - 8:00 pm,,
Richland,PRECINCT 01,1,290,35,18,ASSEMBLY OF GOD MULTIPURPOSE ROOM,414 EAST MAIN STREET,SIDNEY,59270,7:00 am - 8:00 pm,,
Richland,PRECINCT 02,2,493,35,18,ASSEMBLY OF GOD MULTIPURPOSE ROOM,414 EAST MAIN STREET,SIDNEY,59270,7:00 am - 8:00 pm,,
Richland,PRECINCT 03,3,577,35,18,ASSEMBLY OF GOD MULTIPURPOSE ROOM,414 EAST MAIN STREET,SIDNEY,59270,7:00 am - 8:00 pm,,
Richland,PRECINCT 04,4,424,35,18,ASSEMBLY OF GOD MULTIPURPOSE ROOM,414 EAST MAIN STREET,SIDNEY,59270,7:00 am - 8:00 pm,,
Richland,PRECINCT 05,5,472,35,18,SAVAGE SENIOR CENTER,164 MAIN STREET,SAVAGE,59262,7:00 am - 8:00 pm,,
Richland,PRECINCT 07,7,297,35,18,LAMBERT SCHOOL OLD GYM,121 3RD AVENUE NORTH,LAMBERT,59243,7:00 am - 8:00 pm,,
Richland,PRECINCT 08,8,838,35,18,ASSEMBLY OF GOD MULTIPURPOSE ROOM,414 EAST MAIN STREET,SIDNEY,59270,7:00 am - 8:00 pm,,
Richland,PRECINCT 09,9,361,35,18,ASSEMBLY OF GOD MULTIPURPOSE ROOM,414 EAST MAIN STREET,SIDNEY,59270,7:00 am - 8:00 pm,,
Richland,PRECINCT 12,12,739,35,18,ST CATHERINES CHURCH,317 WEST 7TH ST,FAIRVIEW,59221,7:00 am - 8:00 pm,,
Richland,PRECINCT 17,17,162,35,18,GIRARD HALL,13610 COUNTY ROAD 338,SIDNEY,59270,* Noon - 8:00 pm,,
Richland,PRECINCT 19,19,144,35,18,ELMDALE HALL,32108 COUNTY 139,BROCKTON,59213,* Noon - 8:00 pm,,
Richland,PRECINCT 22,22,651,35,18,ASSEMBLY OF GOD MULTIPURPOSE ROOM,414 EAST MAIN STREET,SIDNEY,59270,7:00 am - 8:00 pm,,
Richland,PRECINCT 23,23,986,35,18,ASSEMBLY OF GOD MULTIPURPOSE ROOM,414 EAST MAIN STREET,SIDNEY,59270,7:00 am - 8:00 pm,,
Roosevelt,02 BAINVILLE,02-34,325,34,17,BAINVILLE SCHOOL 2,409 TUBMAN,BAINVILLE,59212,* Noon - 8:00 pm,,
Roosevelt,10 FROID,10-34,236,34,17,FROID COMMUNITY CENTER,103 2ND STREET NORTH,FROID,59226,* Noon - 8:00 pm,,
Roosevelt,12 CULBERTSON,12-34,643,34,17,CULBERTSON SENIOR CITIZENS CENTER,210 BROADWAY,CULBERTSON,59218,7:00 am - 8:00 pm,,
Roosevelt,15 BROCKTON,15-31,304,31,16,BROCKTON SCHOOL DISTRICT OFFICE 15,529 5TH ST,BROCKTON,59213,* Noon - 8:00 pm,,
Roosevelt,16 EAST POPLAR RURAL,16-31,370,31,16,POPLAR MIDDLE SCHOOL 16,408 D ST WEST,POPLAR,59255,7:00 am - 8:00 pm,,
Roosevelt,17 NORTH POPLAR MINERAL BENCH,17-34,138,34,17,FAITH LUTHERAN CHURCH 17,4703 HIGHWAY 344 W,BROCKTON,59213,* Noon - 8:00 pm,,
Roosevelt,18 POPLAR,18-31,1065,31,16,POPLAR MIDDLE SCHOOL 18,408 D ST WEST,POPLAR,59255,7:00 am - 8:00 pm,,
Roosevelt,22 EAST & NE WOLF POINT RURAL,22-31,236,31,16,COUNTY SERVICES BLDG CONFERENCE ROOM 22,124 CUSTER ST,WOLF POINT,59201,7:00 am - 8:00 pm,,
Roosevelt,24 WOLF POINT SOUTHSIDE,24-31,619,31,16,COUNTY SERVICES BLDG SR CENTER 24,124 CUSTER ST,WOLF POINT,59201,7:00 am - 8:00 pm,,
Roosevelt,26 WOLF POINT NORTHSIDE,26-31,669,31,16,COUNTY SERVICES BLDG SR CENTER 26,124 CUSTER ST,WOLF POINT,59201,7:00 am - 8:00 pm,,
Roosevelt,27 WEST WOLF POINT RURAL,27-31,564,31,16,COUNTY SERVICES BLDG SR CENTER 27,124 CUSTER ST,WOLF POINT,59201,7:00 am - 8:00 pm,,
Roosevelt,28 NORTH WOLF POINT RURAL (VICTORY),28-34,144,34,17,COUNTY SERVICES BLDG SR CENTER 28,124 CUSTER ST,WOLF POINT,59201,7:00 am - 8:00 pm,,
Rosebud,PRECINCT 10,PREC_10,178,39,20,ROSEBUD SCHOOL,601 MAIN STREET,ROSEBUD,59347,* Noon - 8:00 pm,,
Rosebud,PRECINCT 11,PREC_11,103,39,20,ROSEBUD SCHOOL,601 MAIN STREET,ROSEBUD,59347,* Noon - 8:00 pm,,
Rosebud,PRECINCT 15,PREC_15,885,41,21,NORTHERN CHEYENNE TRIBAL BUILDING,100 CHEYENNE AVENUE,LAME DEER,59043,7:00 am - 8:00 pm,,
Rosebud,PRECINCT 17,PREC_17,391,41,21,ASHLAND PUBLIC SCHOOL,8 OLD MISSION ROAD,ASHLAND,59003,7:00 am - 8:00 pm,,
Rosebud,PRECINCT 20,PREC_20,251,39,20,HAUGO CENTER,483 EAST ROSEBUD STREET,FORSYTH,59327,7:00 am - 8:00 pm,,
Rosebud,PRECINCT 21,PREC_21,148,39,20,HAUGO CENTER,483 EAST ROSEBUD STREET,FORSYTH,59327,7:00 am - 8:00 pm,,
Rosebud,PRECINCT 26,PREC_26,73,39,20,INGOMAR SCHOOL,400 1ST AVE,INGOMAR,59039,* Noon - 8:00 pm,,
Rosebud,PRECINCT 3,PREC_3,577,39,20,HAUGO CENTER,483 EAST ROSEBUD STREET,FORSYTH,59327,7:00 am - 8:00 pm,,
Rosebud,PRECINCT 30,PREC_30,443,41,21,COLSTRIP CITY HALL,12 CHERRY STREET,COLSTRIP,59323,7:00 am - 8:00 pm,,
Rosebud,PRECINCT 32,PREC_32,956,39,20,COLSTRIP CITY HALL,12 CHERRY STREET,COLSTRIP,59323,7:00 am - 8:00 pm,,
Rosebud,PRECINCT 6,PREC_6,506,39,20,HAUGO CENTER,483 EAST ROSEBUD STREET,FORSYTH,59327,7:00 am - 8:00 pm,,
Rosebud,PRECINCT 7,PREC_7,66,41,21,BIRNEY SCHOOL,201 COMMERCIAL STREET,BIRNEY,59012,* Noon - 8:00 pm,,
Sanders,1-HERON-HD13,#1,434,13,7,HERON COMMUNITY CENTER,6 UPPER RIVER ROAD,HERON,59844,7:00 am - 8:00 pm,,
Sanders,2-NOXON-HD13,#2,563,13,7,NOXON EMERGENCY SERVICES BLDG,311 NOXON AVE,NOXON,59853,7:00 am - 8:00 pm,,
Sanders,3-TROUT CREEK-HD13,#3,1086,13,7,TROUT CREEK SCHOOL,4 SCHOOL LANE,CREEK,59874,7:00 am - 8:00 pm,,
Sanders,4-T Falls-HD13,#4,1285,13,7,THOMPSON FALLS COMM. CENTER,410 GOLF ST,THOMPSON FALLS,59873,7:00 am - 8:00 pm,,
Sanders,5-T FALLS-HD13,#5,1225,13,7,THOMPSON FALLS COMM. CENTER,410 GOLF ST,THOMPSON FALLS,59873,7:00 am - 8:00 pm,,
Sanders,6-PLAINS-HD14,#6,1194,14,7,PLAINS PARADISE SENIOR CENTER,205 W. MEANY ST,PLAINS,59859,7:00 am - 8:00 pm,,
Sanders,7-PLAINS-HD14,#7,958,14,7,PLAINS PARADISE SENIOR CENTER,205 W. MEANY ST,PLAINS,59859,7:00 am - 8:00 pm,,
Sanders,8-HOT SPRINGS-HD14,#8,870,14,7,HOT SPRINGS SENIOR CITZENS,101 MAIN ST,HOT SPRINGS,59845,7:00 am - 8:00 pm,,
Sanders,9-Dixon-HD14,#9,226,14,7,DIXON SENIOR CITIZENS CENTER,35 3RD ST,DIXON,59831,7:00 am - 8:00 pm,,
Sheridan,1 WESTBY,1_PREC,204,34,17,WESTBY COMMUNITY HALL,208 MAIN ST,WESTBY,59275,* Noon - 8:00 pm,,
Sheridan,2 MEDICINE LAKE,2_PREC,445,34,17,MEDICINE LAKE FIRE STATION,106 MAIN ST,MEDICINE LAKE,59247,7:00 am - 8:00 pm,,
Sheridan,3 PLENTYWOOD WEST,3_PREC,493,34,17,CIVIC CENTER,4262 C HWY 16 S,PLENTYWOOD,59254,7:00 am - 8:00 pm,,
Sheridan,4 PLENTYWOOD EAST,4_PREC,606,34,17,CIVIC CENTER,4262 C HWY 16 S,PLENTYWOOD,59254,7:00 am - 8:00 pm,,
Sheridan,5 PLENTYWOOD RURAL WEST,5_PREC,256,34,17,CIVIC CENTER,4262 C HWY 16 S,PLENTYWOOD,59254,7:00 am - 8:00 pm,,
Sheridan,6 PLENTYWOOD RURAL EAST,6_PREC,265,34,17,CIVIC CENTER,4262 C HWY 16 S,PLENTYWOOD,59254,7:00 am - 8:00 pm,,
Silver Bow,PREC_1,CC-1,261,78,39,CIVIC CENTER,1340 HARRISON AVE.,BUTTE,59701,7:00 am - 8:00 pm,*Civic Center,1340 Harrison Ave
Silver Bow,PREC_10N,CC-10N,157,78,39,CIVIC CENTER,1340 HARRISON AVE.,BUTTE,59701,7:00 am - 8:00 pm,,
Silver Bow,PREC_10S,CC-10S,235,78,39,CIVIC CENTER,1340 HARRISON AVE.,BUTTE,59701,7:00 am - 8:00 pm,,
Silver Bow,PREC_11,CC-11,253,78,39,CIVIC CENTER,1340 HARRISON AVE.,BUTTE,59701,7:00 am - 8:00 pm,,
Silver Bow,PREC_12E,CC-12E,269,78,39,CIVIC CENTER,1340 HARRISON AVE.,BUTTE,59701,7:00 am - 8:00 pm,,
Silver Bow,PREC_12W,CC-12W,213,74,37,CIVIC CENTER,1340 HARRISON AVE.,BUTTE,59701,7:00 am - 8:00 pm,,
Silver Bow,PREC_14,CC-14,1411,74,37,CIVIC CENTER,1340 HARRISON AVE.,BUTTE,59701,7:00 am - 8:00 pm,,
Silver Bow,PREC_16,CC-16,1363,74,37,CIVIC CENTER,1340 HARRISON AVE.,BUTTE,59701,7:00 am - 8:00 pm,,
Silver Bow,PREC_17,CC-17,1412,74,37,CIVIC CENTER,1340 HARRISON AVE.,BUTTE,59701,7:00 am - 8:00 pm,,
Silver Bow,PREC_18,CC-18,807,74,37,CIVIC CENTER,1340 HARRISON AVE.,BUTTE,59701,7:00 am - 8:00 pm,,
Silver Bow,PREC_19N,CC-19N,371,73,37,CIVIC CENTER,1340 HARRISON AVE.,BUTTE,59701,7:00 am - 8:00 pm,,
Silver Bow,PREC_19S,CC-19S,259,73,37,CIVIC CENTER,1340 HARRISON AVE.,BUTTE,59701,7:00 am - 8:00 pm,,
Silver Bow,PREC_19W,CC-19W,98,73,37,ROCKER FIRE HALL,1110 GRIZZLY TRAIL,BUTTE,59701,* Noon - 8:00 pm,,
Silver Bow,PREC_21,CC-21,650,73,37,CIVIC CENTER,1340 HARRISON AVE.,BUTTE,59701,7:00 am - 8:00 pm,,
Silver Bow,PREC_22,CC-22,1547,73,37,CIVIC CENTER,1340 HARRISON AVE.,BUTTE,59701,7:00 am - 8:00 pm,,
Silver Bow,PREC_26E,CC-26E,137,74,37,ROCKER FIRE HALL,1110 GRIZZLY TRAIL,BUTTE,59701,* Noon - 8:00 pm,,
Silver Bow,PREC_26W,CC-26W,202,74,37,ROCKER FIRE HALL,1110 GRIZZLY TRAIL,BUTTE,59701,* Noon - 8:00 pm,,
Silver Bow,PREC_27N,CC-27N,113,78,39,RAMSAY SCHOOL,3 RUSSELL,RAMSAY,59748,7:00 am - 8:00 pm,,
Silver Bow,PREC_27S,CC-27S,392,72,36,RAMSAY SCHOOL,3 RUSSELL,RAMSAY,59748,7:00 am - 8:00 pm,,
Silver Bow,PREC_28,CC-28,128,72,36,DIVIDE GRANGE HALL,105 SCHOOLHOUSE RD,DIVIDE,59727,* Noon - 8:00 pm,,
Silver Bow,PREC_29,CC-29,78,72,36,MELROSE SCHOOL,377 HECLA STREET,MELROSE,59743,* Noon - 8:00 pm,,
Silver Bow,PREC_2E,CC-2E,594,76,38,CIVIC CENTER,1340 HARRISON AVE.,BUTTE,59701,7:00 am - 8:00 pm,,
Silver Bow,PREC_2W,CC-2W,662,73,37,CIVIC CENTER,1340 HARRISON AVE.,BUTTE,59701,7:00 am - 8:00 pm,,
Silver Bow,PREC_3,CC-3,517,73,37,CIVIC CENTER,1340 HARRISON AVE.,BUTTE,59701,7:00 am - 8:00 pm,,
Silver Bow,PREC_4,CC-4,1211,76,38,CIVIC CENTER,1340 HARRISON AVE.,BUTTE,59701,7:00 am - 8:00 pm,,
Silver Bow,PREC_6,CC-6,1894,76,38,CIVIC CENTER,1340 HARRISON AVE.,BUTTE,59701,7:00 am - 8:00 pm,,
Silver Bow,PREC_8E,CC-8E,1923,76,38,CIVIC CENTER,1340 HARRISON AVE.,BUTTE,59701,7:00 am - 8:00 pm,,
Silver Bow,PREC_8W,CC-8W,1510,73,37,CIVIC CENTER,1340 HARRISON AVE.,BUTTE,59701,7:00 am - 8:00 pm,,
Silver Bow,PREC_9E,CC-9E,669,71,36,CIVIC CENTER,1340 HARRISON AVE.,BUTTE,59701,7:00 am - 8:00 pm,,
Silver Bow,PREC_9N,CC-9N,881,76,38,CIVIC CENTER,1340 HARRISON AVE.,BUTTE,59701,7:00 am - 8:00 pm,,
Silver Bow,PREC_9W,CC-9W,85,76,38,CIVIC CENTER,1340 HARRISON AVE.,BUTTE,59701,7:00 am - 8:00 pm,,
Stillwater,COLUMBUS PRECINCT 1,PREC_1,2425,57,29,STILLWATER PAVILLION,328 E 5TH AVE N,COLUMBUS,59019,7:00 am - 8:00 pm,,
Stillwater,NYE PRECINCT 10,PREC_10,177,57,29,NYE FIRE HALL,2033 NYE ROAD,NYE,59061,* Noon - 8:00 pm,,
Stillwater,FISHTAIL PRECINCT 11,PREC_11,217,57,29,FISHTAIL COMMUNITY CENTER,21 WEST MAIN STREET,FISHTAIL,59028,7:00 am - 8:00 pm,,
Stillwater,ABSAROKEE PRECINCT 13,PREC_13,1030,57,29,ABSAROKEE ELEM SCHOOL GYM,327 S. WOODARD AVE.,ABSAROKEE,59001,7:00 am - 8:00 pm,,
Stillwater,PARK CITY PRECINCT 2,PREC_2,1320,57,29,PARK CITY CIVIC CENTER,19 2ND AVE. SW,PARK CITY,59063,7:00 am - 8:00 pm,,
Stillwater,REED POINT PRECINCT 4,PREC_4,229,57,29,REED POINT HIGH SCHOOL LIBRARY,308 CENTRAL AVENUE SW,REED POINT,59069,7:00 am - 8:00 pm,,
Stillwater,MOLT PRECINCT 7,PREC_7,71,57,29,MOLT SCHOOL,214 LAKE AVE.,MOLT,59057,* Noon - 8:00 pm,,
Stillwater,RAPELJE PRECINCT 9,PREC_9,183,57,29,RAPELJE HIGH SCHOOL,714 MAIN,RAPELJE,59067,* Noon - 8:00 pm,,
Sweet Grass,PRECINCT 1,PREC_1,553,59,30,CIVIC CENTER,301 HOOPER ST,BIG TIMBER,59011,7:00 am - 8:00 pm,,
Sweet Grass,PRECINCT 2,PREC_2,483,59,30,CIVIC CENTER,301 HOOPER ST,BIG TIMBER,59011,7:00 am - 8:00 pm,,
Sweet Grass,PRECINCT 3,PREC_3,545,59,30,CIVIC CENTER,301 HOOPER ST,BIG TIMBER,59011,7:00 am - 8:00 pm,,
Sweet Grass,PRECINCT 4,PREC_4,542,59,30,CIVIC CENTER,301 HOOPER ST,BIG TIMBER,59011,7:00 am - 8:00 pm,,
Sweet Grass,PRECINCT 5,PREC_5,323,57,29,CIVIC CENTER,301 HOOPER ST,BIG TIMBER,59011,7:00 am - 8:00 pm,,
Teton,PRECINCT #1,PREC_1,1727,17,9,TETON COUNTY ANNEX BUILDING,19 MAIN AVE S,CHOTEAU,59422,7:00 am - 8:00 pm,,
Teton,PRECINCT #11,PREC_11,209,17,9,PENDROY FIRE DEPARTMENT,119 MAIN AVE,PENDROY,59467,* Noon - 8:00 pm,,
Teton,PRECINCT #17,PREC_17,387,17,9,DUTTON AMERICAN LEGION,201 MAIN STREET EAST,DUTTON,59433,7:00 am - 8:00 pm,,
Teton,PRECINCT #6,PREC_6,375,17,9,POWER PUBLIC SCHOOL,402 TETON,POWER,59468,* Noon - 8:00 pm,,
Teton,PRECINCT #7,PREC_7,1192,17,9,FAIRFIELD TOWN HALL,603 CENTRAL,FAIRFIELD,59436,7:00 am - 8:00 pm,,
Toole,DEVON-GALATA,DEV-GAL,154,18,9,GAL HALL,4 DIVISION STREET,GALATA,59444,* Noon - 8:00 pm,,
Toole,KEVIN,KEVIN,170,18,9,K DEPOT,4 NORTH 1ST STREET,KEVIN,59454,* Noon - 8:00 pm,,
Toole,SHELBY CITY,SHE-CTY,1449,18,9,CIVIC CNT,669 PARK AVE,SHELBY,59474,7:00 am - 8:00 pm,,
Toole,SHELBY RURAL,SHEL-R,204,18,9,CIVIC CNT,669 PARK AVE,SHELBY,59474,7:00 am - 8:00 pm,,
Toole,SUNBURST,SUNBRST,518,18,9,ELEM SCH,220 1ST STREET SOUTH,SUNBURST,59482,7:00 am - 8:00 pm,,
Treasure,PRECINCT # 3,PREC_3,43,39,20,T.C. COMMUNITY CENTER (PCT.3),306 RAPELJE,HYSHAM,59038,* Noon - 8:00 pm,,
Treasure,PRECINCT # 4,PREC_4,449,39,20,COURTHOUSE,307 RAPELJE,HYSHAM,59038,7:00 am - 8:00 pm,,
Treasure,PRECINCT # 6,PREC_6,49,39,20,T.C. COMMUNITY CENTER (PCT 6),306 RAPELJE,HYSHAM,59038,* Noon - 8:00 pm,,
Valley,1-FORT PECK,1FTP,641,31,16,FORT PECK REC HALL,125 MISSOURI AVE,FORT PECK,59223,7:00 am - 8:00 pm,,
Valley,2-FRAZER,2FRA,280,31,16,FRAZER NEW COMMUNITY HALL,400 MOCCASIN AVE,FRAZER,59225,* Noon - 8:00 pm,,
Valley,3-HINSDALE,3HIN,362,33,17,HINSDALE LEGION HALL,124 MONTANA ST,HINSDALE,59241,* Noon - 8:00 pm,,
Valley,4-GLASGOW,4GLA,1451,33,17,GLASGOW CIVIC CENTER 1,319 3RD ST S,GLASGOW,59230,7:00 am - 8:00 pm,,
Valley,5-GLASGOW NE,5GNE,1223,34,17,GLASGOW CIVIC CENTER 1,319 3RD ST S,GLASGOW,59230,7:00 am - 8:00 pm,,
Valley,6-NASHUA,6NAS,248,34,17,NASHUA SENIOR CENTER,709 FRONT ST,NASHUA,59248,* Noon - 8:00 pm,,
Valley,7-LUSTRE,7LUS,104,34,17,LUSTRE GRADE SCHOOL,282 LUSTRE RD,FRAZER,59225,* Noon - 8:00 pm,,
Valley,8-OPHEIM,8OPH,218,34,17,OPHEIM NORVAL ELECTRIC BUILDING,75 MAIN ST,OPHEIM,59250,* Noon - 8:00 pm,,
Wheatland,PRECINCT 1,1,121,30,15,PREC 1 COMMUNITY CLUB,TWO DOT HIGHWAY,TWO DOT,59085,7:00 am - 8:00 pm,,
Wheatland,PRECINCT 2,2,530,30,15,PREC 2 HARLOWTON HIGH SCHOOL,304 E. DIVISION,HARLOWTON,59036,7:00 am - 8:00 pm,,
Wheatland,PRECINCT 3,3,105,30,15,PREC 3 SHAWMUT SCHOOL,1 EAST 3RD AVE,SHAWMUT,59078,7:00 am - 8:00 pm,,
Wheatland,PRECINCT 4,4,178,30,15,PREC 4 CITY COMPLEX,601 MEAGHER ST,JUDITH GAP,59453,7:00 am - 8:00 pm,,
Wheatland,PRECINCT 9,9,308,30,15,PREC 9 HARLOWTON HIGH SCHOOL,304 E. DIVISION,HARLOWTON,59306,7:00 am - 8:00 pm,,
Wibaux,PRECINCT #1,1,705,36,18,COURTROOM 1,203 WIBAUX ST S,WIBAUX,59353,7:00 am - 8:00 pm,,
Yellowstone,39.1,39.1,214,39,20,CUSTER SCHOOL GYM,210 2ND AVENUE,CUSTER,59024,7:00 am - 8:00 pm,*Montana Pavilion, Metra Park
Yellowstone,39.2,39.2,2077,39,20,HUNTLEY PROJECT ELEM. GYM,1477 ASH STREET,WORDEN,59088,7:00 am - 8:00 pm,,
Yellowstone,40.1,40.1,2180,40,20,SHEPHERD H.S.,7842 SHEPHERD ROAD,SHEPHERD,59079,7:00 am - 8:00 pm,,
Yellowstone,40-45,40-45 [40],14,40,20,INDEPENDENT SCHOOL,2907 ROUNDUP ROAD,BILLINGS,59105,7:00 am - 8:00 pm,,
Yellowstone,40.3,40.3,422,40,20,BROADVIEW COMMUNITY CENTER,13725 5TH,BROADVIEW,59015,7:00 am - 8:00 pm,,
Yellowstone,40.4,40.4,331,40,20,ELDER GROVE SCHOOL,1532 S 64TH ST WEST,BILLINGS,59106,7:00 am - 8:00 pm,,
Yellowstone,40.5,40.5,237,40,20,LAUREL H.S.,203 E 8TH,LAUREL,59044,7:00 am - 8:00 pm,,
Yellowstone,42.1,42.1,129,42,21,YELLOWSTONE VALLEY ELEC. CO-OP,150 COOPERATIVE WAY,HUNTLEY,59037,7:00 am - 8:00 pm,,
Yellowstone,42.2,42.2,298,42,21,LOCKWOOD SCHL,1932 US HWY 87,BILLINGS,59101,7:00 am - 8:00 pm,,
Yellowstone,43.1,43.1,613,43,22,PIONEER SCHOOL,1937 DOVER ROAD,BILLINGS,59105,7:00 am - 8:00 pm,,
Yellowstone,43.2,43.2,937,43,22,METRA PARK,308 6TH AVENUE NORTH,BILLINGS,59101,7:00 am - 8:00 pm,,
Yellowstone,43.3,43.3,4083,43,22,METRA PARK,308 6TH AVENUE NORTH,BILLINGS,59101,7:00 am - 8:00 pm,,
Yellowstone,44.1,44.1,1293,44,22,METRA PARK,308 6TH AVENUE NORTH,BILLINGS,59101,7:00 am - 8:00 pm,,
Yellowstone,44.2,44.2,2672,44,22,METRA PARK,308 6TH AVENUE NORTH,BILLINGS,59101,7:00 am - 8:00 pm,,
Yellowstone,44.3,44.3,1924,44,22,METRA PARK,308 6TH AVENUE NORTH,BILLINGS,59101,7:00 am - 8:00 pm,,
Yellowstone,40-45,40-45 [45],1035,45,23,INDEPENDENT SCHOOL,2907 ROUNDUP ROAD,BILLINGS,59105,7:00 am - 8:00 pm,,
Yellowstone,45.2,45.2,5124,45,23,METRA PARK,308 6TH AVENUE NORTH,BILLINGS,59101,7:00 am - 8:00 pm,,
Yellowstone,46.1,46.1,316,46,23,METRA PARK,308 6TH AVENUE NORTH,BILLINGS,59101,7:00 am - 8:00 pm,,
Yellowstone,46.2,46.2,6617,46,23,METRA PARK,308 6TH AVENUE NORTH,BILLINGS,59101,7:00 am - 8:00 pm,,
Yellowstone,47.1,47.1,2577,47,24,METRA PARK,308 6TH AVENUE NORTH,BILLINGS,59101,7:00 am - 8:00 pm,,
Yellowstone,47.2,47.2,3189,47,24,METRA PARK,308 6TH AVENUE NORTH,BILLINGS,59101,7:00 am - 8:00 pm,,
Yellowstone,48.1,48.1,3391,48,24,METRA PARK,308 6TH AVENUE NORTH,BILLINGS,59101,7:00 am - 8:00 pm,,
Yellowstone,48.2,48.2,2669,48,24,METRA PARK,308 6TH AVENUE NORTH,BILLINGS,59101,7:00 am - 8:00 pm,,
Yellowstone,49.1,49.1,2606,49,25,METRA PARK,308 6TH AVENUE NORTH,BILLINGS,59101,7:00 am - 8:00 pm,,
Yellowstone,49.2,49.2,2490,49,25,METRA PARK,308 6TH AVENUE NORTH,BILLINGS,59101,7:00 am - 8:00 pm,,
Yellowstone,50.1,50.1,2639,50,25,METRA PARK,308 6TH AVENUE NORTH,BILLINGS,59101,7:00 am - 8:00 pm,,
Yellowstone,50.2,50.2,2672,50,25,METRA PARK,308 6TH AVENUE NORTH,BILLINGS,59101,7:00 am - 8:00 pm,,
Yellowstone,51.1,51.1,1787,51,26,METRA PARK,308 6TH AVENUE NORTH,BILLINGS,59101,7:00 am - 8:00 pm,,
Yellowstone,51.2,51.2,1076,51,26,ELYSIAN SCHOOL,6416 ELYSIAN ROAD,BILLINGS,59101,7:00 am - 8:00 pm,,
Yellowstone,51.3,51.3,2491,51,26,METRA PARK,308 6TH AVENUE NORTH,BILLINGS,59101,7:00 am - 8:00 pm,,
Yellowstone,52.1,52.1,2397,52,26,METRA PARK,308 6TH AVENUE NORTH,BILLINGS,59101,7:00 am - 8:00 pm,,
Yellowstone,52.2,52.2,2770,52,26,METRA PARK,308 6TH AVENUE NORTH,BILLINGS,59101,7:00 am - 8:00 pm,,
Yellowstone,53.1,53.1,5321,53,27,METRA PARK,308 6TH AVENUE NORTH,BILLINGS,59101,7:00 am - 8:00 pm,,
Yellowstone,53.2,53.2,1732,53,27,ELDER GROVE SCHOOL,1532 S 64TH ST WEST,BILLINGS,59106,7:00 am - 8:00 pm,,
Yellowstone,53.3,53.3,1253,53,27,LAUREL H.S.,203 E 8TH,LAUREL,59044,7:00 am - 8:00 pm,,
Yellowstone,54.1,54.1,5774,54,27,METRA PARK,308 6TH AVENUE NORTH,BILLINGS,59101,7:00 am - 8:00 pm,,
Yellowstone,54.2,54.2,1096,54,27,CANYON CREEK SCHOOL,3139 DUCK CREEK ROAD,BILLINGS,59101,7:00 am - 8:00 pm,,
Yellowstone,55.1,55.1,609,55,28,BLUE CREEK SCHOOL,3652 BLUE CREEK ROAD,BILLINGS,59101,7:00 am - 8:00 pm,,
Yellowstone,55.2,55.2,116,55,28,CANYON CREEK SCHOOL,3139 DUCK CREEK ROAD,BILLINGS,59101,7:00 am - 8:00 pm,,
Yellowstone,55.3,55.3,1323,55,28,LAUREL H.S.,203 E 8TH,LAUREL,59044,7:00 am - 8:00 pm,,
Yellowstone,55.4,55.4,1771,55,28,LAUREL H.S.,203 E 8TH,LAUREL,59044,7:00 am - 8:00 pm,,
Yellowstone,55.5,55.5,2104,55,28,LAUREL H.S.,203 E 8TH,LAUREL,59044,7:00 am - 8:00 pm,,
Yellowstone,56.1,56.1,383,56,28,YELLOWSTONE VALLEY ELEC. CO-OP,150 COOPERATIVE WAY,HUNTLEY,59037,7:00 am - 8:00 pm,,
Yellowstone,56.2,56.2,4350,56,28,LOCKWOOD SCHL,1932 US HWY 87,BILLINGS,59101,7:00 am - 8:00 pm,,
Yellowstone,56.3,56.3,1052,56,28,BLUE CREEK SCHOOL,3652 BLUE CREEK ROAD,BILLINGS,59101,7:00 am - 8:00 pm,,
