ocd_division,email,county,loc_name,address_one,address_two,city,state,zip,start_time,end_time,start_date,end_date,by_appointment_one,by_appointment_two,appointmnents,subject_to_change,index,address_line,directions,hours,photo_uri,hours_open_id,is_drop_box,is_early_voting,latitude,longitude,latlng_source,id
ocd-division/country:us/state:wy/county:albany,jgonzales@co.albany.wy.us,Albany County,Albany County Courthouse,525 Grand Ave,Ste 202,Laramie,WY,82070,9:00:00 - 6:00,17:00:00 - 6:00,9/23/16,9/23/16,False,False,False,False,1,"525 Grand Ave Ste 202 Laramie, WY 82070",,09:00 AM - 05:00 PM,,ho43476038,false,true,,,,poll14485596
ocd-division/country:us/state:wy/county:albany,jgonzales@co.albany.wy.us,Albany County,Albany County Courthouse,525 Grand Ave,Ste 202,Laramie,WY,82070,9:00:00 - 6:00,17:00:00 - 6:00,9/26/16,9/30/16,False,False,False,False,2,"525 Grand Ave Ste 202 Laramie, WY 82070",,09:00 AM - 05:00 PM,,ho43476038,false,true,,,,poll14485596
ocd-division/country:us/state:wy/county:albany,jgonzales@co.albany.wy.us,Albany County,Albany County Courthouse,525 Grand Ave,Ste 202,Laramie,WY,82070,9:00:00 - 6:00,17:00:00 - 6:00,10/3/16,10/7/16,False,False,False,False,3,"525 Grand Ave Ste 202 Laramie, WY 82070",,09:00 AM - 05:00 PM,,ho43476038,false,true,,,,poll14485596
ocd-division/country:us/state:wy/county:albany,jgonzales@co.albany.wy.us,Albany County,Albany County Courthouse,525 Grand Ave,Ste 202,Laramie,WY,82070,9:00:00 - 6:00,17:00:00 - 6:00,10/11/16,10/14/16,False,False,False,False,4,"525 Grand Ave Ste 202 Laramie, WY 82070",,09:00 AM - 05:00 PM,,ho43476038,false,true,,,,poll14485596
ocd-division/country:us/state:wy/county:albany,jgonzales@co.albany.wy.us,Albany County,Albany County Courthouse,525 Grand Ave,Ste 202,Laramie,WY,82070,8:00:00 - 6:00,12:00:00 - 6:00,10/15/16,10/15/16,False,False,False,False,5,"525 Grand Ave Ste 202 Laramie, WY 82070",,08:00 AM - 12:00 PM,,ho43476038,false,true,,,,poll14485596
ocd-division/country:us/state:wy/county:albany,jgonzales@co.albany.wy.us,Albany County,Albany County Courthouse,525 Grand Ave,Ste 202,Laramie,WY,82070,9:00:00 - 6:00,17:00:00 - 6:00,10/17/16,10/21/16,False,False,False,False,6,"525 Grand Ave Ste 202 Laramie, WY 82070",,09:00 AM - 05:00 PM,,ho43476038,false,true,,,,poll14485596
ocd-division/country:us/state:wy/county:albany,jgonzales@co.albany.wy.us,Albany County,Albany County Courthouse,525 Grand Ave,Ste 202,Laramie,WY,82070,9:00:00 - 6:00,17:00:00 - 6:00,10/24/16,10/28/16,False,False,False,False,7,"525 Grand Ave Ste 202 Laramie, WY 82070",,09:00 AM - 05:00 PM,,ho43476038,false,true,,,,poll14485596
ocd-division/country:us/state:wy/county:albany,jgonzales@co.albany.wy.us,Albany County,Albany County Courthouse,525 Grand Ave,Ste 202,Laramie,WY,82070,8:00:00 - 6:00,12:00:00 - 6:00,10/29/16,10/29/16,False,False,False,False,8,"525 Grand Ave Ste 202 Laramie, WY 82070",,08:00 AM - 12:00 PM,,ho43476038,false,true,,,,poll14485596
ocd-division/country:us/state:wy/county:albany,jgonzales@co.albany.wy.us,Albany County,Albany County Courthouse,525 Grand Ave,Ste 202,Laramie,WY,82070,9:00:00 - 6:00,17:00:00 - 6:00,10/31/16,11/4/16,False,False,False,False,9,"525 Grand Ave Ste 202 Laramie, WY 82070",,09:00 AM - 05:00 PM,,ho43476038,false,true,,,,poll14485596
ocd-division/country:us/state:wy/county:albany,jgonzales@co.albany.wy.us,Albany County,Albany County Courthouse,525 Grand Ave,Ste 202,Laramie,WY,82070,8:00:00 - 6:00,12:00:00 - 6:00,11/5/16,11/5/16,False,False,False,False,10,"525 Grand Ave Ste 202 Laramie, WY 82070",,08:00 AM - 12:00 PM,,ho43476038,false,true,,,,poll14485596
ocd-division/country:us/state:wy/county:albany,jgonzales@co.albany.wy.us,Albany County,Albany County Courthouse,525 Grand Ave,Ste 202,Laramie,WY,82070,9:00:00 - 7:00,17:00:00 - 7:00,11/7/16,11/7/16,False,False,False,False,11,"525 Grand Ave Ste 202 Laramie, WY 82070",,09:00 AM - 05:00 PM,,ho43476038,false,true,,,,poll14485596
ocd-division/country:us/state:wy/county:big_horn,Lori.Smallwood@bighorncountywy.gov,Big Horn County,Big Horn County Courthouse,420 West C Street,,Basin,WY,82410,8:00:00 - 6:00,17:00:00 - 6:00,9/23/16,9/23/16,False,False,False,False,12,"420 West C Street nan Basin, WY 82410",,08:00 AM - 05:00 PM,,ho18164005,false,true,,,,poll14991705
ocd-division/country:us/state:wy/county:big_horn,Lori.Smallwood@bighorncountywy.gov,Big Horn County,Big Horn County Courthouse,420 West C Street,,Basin,WY,82410,8:00:00 - 6:00,17:00:00 - 6:00,9/26/16,9/30/16,False,False,False,False,13,"420 West C Street nan Basin, WY 82410",,08:00 AM - 05:00 PM,,ho18164005,false,true,,,,poll14991705
ocd-division/country:us/state:wy/county:big_horn,Lori.Smallwood@bighorncountywy.gov,Big Horn County,Big Horn County Courthouse,420 West C Street,,Basin,WY,82410,8:00:00 - 6:00,17:00:00 - 6:00,10/3/16,10/7/16,False,False,False,False,14,"420 West C Street nan Basin, WY 82410",,08:00 AM - 05:00 PM,,ho18164005,false,true,,,,poll14991705
ocd-division/country:us/state:wy/county:big_horn,Lori.Smallwood@bighorncountywy.gov,Big Horn County,Big Horn County Courthouse,420 West C Street,,Basin,WY,82410,8:00:00 - 6:00,17:00:00 - 6:00,10/11/16,10/14/16,False,False,False,False,15,"420 West C Street nan Basin, WY 82410",,08:00 AM - 05:00 PM,,ho18164005,false,true,,,,poll14991705
ocd-division/country:us/state:wy/county:big_horn,Lori.Smallwood@bighorncountywy.gov,Big Horn County,Big Horn County Courthouse,420 West C Street,,Basin,WY,82410,8:00:00 - 6:00,17:00:00 - 6:00,10/17/16,10/21/16,False,False,False,False,16,"420 West C Street nan Basin, WY 82410",,08:00 AM - 05:00 PM,,ho18164005,false,true,,,,poll14991705
ocd-division/country:us/state:wy/county:big_horn,Lori.Smallwood@bighorncountywy.gov,Big Horn County,Big Horn County Courthouse,420 West C Street,,Basin,WY,82410,8:00:00 - 6:00,17:00:00 - 6:00,10/24/16,10/28/16,False,False,False,False,17,"420 West C Street nan Basin, WY 82410",,08:00 AM - 05:00 PM,,ho18164005,false,true,,,,poll14991705
ocd-division/country:us/state:wy/county:big_horn,Lori.Smallwood@bighorncountywy.gov,Big Horn County,Big Horn County Courthouse,420 West C Street,,Basin,WY,82410,8:00:00 - 6:00,17:00:00 - 6:00,10/31/16,11/4/16,False,False,False,False,18,"420 West C Street nan Basin, WY 82410",,08:00 AM - 05:00 PM,,ho18164005,false,true,,,,poll14991705
ocd-division/country:us/state:wy/county:big_horn,Lori.Smallwood@bighorncountywy.gov,Big Horn County,Big Horn County Courthouse,420 West C Street,,Basin,WY,82410,8:00:00 - 7:00,17:00:00 - 7:00,11/7/16,11/7/16,False,False,False,False,19,"420 West C Street nan Basin, WY 82410",,08:00 AM - 05:00 PM,,ho18164005,false,true,,,,poll14991705
ocd-division/country:us/state:wy/county:campbell,sfs02@ccgov.net,Campbell County,Campbell County Courthouse,500 S. Gillette Ave.,Ste 1600,Gillette,WY,82716,8:00:00 - 6:00,17:00:00 - 6:00,9/23/16,9/23/16,False,False,False,False,20,"500 S. Gillette Ave. Ste 1600 Gillette, WY 82716",,08:00 AM - 05:00 PM,,ho2440073,false,true,,,,poll47475204
ocd-division/country:us/state:wy/county:campbell,sfs02@ccgov.net,Campbell County,Campbell County Courthouse,500 S. Gillette Ave.,Ste 1600,Gillette,WY,82716,8:00:00 - 6:00,17:00:00 - 6:00,9/26/16,9/30/16,False,False,False,False,21,"500 S. Gillette Ave. Ste 1600 Gillette, WY 82716",,08:00 AM - 05:00 PM,,ho2440073,false,true,,,,poll47475204
ocd-division/country:us/state:wy/county:campbell,sfs02@ccgov.net,Campbell County,Campbell County Courthouse,500 S. Gillette Ave.,Ste 1600,Gillette,WY,82716,8:00:00 - 6:00,17:00:00 - 6:00,10/3/16,10/7/16,False,False,False,False,22,"500 S. Gillette Ave. Ste 1600 Gillette, WY 82716",,08:00 AM - 05:00 PM,,ho2440073,false,true,,,,poll47475204
ocd-division/country:us/state:wy/county:campbell,sfs02@ccgov.net,Campbell County,Campbell County Courthouse,500 S. Gillette Ave.,Ste 1600,Gillette,WY,82716,8:00:00 - 6:00,17:00:00 - 6:00,10/11/16,10/14/16,False,False,False,False,23,"500 S. Gillette Ave. Ste 1600 Gillette, WY 82716",,08:00 AM - 05:00 PM,,ho2440073,false,true,,,,poll47475204
ocd-division/country:us/state:wy/county:campbell,sfs02@ccgov.net,Campbell County,Campbell County Courthouse,500 S. Gillette Ave.,Ste 1600,Gillette,WY,82716,8:00:00 - 6:00,17:00:00 - 6:00,10/17/16,10/21/16,False,False,False,False,24,"500 S. Gillette Ave. Ste 1600 Gillette, WY 82716",,08:00 AM - 05:00 PM,,ho2440073,false,true,,,,poll47475204
ocd-division/country:us/state:wy/county:campbell,sfs02@ccgov.net,Campbell County,Campbell County Courthouse,500 S. Gillette Ave.,Ste 1600,Gillette,WY,82716,8:00:00 - 6:00,17:00:00 - 6:00,10/24/16,10/28/16,False,False,False,False,25,"500 S. Gillette Ave. Ste 1600 Gillette, WY 82716",,08:00 AM - 05:00 PM,,ho2440073,false,true,,,,poll47475204
ocd-division/country:us/state:wy/county:campbell,sfs02@ccgov.net,Campbell County,Campbell County Courthouse,500 S. Gillette Ave.,Ste 1600,Gillette,WY,82716,8:00:00 - 6:00,17:00:00 - 6:00,10/31/16,11/4/16,False,False,False,False,26,"500 S. Gillette Ave. Ste 1600 Gillette, WY 82716",,08:00 AM - 05:00 PM,,ho2440073,false,true,,,,poll47475204
ocd-division/country:us/state:wy/county:campbell,sfs02@ccgov.net,Campbell County,Campbell County Courthouse,500 S. Gillette Ave.,Ste 1600,Gillette,WY,82716,8:00:00 - 7:00,17:00:00 - 7:00,11/7/16,11/7/16,False,False,False,False,27,"500 S. Gillette Ave. Ste 1600 Gillette, WY 82716",,08:00 AM - 05:00 PM,,ho2440073,false,true,,,,poll47475204
ocd-division/country:us/state:wy/county:carbon,gwynnbartlett@carbonwy.com,Carbon County,Carbon County Courthouse,415 W Pine St,,Rawlins,WY,82301,8:00:00 - 6:00,17:00:00 - 6:00,9/29/16,9/30/16,False,False,False,False,28,"415 W Pine St nan Rawlins, WY 82301",,08:00 AM - 05:00 PM,,ho71232352,false,true,,,,poll93021925
ocd-division/country:us/state:wy/county:carbon,gwynnbartlett@carbonwy.com,Carbon County,Carbon County Courthouse,415 W Pine St,,Rawlins,WY,82301,8:00:00 - 6:00,17:00:00 - 6:00,10/3/16,10/7/16,False,False,False,False,29,"415 W Pine St nan Rawlins, WY 82301",,08:00 AM - 05:00 PM,,ho71232352,false,true,,,,poll93021925
ocd-division/country:us/state:wy/county:carbon,gwynnbartlett@carbonwy.com,Carbon County,Carbon County Courthouse,415 W Pine St,,Rawlins,WY,82301,8:00:00 - 6:00,17:00:00 - 6:00,10/10/16,10/14/16,False,False,False,False,30,"415 W Pine St nan Rawlins, WY 82301",,08:00 AM - 05:00 PM,,ho71232352,false,true,,,,poll93021925
ocd-division/country:us/state:wy/county:carbon,gwynnbartlett@carbonwy.com,Carbon County,Carbon County Courthouse,415 W Pine St,,Rawlins,WY,82301,8:00:00 - 6:00,17:00:00 - 6:00,10/17/16,10/21/16,False,False,False,False,31,"415 W Pine St nan Rawlins, WY 82301",,08:00 AM - 05:00 PM,,ho71232352,false,true,,,,poll93021925
ocd-division/country:us/state:wy/county:carbon,gwynnbartlett@carbonwy.com,Carbon County,Carbon County Courthouse,415 W Pine St,,Rawlins,WY,82301,8:00:00 - 6:00,17:00:00 - 6:00,10/24/16,10/28/16,False,False,False,False,32,"415 W Pine St nan Rawlins, WY 82301",,08:00 AM - 05:00 PM,,ho71232352,false,true,,,,poll93021925
ocd-division/country:us/state:wy/county:carbon,gwynnbartlett@carbonwy.com,Carbon County,Carbon County Courthouse,415 W Pine St,,Rawlins,WY,82301,8:00:00 - 6:00,17:00:00 - 6:00,10/31/16,11/4/16,False,False,False,False,33,"415 W Pine St nan Rawlins, WY 82301",,08:00 AM - 05:00 PM,,ho71232352,false,true,,,,poll93021925
ocd-division/country:us/state:wy/county:carbon,gwynnbartlett@carbonwy.com,Carbon County,Carbon County Courthouse,415 W Pine St,,Rawlins,WY,82301,8:00:00 - 7:00,17:00:00 - 7:00,11/7/16,11/7/16,False,False,False,False,34,"415 W Pine St nan Rawlins, WY 82301",,08:00 AM - 05:00 PM,,ho71232352,false,true,,,,poll93021925
ocd-division/country:us/state:wy/county:converse,lucile.taylor@conversecountywy.gov,Converse County,Converse County Courthouse,107 North 5th Street,Ste 114,Douglas,WY,82633-2448,8:00:00 - 6:00,17:00:00 - 6:00,9/23/16,9/23/16,False,False,False,False,35,"107 North 5th Street Ste 114 Douglas, WY 82633-2448",,08:00 AM - 05:00 PM,,ho69938607,false,true,,,,poll71213601
ocd-division/country:us/state:wy/county:converse,lucile.taylor@conversecountywy.gov,Converse County,Converse County Courthouse,107 North 5th Street,Ste 114,Douglas,WY,82633-2448,8:00:00 - 6:00,17:00:00 - 6:00,9/26/16,9/30/16,False,False,False,False,36,"107 North 5th Street Ste 114 Douglas, WY 82633-2448",,08:00 AM - 05:00 PM,,ho69938607,false,true,,,,poll71213601
ocd-division/country:us/state:wy/county:converse,lucile.taylor@conversecountywy.gov,Converse County,Converse County Courthouse,107 North 5th Street,Ste 114,Douglas,WY,82633-2448,8:00:00 - 6:00,17:00:00 - 6:00,10/3/16,10/7/16,False,False,False,False,37,"107 North 5th Street Ste 114 Douglas, WY 82633-2448",,08:00 AM - 05:00 PM,,ho69938607,false,true,,,,poll71213601
ocd-division/country:us/state:wy/county:converse,lucile.taylor@conversecountywy.gov,Converse County,Converse County Courthouse,107 North 5th Street,Ste 114,Douglas,WY,82633-2448,8:00:00 - 6:00,17:00:00 - 6:00,10/10/16,10/14/16,False,False,False,False,38,"107 North 5th Street Ste 114 Douglas, WY 82633-2448",,08:00 AM - 05:00 PM,,ho69938607,false,true,,,,poll71213601
ocd-division/country:us/state:wy/county:converse,lucile.taylor@conversecountywy.gov,Converse County,Converse County Courthouse,107 North 5th Street,Ste 114,Douglas,WY,82633-2448,8:00:00 - 6:00,17:00:00 - 6:00,10/17/16,10/21/16,False,False,False,False,39,"107 North 5th Street Ste 114 Douglas, WY 82633-2448",,08:00 AM - 05:00 PM,,ho69938607,false,true,,,,poll71213601
ocd-division/country:us/state:wy/county:converse,lucile.taylor@conversecountywy.gov,Converse County,Converse County Courthouse,107 North 5th Street,Ste 114,Douglas,WY,82633-2448,8:00:00 - 6:00,17:00:00 - 6:00,10/24/16,10/28/16,False,False,False,False,40,"107 North 5th Street Ste 114 Douglas, WY 82633-2448",,08:00 AM - 05:00 PM,,ho69938607,false,true,,,,poll71213601
ocd-division/country:us/state:wy/county:converse,lucile.taylor@conversecountywy.gov,Converse County,Converse County Courthouse,107 North 5th Street,Ste 114,Douglas,WY,82633-2448,8:00:00 - 6:00,17:00:00 - 6:00,10/31/16,11/4/16,False,False,False,False,41,"107 North 5th Street Ste 114 Douglas, WY 82633-2448",,08:00 AM - 05:00 PM,,ho69938607,false,true,,,,poll71213601
ocd-division/country:us/state:wy/county:converse,lucile.taylor@conversecountywy.gov,Converse County,Converse County Courthouse,107 North 5th Street,Ste 114,Douglas,WY,82633-2448,8:00:00 - 7:00,17:00:00 - 7:00,11/7/16,11/7/16,False,False,False,False,42,"107 North 5th Street Ste 114 Douglas, WY 82633-2448",,08:00 AM - 05:00 PM,,ho69938607,false,true,,,,poll71213601
ocd-division/country:us/state:wy/county:crook,LindaF@crookcounty.wy.gov,Crook County,Crook County Courthouse,309 Cleveland Street,,Sundance,WY,82729,8:00:00 - 6:00,17:00:00 - 6:00,9/23/16,9/23/16,False,False,False,False,43,"309 Cleveland Street nan Sundance, WY 82729",,08:00 AM - 05:00 PM,,ho36600079,false,true,,,,poll9976
ocd-division/country:us/state:wy/county:crook,LindaF@crookcounty.wy.gov,Crook County,Crook County Courthouse,309 Cleveland Street,,Sundance,WY,82729,8:00:00 - 6:00,17:00:00 - 6:00,9/26/16,9/30/16,False,False,False,False,44,"309 Cleveland Street nan Sundance, WY 82729",,08:00 AM - 05:00 PM,,ho36600079,false,true,,,,poll9976
ocd-division/country:us/state:wy/county:crook,LindaF@crookcounty.wy.gov,Crook County,Crook County Courthouse,309 Cleveland Street,,Sundance,WY,82729,8:00:00 - 6:00,17:00:00 - 6:00,10/3/16,10/7/16,False,False,False,False,45,"309 Cleveland Street nan Sundance, WY 82729",,08:00 AM - 05:00 PM,,ho36600079,false,true,,,,poll9976
ocd-division/country:us/state:wy/county:crook,LindaF@crookcounty.wy.gov,Crook County,Crook County Courthouse,309 Cleveland Street,,Sundance,WY,82729,8:00:00 - 6:00,17:00:00 - 6:00,10/11/16,10/14/16,False,False,False,False,46,"309 Cleveland Street nan Sundance, WY 82729",,08:00 AM - 05:00 PM,,ho36600079,false,true,,,,poll9976
ocd-division/country:us/state:wy/county:crook,LindaF@crookcounty.wy.gov,Crook County,Crook County Courthouse,309 Cleveland Street,,Sundance,WY,82729,8:00:00 - 6:00,17:00:00 - 6:00,10/17/16,10/21/16,False,False,False,False,47,"309 Cleveland Street nan Sundance, WY 82729",,08:00 AM - 05:00 PM,,ho36600079,false,true,,,,poll9976
ocd-division/country:us/state:wy/county:crook,LindaF@crookcounty.wy.gov,Crook County,Crook County Courthouse,309 Cleveland Street,,Sundance,WY,82729,8:00:00 - 6:00,17:00:00 - 6:00,10/24/16,10/28/16,False,False,False,False,48,"309 Cleveland Street nan Sundance, WY 82729",,08:00 AM - 05:00 PM,,ho36600079,false,true,,,,poll9976
ocd-division/country:us/state:wy/county:crook,LindaF@crookcounty.wy.gov,Crook County,Crook County Courthouse,309 Cleveland Street,,Sundance,WY,82729,8:00:00 - 6:00,17:00:00 - 6:00,10/31/16,11/4/16,False,False,False,False,49,"309 Cleveland Street nan Sundance, WY 82729",,08:00 AM - 05:00 PM,,ho36600079,false,true,,,,poll9976
ocd-division/country:us/state:wy/county:crook,LindaF@crookcounty.wy.gov,Crook County,Crook County Courthouse,309 Cleveland Street,,Sundance,WY,82729,8:00:00 - 7:00,17:00:00 - 7:00,11/7/16,11/7/16,False,False,False,False,50,"309 Cleveland Street nan Sundance, WY 82729",,08:00 AM - 05:00 PM,,ho36600079,false,true,,,,poll9976
ocd-division/country:us/state:wy/county:fremont,julie.freese@fremontcountygovernment.org,Fremont County,Fremont County Courthouse,450 North 2nd Street,Rm 220,Lander,WY,82520-0090,8:00:00 - 6:00,17:00:00 - 6:00,9/23/16,9/23/16,False,False,False,False,51,"450 North 2nd Street Rm 220 Lander, WY 82520-0090",,08:00 AM - 05:00 PM,,ho77623622,false,true,,,,poll26537244
ocd-division/country:us/state:wy/county:fremont,julie.freese@fremontcountygovernment.org,Fremont County,Fremont County Courthouse,450 North 2nd Street,Rm 220,Lander,WY,82520-0090,8:00:00 - 6:00,17:00:00 - 6:00,9/26/16,9/30/16,False,False,False,False,52,"450 North 2nd Street Rm 220 Lander, WY 82520-0090",,08:00 AM - 05:00 PM,,ho77623622,false,true,,,,poll26537244
ocd-division/country:us/state:wy/county:fremont,julie.freese@fremontcountygovernment.org,Fremont County,Fremont County Courthouse,450 North 2nd Street,Rm 220,Lander,WY,82520-0090,8:00:00 - 6:00,17:00:00 - 6:00,10/3/16,10/7/16,False,False,False,False,53,"450 North 2nd Street Rm 220 Lander, WY 82520-0090",,08:00 AM - 05:00 PM,,ho77623622,false,true,,,,poll26537244
ocd-division/country:us/state:wy/county:fremont,julie.freese@fremontcountygovernment.org,Fremont County,Fremont County Courthouse,450 North 2nd Street,Rm 220,Lander,WY,82520-0090,8:00:00 - 6:00,17:00:00 - 6:00,10/10/16,10/14/16,False,False,False,False,54,"450 North 2nd Street Rm 220 Lander, WY 82520-0090",,08:00 AM - 05:00 PM,,ho77623622,false,true,,,,poll26537244
ocd-division/country:us/state:wy/county:fremont,julie.freese@fremontcountygovernment.org,Fremont County,Fremont County Courthouse,450 North 2nd Street,Rm 220,Lander,WY,82520-0090,8:00:00 - 6:00,17:00:00 - 6:00,10/17/16,10/21/16,False,False,False,False,55,"450 North 2nd Street Rm 220 Lander, WY 82520-0090",,08:00 AM - 05:00 PM,,ho77623622,false,true,,,,poll26537244
ocd-division/country:us/state:wy/county:fremont,julie.freese@fremontcountygovernment.org,Fremont County,Fremont County Courthouse,450 North 2nd Street,Rm 220,Lander,WY,82520-0090,8:00:00 - 6:00,17:00:00 - 6:00,10/24/16,10/28/16,False,False,False,False,56,"450 North 2nd Street Rm 220 Lander, WY 82520-0090",,08:00 AM - 05:00 PM,,ho77623622,false,true,,,,poll26537244
ocd-division/country:us/state:wy/county:fremont,julie.freese@fremontcountygovernment.org,Fremont County,Fremont County Courthouse,450 North 2nd Street,Rm 220,Lander,WY,82520-0090,8:00:00 - 6:00,17:00:00 - 6:00,10/31/16,11/4/16,False,False,False,False,57,"450 North 2nd Street Rm 220 Lander, WY 82520-0090",,08:00 AM - 05:00 PM,,ho77623622,false,true,,,,poll26537244
ocd-division/country:us/state:wy/county:fremont,julie.freese@fremontcountygovernment.org,Fremont County,Fremont County Courthouse,450 North 2nd Street,Rm 220,Lander,WY,82520-0090,8:00:00 - 7:00,17:00:00 - 7:00,11/7/16,11/7/16,False,False,False,False,58,"450 North 2nd Street Rm 220 Lander, WY 82520-0090",,08:00 AM - 05:00 PM,,ho77623622,false,true,,,,poll26537244
ocd-division/country:us/state:wy/county:goshen,ckenyon@goshencounty.org,Goshen County,Goshen County Courthouse,2125 East A Street,,Torrington,WY,82240,7:30:00 - 6:00,16:00:00 - 6:00,9/23/16,9/23/16,False,False,False,False,59,"2125 East A Street nan Torrington, WY 82240",,07:30 AM - 04:00 PM,,ho13173098,false,true,,,,poll62665070
ocd-division/country:us/state:wy/county:goshen,ckenyon@goshencounty.org,Goshen County,Goshen County Courthouse,2125 East A Street,,Torrington,WY,82240,7:30:00 - 6:00,16:00:00 - 6:00,9/26/16,9/30/16,False,False,False,False,60,"2125 East A Street nan Torrington, WY 82240",,07:30 AM - 04:00 PM,,ho13173098,false,true,,,,poll62665070
ocd-division/country:us/state:wy/county:goshen,ckenyon@goshencounty.org,Goshen County,Goshen County Courthouse,2125 East A Street,,Torrington,WY,82240,7:30:00 - 6:00,16:00:00 - 6:00,10/3/16,10/7/16,False,False,False,False,61,"2125 East A Street nan Torrington, WY 82240",,07:30 AM - 04:00 PM,,ho13173098,false,true,,,,poll62665070
ocd-division/country:us/state:wy/county:goshen,ckenyon@goshencounty.org,Goshen County,Goshen County Courthouse,2125 East A Street,,Torrington,WY,82240,7:30:00 - 6:00,16:00:00 - 6:00,10/11/16,10/14/16,False,False,False,False,62,"2125 East A Street nan Torrington, WY 82240",,07:30 AM - 04:00 PM,,ho13173098,false,true,,,,poll62665070
ocd-division/country:us/state:wy/county:goshen,ckenyon@goshencounty.org,Goshen County,Goshen County Courthouse,2125 East A Street,,Torrington,WY,82240,7:30:00 - 6:00,16:00:00 - 6:00,10/17/16,10/21/16,False,False,False,False,63,"2125 East A Street nan Torrington, WY 82240",,07:30 AM - 04:00 PM,,ho13173098,false,true,,,,poll62665070
ocd-division/country:us/state:wy/county:goshen,ckenyon@goshencounty.org,Goshen County,Goshen County Courthouse,2125 East A Street,,Torrington,WY,82240,7:30:00 - 6:00,16:00:00 - 6:00,10/24/16,10/28/16,False,False,False,False,64,"2125 East A Street nan Torrington, WY 82240",,07:30 AM - 04:00 PM,,ho13173098,false,true,,,,poll62665070
ocd-division/country:us/state:wy/county:goshen,ckenyon@goshencounty.org,Goshen County,Goshen County Courthouse,2125 East A Street,,Torrington,WY,82240,7:30:00 - 6:00,16:00:00 - 6:00,10/31/16,11/4/16,False,False,False,False,65,"2125 East A Street nan Torrington, WY 82240",,07:30 AM - 04:00 PM,,ho13173098,false,true,,,,poll62665070
ocd-division/country:us/state:wy/county:goshen,ckenyon@goshencounty.org,Goshen County,Goshen County Courthouse,2125 East A Street,,Torrington,WY,82240,7:30:00 - 7:00,16:00:00 - 7:00,11/7/16,11/7/16,False,False,False,False,66,"2125 East A Street nan Torrington, WY 82240",,07:30 AM - 04:00 PM,,ho13173098,false,true,,,,poll62665070
ocd-division/country:us/state:wy/county:hot_springs,ninaw@hscounty.com,Hot Springs County,Hot Springs County Courthouse,415 Arapahoe,,Thermopolis,WY,82443-2783,8:00:00 - 6:00,17:00:00 - 6:00,9/23/16,9/23/16,False,False,False,False,67,"415 Arapahoe nan Thermopolis, WY 82443-2783",,08:00 AM - 05:00 PM,,ho2274314,false,true,,,,poll41834629
ocd-division/country:us/state:wy/county:hot_springs,ninaw@hscounty.com,Hot Springs County,Hot Springs County Courthouse,415 Arapahoe,,Thermopolis,WY,82443-2783,8:00:00 - 6:00,17:00:00 - 6:00,9/26/16,9/30/16,False,False,False,False,68,"415 Arapahoe nan Thermopolis, WY 82443-2783",,08:00 AM - 05:00 PM,,ho2274314,false,true,,,,poll41834629
ocd-division/country:us/state:wy/county:hot_springs,ninaw@hscounty.com,Hot Springs County,Hot Springs County Courthouse,415 Arapahoe,,Thermopolis,WY,82443-2783,8:00:00 - 6:00,17:00:00 - 6:00,10/3/16,10/7/16,False,False,False,False,69,"415 Arapahoe nan Thermopolis, WY 82443-2783",,08:00 AM - 05:00 PM,,ho2274314,false,true,,,,poll41834629
ocd-division/country:us/state:wy/county:hot_springs,ninaw@hscounty.com,Hot Springs County,Hot Springs County Courthouse,415 Arapahoe,,Thermopolis,WY,82443-2783,8:00:00 - 6:00,17:00:00 - 6:00,10/11/16,10/14/16,False,False,False,False,70,"415 Arapahoe nan Thermopolis, WY 82443-2783",,08:00 AM - 05:00 PM,,ho2274314,false,true,,,,poll41834629
ocd-division/country:us/state:wy/county:hot_springs,ninaw@hscounty.com,Hot Springs County,Hot Springs County Courthouse,415 Arapahoe,,Thermopolis,WY,82443-2783,8:00:00 - 6:00,17:00:00 - 6:00,10/17/16,10/21/16,False,False,False,False,71,"415 Arapahoe nan Thermopolis, WY 82443-2783",,08:00 AM - 05:00 PM,,ho2274314,false,true,,,,poll41834629
ocd-division/country:us/state:wy/county:hot_springs,ninaw@hscounty.com,Hot Springs County,Hot Springs County Courthouse,415 Arapahoe,,Thermopolis,WY,82443-2783,8:00:00 - 6:00,17:00:00 - 6:00,10/24/16,10/28/16,False,False,False,False,72,"415 Arapahoe nan Thermopolis, WY 82443-2783",,08:00 AM - 05:00 PM,,ho2274314,false,true,,,,poll41834629
ocd-division/country:us/state:wy/county:hot_springs,ninaw@hscounty.com,Hot Springs County,Hot Springs County Courthouse,415 Arapahoe,,Thermopolis,WY,82443-2783,8:00:00 - 6:00,17:00:00 - 6:00,10/31/16,11/4/16,False,False,False,False,73,"415 Arapahoe nan Thermopolis, WY 82443-2783",,08:00 AM - 05:00 PM,,ho2274314,false,true,,,,poll41834629
ocd-division/country:us/state:wy/county:hot_springs,ninaw@hscounty.com,Hot Springs County,Hot Springs County Courthouse,415 Arapahoe,,Thermopolis,WY,82443-2783,8:00:00 - 7:00,17:00:00 - 7:00,11/7/16,11/7/16,False,False,False,False,74,"415 Arapahoe nan Thermopolis, WY 82443-2783",,08:00 AM - 05:00 PM,,ho2274314,false,true,,,,poll41834629
ocd-division/country:us/state:wy/county:johnson,clerk@johnsoncowy.us,Johnson County,Johnson County Courthouse,76 North Main Street,,Buffalo,WY,82834-1883,8:00:00 - 6:00,17:00:00 - 6:00,9/23/16,9/23/16,False,False,False,False,75,"76 North Main Street nan Buffalo, WY 82834-1883",,08:00 AM - 05:00 PM,,ho27364480,false,true,,,,poll44373553
ocd-division/country:us/state:wy/county:johnson,clerk@johnsoncowy.us,Johnson County,Johnson County Courthouse,76 North Main Street,,Buffalo,WY,82834-1883,8:00:00 - 6:00,17:00:00 - 6:00,9/26/16,9/30/16,False,False,False,False,76,"76 North Main Street nan Buffalo, WY 82834-1883",,08:00 AM - 05:00 PM,,ho27364480,false,true,,,,poll44373553
ocd-division/country:us/state:wy/county:johnson,clerk@johnsoncowy.us,Johnson County,Johnson County Courthouse,76 North Main Street,,Buffalo,WY,82834-1883,8:00:00 - 6:00,17:00:00 - 6:00,10/3/16,10/7/16,False,False,False,False,77,"76 North Main Street nan Buffalo, WY 82834-1883",,08:00 AM - 05:00 PM,,ho27364480,false,true,,,,poll44373553
ocd-division/country:us/state:wy/county:johnson,clerk@johnsoncowy.us,Johnson County,Johnson County Courthouse,76 North Main Street,,Buffalo,WY,82834-1883,8:00:00 - 6:00,17:00:00 - 6:00,10/11/16,10/14/16,False,False,False,False,78,"76 North Main Street nan Buffalo, WY 82834-1883",,08:00 AM - 05:00 PM,,ho27364480,false,true,,,,poll44373553
ocd-division/country:us/state:wy/county:johnson,clerk@johnsoncowy.us,Johnson County,Johnson County Courthouse,76 North Main Street,,Buffalo,WY,82834-1883,8:00:00 - 6:00,17:00:00 - 6:00,10/17/16,10/21/16,False,False,False,False,79,"76 North Main Street nan Buffalo, WY 82834-1883",,08:00 AM - 05:00 PM,,ho27364480,false,true,,,,poll44373553
ocd-division/country:us/state:wy/county:johnson,clerk@johnsoncowy.us,Johnson County,Johnson County Courthouse,76 North Main Street,,Buffalo,WY,82834-1883,8:00:00 - 6:00,17:00:00 - 6:00,10/24/16,10/28/16,False,False,False,False,80,"76 North Main Street nan Buffalo, WY 82834-1883",,08:00 AM - 05:00 PM,,ho27364480,false,true,,,,poll44373553
ocd-division/country:us/state:wy/county:johnson,clerk@johnsoncowy.us,Johnson County,Johnson County Courthouse,76 North Main Street,,Buffalo,WY,82834-1883,8:00:00 - 6:00,17:00:00 - 6:00,10/31/16,11/4/16,False,False,False,False,81,"76 North Main Street nan Buffalo, WY 82834-1883",,08:00 AM - 05:00 PM,,ho27364480,false,true,,,,poll44373553
ocd-division/country:us/state:wy/county:johnson,clerk@johnsoncowy.us,Johnson County,Johnson County Courthouse,76 North Main Street,,Buffalo,WY,82834-1883,8:00:00 - 7:00,17:00:00 - 7:00,11/7/16,11/7/16,False,False,False,False,82,"76 North Main Street nan Buffalo, WY 82834-1883",,08:00 AM - 05:00 PM,,ho27364480,false,true,,,,poll44373553
ocd-division/country:us/state:wy/county:laramie,dlathrop@laramiecountyclerk.com,Laramie County,Laramie County Courthouse,309 West 20th Street,,Cheyenne,WY,82001,8:00:00 - 6:00,17:00:00 - 6:00,9/23/16,9/23/16,False,False,False,False,83,"309 West 20th Street nan Cheyenne, WY 82001",,08:00 AM - 05:00 PM,,ho83221112,false,true,,,,poll802668
ocd-division/country:us/state:wy/county:laramie,dlathrop@laramiecountyclerk.com,Laramie County,Laramie County Courthouse,309 West 20th Street,,Cheyenne,WY,82001,8:00:00 - 6:00,17:00:00 - 6:00,9/26/16,9/30/16,False,False,False,False,84,"309 West 20th Street nan Cheyenne, WY 82001",,08:00 AM - 05:00 PM,,ho83221112,false,true,,,,poll802668
ocd-division/country:us/state:wy/county:laramie,dlathrop@laramiecountyclerk.com,Laramie County,Laramie County Courthouse,309 West 20th Street,,Cheyenne,WY,82001,8:00:00 - 6:00,17:00:00 - 6:00,10/3/16,10/7/16,False,False,False,False,85,"309 West 20th Street nan Cheyenne, WY 82001",,08:00 AM - 05:00 PM,,ho83221112,false,true,,,,poll802668
ocd-division/country:us/state:wy/county:laramie,dlathrop@laramiecountyclerk.com,Laramie County,Laramie County Courthouse,309 West 20th Street,,Cheyenne,WY,82001,8:00:00 - 6:00,17:00:00 - 6:00,10/10/16,10/14/16,False,False,False,False,86,"309 West 20th Street nan Cheyenne, WY 82001",,08:00 AM - 05:00 PM,,ho83221112,false,true,,,,poll802668
ocd-division/country:us/state:wy/county:laramie,dlathrop@laramiecountyclerk.com,Laramie County,Laramie County Courthouse,309 West 20th Street,,Cheyenne,WY,82001,8:00:00 - 6:00,17:00:00 - 6:00,10/17/16,10/21/16,False,False,False,False,87,"309 West 20th Street nan Cheyenne, WY 82001",,08:00 AM - 05:00 PM,,ho83221112,false,true,,,,poll802668
ocd-division/country:us/state:wy/county:laramie,dlathrop@laramiecountyclerk.com,Laramie County,Laramie County Courthouse,309 West 20th Street,,Cheyenne,WY,82001,8:00:00 - 6:00,17:00:00 - 6:00,10/24/16,10/28/16,False,False,False,False,88,"309 West 20th Street nan Cheyenne, WY 82001",,08:00 AM - 05:00 PM,,ho83221112,false,true,,,,poll802668
ocd-division/country:us/state:wy/county:laramie,dlathrop@laramiecountyclerk.com,Laramie County,Laramie County Courthouse,309 West 20th Street,,Cheyenne,WY,82001,8:00:00 - 6:00,17:00:00 - 6:00,10/31/16,11/4/16,False,False,False,False,89,"309 West 20th Street nan Cheyenne, WY 82001",,08:00 AM - 05:00 PM,,ho83221112,false,true,,,,poll802668
ocd-division/country:us/state:wy/county:laramie,dlathrop@laramiecountyclerk.com,Laramie County,Laramie County Courthouse,309 West 20th Street,,Cheyenne,WY,82001,8:00:00 - 7:00,17:00:00 - 7:00,11/7/16,11/7/16,False,False,False,False,90,"309 West 20th Street nan Cheyenne, WY 82001",,08:00 AM - 05:00 PM,,ho83221112,false,true,,,,poll802668
ocd-division/country:us/state:wy/county:lincoln,jwagner@lcwy.org,Lincoln County,Lincoln County Courthouse,925 Sage Avenue,Ste 101,Kemmerer,WY,83101,8:00:00 - 6:00,17:00:00 - 6:00,9/23/16,9/23/16,False,False,False,False,91,"925 Sage Avenue Ste 101 Kemmerer, WY 83101",,08:00 AM - 05:00 PM,,ho50699225,false,true,,,,poll7563412
ocd-division/country:us/state:wy/county:lincoln,jwagner@lcwy.org,Lincoln County,Lincoln County Courthouse,925 Sage Avenue,Ste 101,Kemmerer,WY,83101,8:00:00 - 6:00,17:00:00 - 6:00,9/26/16,9/30/16,False,False,False,False,92,"925 Sage Avenue Ste 101 Kemmerer, WY 83101",,08:00 AM - 05:00 PM,,ho50699225,false,true,,,,poll7563412
ocd-division/country:us/state:wy/county:lincoln,jwagner@lcwy.org,Lincoln County,Lincoln County Courthouse,925 Sage Avenue,Ste 101,Kemmerer,WY,83101,8:00:00 - 6:00,17:00:00 - 6:00,10/3/16,10/7/16,False,False,False,False,93,"925 Sage Avenue Ste 101 Kemmerer, WY 83101",,08:00 AM - 05:00 PM,,ho50699225,false,true,,,,poll7563412
ocd-division/country:us/state:wy/county:lincoln,jwagner@lcwy.org,Lincoln County,Lincoln County Courthouse,925 Sage Avenue,Ste 101,Kemmerer,WY,83101,8:00:00 - 6:00,17:00:00 - 6:00,10/10/16,10/14/16,False,False,False,False,94,"925 Sage Avenue Ste 101 Kemmerer, WY 83101",,08:00 AM - 05:00 PM,,ho50699225,false,true,,,,poll7563412
ocd-division/country:us/state:wy/county:lincoln,jwagner@lcwy.org,Lincoln County,Lincoln County Courthouse,925 Sage Avenue,Ste 101,Kemmerer,WY,83101,8:00:00 - 6:00,17:00:00 - 6:00,10/17/16,10/21/16,False,False,False,False,95,"925 Sage Avenue Ste 101 Kemmerer, WY 83101",,08:00 AM - 05:00 PM,,ho50699225,false,true,,,,poll7563412
ocd-division/country:us/state:wy/county:lincoln,jwagner@lcwy.org,Lincoln County,Lincoln County Courthouse,925 Sage Avenue,Ste 101,Kemmerer,WY,83101,8:00:00 - 6:00,17:00:00 - 6:00,10/24/16,10/28/16,False,False,False,False,96,"925 Sage Avenue Ste 101 Kemmerer, WY 83101",,08:00 AM - 05:00 PM,,ho50699225,false,true,,,,poll7563412
ocd-division/country:us/state:wy/county:lincoln,jwagner@lcwy.org,Lincoln County,Lincoln County Courthouse,925 Sage Avenue,Ste 101,Kemmerer,WY,83101,8:00:00 - 6:00,17:00:00 - 6:00,10/31/16,11/4/16,False,False,False,False,97,"925 Sage Avenue Ste 101 Kemmerer, WY 83101",,08:00 AM - 05:00 PM,,ho50699225,false,true,,,,poll7563412
ocd-division/country:us/state:wy/county:lincoln,jwagner@lcwy.org,Lincoln County,Lincoln County Courthouse,925 Sage Avenue,Ste 101,Kemmerer,WY,83101,8:00:00 - 7:00,17:00:00 - 7:00,11/7/16,11/7/16,False,False,False,False,98,"925 Sage Avenue Ste 101 Kemmerer, WY 83101",,08:00 AM - 05:00 PM,,ho50699225,false,true,,,,poll7563412
ocd-division/country:us/state:wy/county:natrona,rvitto@natronacounty-wy.gov,Natrona County,Natrona County Courthouse,200 North Center Street,Suite 154,Casper,WY,82601,8:00:00 - 6:00,17:00:00 - 6:00,9/29/16,9/30/16,False,False,False,False,99,"200 North Center Street Suite 154 Casper, WY 82601",,08:00 AM - 05:00 PM,,ho76243773,false,true,,,,poll53174269
ocd-division/country:us/state:wy/county:natrona,rvitto@natronacounty-wy.gov,Natrona County,Natrona County Courthouse,200 North Center Street,Suite 154,Casper,WY,82601,8:00:00 - 6:00,17:00:00 - 6:00,10/3/16,10/7/16,False,False,False,False,100,"200 North Center Street Suite 154 Casper, WY 82601",,08:00 AM - 05:00 PM,,ho76243773,false,true,,,,poll53174269
ocd-division/country:us/state:wy/county:natrona,rvitto@natronacounty-wy.gov,Natrona County,Natrona County Courthouse,200 North Center Street,Suite 154,Casper,WY,82601,8:00:00 - 6:00,17:00:00 - 6:00,10/10/16,10/14/16,False,False,False,False,101,"200 North Center Street Suite 154 Casper, WY 82601",,08:00 AM - 05:00 PM,,ho76243773,false,true,,,,poll53174269
ocd-division/country:us/state:wy/county:natrona,rvitto@natronacounty-wy.gov,Natrona County,Natrona County Courthouse,200 North Center Street,Suite 154,Casper,WY,82601,8:00:00 - 6:00,17:00:00 - 6:00,10/17/16,10/21/16,False,False,False,False,102,"200 North Center Street Suite 154 Casper, WY 82601",,08:00 AM - 05:00 PM,,ho76243773,false,true,,,,poll53174269
ocd-division/country:us/state:wy/county:natrona,rvitto@natronacounty-wy.gov,Natrona County,Natrona County Courthouse,200 North Center Street,Suite 154,Casper,WY,82601,8:00:00 - 6:00,17:00:00 - 6:00,10/24/16,10/28/16,False,False,False,False,103,"200 North Center Street Suite 154 Casper, WY 82601",,08:00 AM - 05:00 PM,,ho76243773,false,true,,,,poll53174269
ocd-division/country:us/state:wy/county:natrona,rvitto@natronacounty-wy.gov,Natrona County,Natrona County Courthouse,200 North Center Street,Suite 154,Casper,WY,82601,8:00:00 - 6:00,17:00:00 - 6:00,10/31/16,11/4/16,False,False,False,False,104,"200 North Center Street Suite 154 Casper, WY 82601",,08:00 AM - 05:00 PM,,ho76243773,false,true,,,,poll53174269
ocd-division/country:us/state:wy/county:natrona,rvitto@natronacounty-wy.gov,Natrona County,Natrona County Courthouse,200 North Center Street,Suite 154,Casper,WY,82601,8:00:00 - 7:00,17:00:00 - 7:00,11/7/16,11/7/16,False,False,False,False,105,"200 North Center Street Suite 154 Casper, WY 82601",,08:00 AM - 05:00 PM,,ho76243773,false,true,,,,poll53174269
ocd-division/country:us/state:wy/county:niobrara,niocc@qwestoffice.net,Niobrara County,Niobara County Courthouse,424 South Elm,,Lusk,WY,82225,8:00:00 - 6:00,17:00:00 - 6:00,9/23/16,9/23/16,False,False,False,False,106,"424 South Elm nan Lusk, WY 82225",,08:00 AM - 05:00 PM,,ho58744273,false,true,,,,poll42773041
ocd-division/country:us/state:wy/county:niobrara,niocc@qwestoffice.net,Niobrara County,Niobara County Courthouse,424 South Elm,,Lusk,WY,82225,8:00:00 - 6:00,17:00:00 - 6:00,9/26/16,9/30/16,False,False,False,False,107,"424 South Elm nan Lusk, WY 82225",,08:00 AM - 05:00 PM,,ho58744273,false,true,,,,poll42773041
ocd-division/country:us/state:wy/county:niobrara,niocc@qwestoffice.net,Niobrara County,Niobara County Courthouse,424 South Elm,,Lusk,WY,82225,8:00:00 - 6:00,17:00:00 - 6:00,10/3/16,10/7/16,False,False,False,False,108,"424 South Elm nan Lusk, WY 82225",,08:00 AM - 05:00 PM,,ho58744273,false,true,,,,poll42773041
ocd-division/country:us/state:wy/county:niobrara,niocc@qwestoffice.net,Niobrara County,Niobara County Courthouse,424 South Elm,,Lusk,WY,82225,8:00:00 - 6:00,17:00:00 - 6:00,10/11/16,10/14/16,False,False,False,False,109,"424 South Elm nan Lusk, WY 82225",,08:00 AM - 05:00 PM,,ho58744273,false,true,,,,poll42773041
ocd-division/country:us/state:wy/county:niobrara,niocc@qwestoffice.net,Niobrara County,Niobara County Courthouse,424 South Elm,,Lusk,WY,82225,8:00:00 - 6:00,17:00:00 - 6:00,10/17/16,10/21/16,False,False,False,False,110,"424 South Elm nan Lusk, WY 82225",,08:00 AM - 05:00 PM,,ho58744273,false,true,,,,poll42773041
ocd-division/country:us/state:wy/county:niobrara,niocc@qwestoffice.net,Niobrara County,Niobara County Courthouse,424 South Elm,,Lusk,WY,82225,8:00:00 - 6:00,17:00:00 - 6:00,10/24/16,10/28/16,False,False,False,False,111,"424 South Elm nan Lusk, WY 82225",,08:00 AM - 05:00 PM,,ho58744273,false,true,,,,poll42773041
ocd-division/country:us/state:wy/county:niobrara,niocc@qwestoffice.net,Niobrara County,Niobara County Courthouse,424 South Elm,,Lusk,WY,82225,8:00:00 - 6:00,17:00:00 - 6:00,10/31/16,11/4/16,False,False,False,False,112,"424 South Elm nan Lusk, WY 82225",,08:00 AM - 05:00 PM,,ho58744273,false,true,,,,poll42773041
ocd-division/country:us/state:wy/county:niobrara,niocc@qwestoffice.net,Niobrara County,Niobara County Courthouse,424 South Elm,,Lusk,WY,82225,8:00:00 - 7:00,17:00:00 - 7:00,11/7/16,11/7/16,False,False,False,False,113,"424 South Elm nan Lusk, WY 82225",,08:00 AM - 05:00 PM,,ho58744273,false,true,,,,poll42773041
ocd-division/country:us/state:wy/county:park,crenner@parkcounty.us,Park County,Park County Courthouse,1002 Sheridan Ave,,Cody,WY,82414-3589,8:00:00 - 6:00,17:00:00 - 6:00,9/29/16,9/30/16,False,False,False,False,114,"1002 Sheridan Ave nan Cody, WY 82414-3589",,08:00 AM - 05:00 PM,,ho4180332,false,true,,,,poll2348759
ocd-division/country:us/state:wy/county:park,crenner@parkcounty.us,Park County,Park County Courthouse,1002 Sheridan Ave,,Cody,WY,82414-3589,8:00:00 - 6:00,17:00:00 - 6:00,10/3/16,10/7/16,False,False,False,False,115,"1002 Sheridan Ave nan Cody, WY 82414-3589",,08:00 AM - 05:00 PM,,ho4180332,false,true,,,,poll2348759
ocd-division/country:us/state:wy/county:park,crenner@parkcounty.us,Park County,Park County Courthouse,1002 Sheridan Ave,,Cody,WY,82414-3589,8:00:00 - 6:00,17:00:00 - 6:00,10/11/16,10/14/16,False,False,False,False,116,"1002 Sheridan Ave nan Cody, WY 82414-3589",,08:00 AM - 05:00 PM,,ho4180332,false,true,,,,poll2348759
ocd-division/country:us/state:wy/county:park,crenner@parkcounty.us,Park County,Park County Courthouse,1002 Sheridan Ave,,Cody,WY,82414-3589,8:00:00 - 6:00,17:00:00 - 6:00,10/17/16,10/21/16,False,False,False,False,117,"1002 Sheridan Ave nan Cody, WY 82414-3589",,08:00 AM - 05:00 PM,,ho4180332,false,true,,,,poll2348759
ocd-division/country:us/state:wy/county:park,crenner@parkcounty.us,Park County,Park County Courthouse,1002 Sheridan Ave,,Cody,WY,82414-3589,8:00:00 - 6:00,17:00:00 - 6:00,10/24/16,10/28/16,False,False,False,False,118,"1002 Sheridan Ave nan Cody, WY 82414-3589",,08:00 AM - 05:00 PM,,ho4180332,false,true,,,,poll2348759
ocd-division/country:us/state:wy/county:park,crenner@parkcounty.us,Park County,Park County Courthouse,1002 Sheridan Ave,,Cody,WY,82414-3589,8:00:00 - 6:00,17:00:00 - 6:00,10/31/16,11/4/16,False,False,False,False,119,"1002 Sheridan Ave nan Cody, WY 82414-3589",,08:00 AM - 05:00 PM,,ho4180332,false,true,,,,poll2348759
ocd-division/country:us/state:wy/county:park,crenner@parkcounty.us,Park County,Park County Courthouse,1002 Sheridan Ave,,Cody,WY,82414-3589,8:00:00 - 7:00,17:00:00 - 7:00,11/7/16,11/7/16,False,False,False,False,120,"1002 Sheridan Ave nan Cody, WY 82414-3589",,08:00 AM - 05:00 PM,,ho4180332,false,true,,,,poll2348759
ocd-division/country:us/state:wy/county:platte,pcclerk@plattecountywyoming.com,Platte County,Park County Courthouse,800 9th St.,,Wheatland,WY,82201,7:00:00 - 6:00,16:00:00 - 6:00,9/26/16,9/30/16,False,False,False,False,121,"800 9th St. nan Wheatland, WY 82201",,07:00 AM - 04:00 PM,,ho81855948,false,true,,,,poll29968441
ocd-division/country:us/state:wy/county:platte,pcclerk@plattecountywyoming.com,Platte County,Park County Courthouse,800 9th St.,,Wheatland,WY,82201,7:00:00 - 6:00,16:00:00 - 6:00,10/3/16,10/7/16,False,False,False,False,122,"800 9th St. nan Wheatland, WY 82201",,07:00 AM - 04:00 PM,,ho81855948,false,true,,,,poll29968441
ocd-division/country:us/state:wy/county:platte,pcclerk@plattecountywyoming.com,Platte County,Park County Courthouse,800 9th St.,,Wheatland,WY,82201,7:00:00 - 6:00,16:00:00 - 6:00,10/11/16,10/14/16,False,False,False,False,123,"800 9th St. nan Wheatland, WY 82201",,07:00 AM - 04:00 PM,,ho81855948,false,true,,,,poll29968441
ocd-division/country:us/state:wy/county:platte,pcclerk@plattecountywyoming.com,Platte County,Park County Courthouse,800 9th St.,,Wheatland,WY,82201,7:00:00 - 6:00,16:00:00 - 6:00,10/17/16,10/21/16,False,False,False,False,124,"800 9th St. nan Wheatland, WY 82201",,07:00 AM - 04:00 PM,,ho81855948,false,true,,,,poll29968441
ocd-division/country:us/state:wy/county:platte,pcclerk@plattecountywyoming.com,Platte County,Park County Courthouse,800 9th St.,,Wheatland,WY,82201,7:00:00 - 6:00,16:00:00 - 6:00,10/24/16,10/28/16,False,False,False,False,125,"800 9th St. nan Wheatland, WY 82201",,07:00 AM - 04:00 PM,,ho81855948,false,true,,,,poll29968441
ocd-division/country:us/state:wy/county:platte,pcclerk@plattecountywyoming.com,Platte County,Park County Courthouse,800 9th St.,,Wheatland,WY,82201,7:00:00 - 6:00,16:00:00 - 6:00,10/31/16,11/4/16,False,False,False,False,126,"800 9th St. nan Wheatland, WY 82201",,07:00 AM - 04:00 PM,,ho81855948,false,true,,,,poll29968441
ocd-division/country:us/state:wy/county:platte,pcclerk@plattecountywyoming.com,Platte County,Park County Courthouse,800 9th St.,,Wheatland,WY,82201,7:00:00 - 7:00,16:00:00 - 7:00,11/7/16,11/7/16,False,False,False,False,127,"800 9th St. nan Wheatland, WY 82201",,07:00 AM - 04:00 PM,,ho81855948,false,true,,,,poll29968441
ocd-division/country:us/state:wy/county:sheridan,ethompson@sheridancounty.com,Sheridan County,Sheridan County Courthouse,224 South Main Street,Suite B-2,Sheridan,WY,82801-4855,8:00:00 - 6:00,17:00:00 - 6:00,9/23/16,9/23/16,False,False,False,False,128,"224 South Main Street Suite B-2 Sheridan, WY 82801-4855",,08:00 AM - 05:00 PM,,ho63111098,false,true,,,,poll39328780
ocd-division/country:us/state:wy/county:sheridan,ethompson@sheridancounty.com,Sheridan County,Sheridan County Courthouse,224 South Main Street,Suite B-2,Sheridan,WY,82801-4855,8:00:00 - 6:00,17:00:00 - 6:00,9/26/16,9/30/16,False,False,False,False,129,"224 South Main Street Suite B-2 Sheridan, WY 82801-4855",,08:00 AM - 05:00 PM,,ho63111098,false,true,,,,poll39328780
ocd-division/country:us/state:wy/county:sheridan,ethompson@sheridancounty.com,Sheridan County,Sheridan County Courthouse,224 South Main Street,Suite B-2,Sheridan,WY,82801-4855,8:00:00 - 6:00,17:00:00 - 6:00,10/3/16,10/7/16,False,False,False,False,130,"224 South Main Street Suite B-2 Sheridan, WY 82801-4855",,08:00 AM - 05:00 PM,,ho63111098,false,true,,,,poll39328780
ocd-division/country:us/state:wy/county:sheridan,ethompson@sheridancounty.com,Sheridan County,Sheridan County Courthouse,224 South Main Street,Suite B-2,Sheridan,WY,82801-4855,8:00:00 - 6:00,17:00:00 - 6:00,10/10/16,10/14/16,False,False,False,False,131,"224 South Main Street Suite B-2 Sheridan, WY 82801-4855",,08:00 AM - 05:00 PM,,ho63111098,false,true,,,,poll39328780
ocd-division/country:us/state:wy/county:sheridan,ethompson@sheridancounty.com,Sheridan County,Sheridan County Courthouse,224 South Main Street,Suite B-2,Sheridan,WY,82801-4855,8:00:00 - 6:00,17:00:00 - 6:00,10/17/16,10/21/16,False,False,False,False,132,"224 South Main Street Suite B-2 Sheridan, WY 82801-4855",,08:00 AM - 05:00 PM,,ho63111098,false,true,,,,poll39328780
ocd-division/country:us/state:wy/county:sheridan,ethompson@sheridancounty.com,Sheridan County,Sheridan County Courthouse,224 South Main Street,Suite B-2,Sheridan,WY,82801-4855,8:00:00 - 6:00,17:00:00 - 6:00,10/24/16,10/28/16,False,False,False,False,133,"224 South Main Street Suite B-2 Sheridan, WY 82801-4855",,08:00 AM - 05:00 PM,,ho63111098,false,true,,,,poll39328780
ocd-division/country:us/state:wy/county:sheridan,ethompson@sheridancounty.com,Sheridan County,Sheridan County Courthouse,224 South Main Street,Suite B-2,Sheridan,WY,82801-4855,8:00:00 - 6:00,17:00:00 - 6:00,10/31/16,11/4/16,False,False,False,False,134,"224 South Main Street Suite B-2 Sheridan, WY 82801-4855",,08:00 AM - 05:00 PM,,ho63111098,false,true,,,,poll39328780
ocd-division/country:us/state:wy/county:sheridan,ethompson@sheridancounty.com,Sheridan County,Sheridan County Courthouse,224 South Main Street,Suite B-2,Sheridan,WY,82801-4855,8:00:00 - 7:00,17:00:00 - 7:00,11/7/16,11/7/16,False,False,False,False,135,"224 South Main Street Suite B-2 Sheridan, WY 82801-4855",,08:00 AM - 05:00 PM,,ho63111098,false,true,,,,poll39328780
ocd-division/country:us/state:wy/county:sublette,maryl@sublettewyo.com,Sublette County,Sublette County Courthouse,21 S. Tyler,,Pinedale,WY,82941,8:00:00 - 6:00,17:00:00 - 6:00,9/29/16,9/30/16,False,False,False,False,136,"21 S. Tyler nan Pinedale, WY 82941",,08:00 AM - 05:00 PM,,ho75221433,false,true,,,,poll19693278
ocd-division/country:us/state:wy/county:sublette,maryl@sublettewyo.com,Sublette County,Sublette County Courthouse,21 S. Tyler,,Pinedale,WY,82941,8:00:00 - 6:00,17:00:00 - 6:00,10/3/16,10/7/16,False,False,False,False,137,"21 S. Tyler nan Pinedale, WY 82941",,08:00 AM - 05:00 PM,,ho75221433,false,true,,,,poll19693278
ocd-division/country:us/state:wy/county:sublette,maryl@sublettewyo.com,Sublette County,Sublette County Courthouse,21 S. Tyler,,Pinedale,WY,82941,8:00:00 - 6:00,17:00:00 - 6:00,10/10/16,10/14/16,False,False,False,False,138,"21 S. Tyler nan Pinedale, WY 82941",,08:00 AM - 05:00 PM,,ho75221433,false,true,,,,poll19693278
ocd-division/country:us/state:wy/county:sublette,maryl@sublettewyo.com,Sublette County,Sublette County Courthouse,21 S. Tyler,,Pinedale,WY,82941,8:00:00 - 6:00,17:00:00 - 6:00,10/17/16,10/21/16,False,False,False,False,139,"21 S. Tyler nan Pinedale, WY 82941",,08:00 AM - 05:00 PM,,ho75221433,false,true,,,,poll19693278
ocd-division/country:us/state:wy/county:sublette,maryl@sublettewyo.com,Sublette County,Sublette County Courthouse,21 S. Tyler,,Pinedale,WY,82941,8:00:00 - 6:00,17:00:00 - 6:00,10/24/16,10/28/16,False,False,False,False,140,"21 S. Tyler nan Pinedale, WY 82941",,08:00 AM - 05:00 PM,,ho75221433,false,true,,,,poll19693278
ocd-division/country:us/state:wy/county:sublette,maryl@sublettewyo.com,Sublette County,Sublette County Courthouse,21 S. Tyler,,Pinedale,WY,82941,8:00:00 - 6:00,17:00:00 - 6:00,10/31/16,11/4/16,False,False,False,False,141,"21 S. Tyler nan Pinedale, WY 82941",,08:00 AM - 05:00 PM,,ho75221433,false,true,,,,poll19693278
ocd-division/country:us/state:wy/county:sublette,maryl@sublettewyo.com,Sublette County,Sublette County Courthouse,21 S. Tyler,,Pinedale,WY,82941,8:00:00 - 7:00,17:00:00 - 7:00,11/7/16,11/7/16,False,False,False,False,142,"21 S. Tyler nan Pinedale, WY 82941",,08:00 AM - 05:00 PM,,ho75221433,false,true,,,,poll19693278
ocd-division/country:us/state:wy/county:sweetwater,davisd@sweet.wy.us,Sweetwater County,Sweetwater County Courthouse,80 West Flaming Gorge Way,Ste 150,Green River,WY,82935,8:00:00 - 6:00,17:00:00 - 6:00,9/23/16,9/23/16,False,False,False,False,143,"80 West Flaming Gorge Way Ste 150 Green River, WY 82935",,08:00 AM - 05:00 PM,,ho98544971,false,true,,,,poll88521434
ocd-division/country:us/state:wy/county:sweetwater,davisd@sweet.wy.us,Sweetwater County,Sweetwater County Courthouse,80 West Flaming Gorge Way,Ste 150,Green River,WY,82935,8:00:00 - 6:00,17:00:00 - 6:00,9/26/16,9/30/16,False,False,False,False,144,"80 West Flaming Gorge Way Ste 150 Green River, WY 82935",,08:00 AM - 05:00 PM,,ho98544971,false,true,,,,poll88521434
ocd-division/country:us/state:wy/county:sweetwater,davisd@sweet.wy.us,Sweetwater County,Sweetwater County Courthouse,80 West Flaming Gorge Way,Ste 150,Green River,WY,82935,8:00:00 - 6:00,17:00:00 - 6:00,10/3/16,10/7/16,False,False,False,False,145,"80 West Flaming Gorge Way Ste 150 Green River, WY 82935",,08:00 AM - 05:00 PM,,ho98544971,false,true,,,,poll88521434
ocd-division/country:us/state:wy/county:sweetwater,davisd@sweet.wy.us,Sweetwater County,Sweetwater County Courthouse,80 West Flaming Gorge Way,Ste 150,Green River,WY,82935,8:00:00 - 6:00,17:00:00 - 6:00,10/11/16,10/14/16,False,False,False,False,146,"80 West Flaming Gorge Way Ste 150 Green River, WY 82935",,08:00 AM - 05:00 PM,,ho98544971,false,true,,,,poll88521434
ocd-division/country:us/state:wy/county:sweetwater,davisd@sweet.wy.us,Sweetwater County,Sweetwater County Courthouse,80 West Flaming Gorge Way,Ste 150,Green River,WY,82935,8:00:00 - 6:00,17:00:00 - 6:00,10/17/16,10/21/16,False,False,False,False,147,"80 West Flaming Gorge Way Ste 150 Green River, WY 82935",,08:00 AM - 05:00 PM,,ho98544971,false,true,,,,poll88521434
ocd-division/country:us/state:wy/county:sweetwater,davisd@sweet.wy.us,Sweetwater County,Sweetwater County Courthouse,80 West Flaming Gorge Way,Ste 150,Green River,WY,82935,8:00:00 - 6:00,17:00:00 - 6:00,10/24/16,10/28/16,False,False,False,False,148,"80 West Flaming Gorge Way Ste 150 Green River, WY 82935",,08:00 AM - 05:00 PM,,ho98544971,false,true,,,,poll88521434
ocd-division/country:us/state:wy/county:sweetwater,davisd@sweet.wy.us,Sweetwater County,Sweetwater County Courthouse,80 West Flaming Gorge Way,Ste 150,Green River,WY,82935,8:00:00 - 6:00,17:00:00 - 6:00,10/31/16,11/4/16,False,False,False,False,149,"80 West Flaming Gorge Way Ste 150 Green River, WY 82935",,08:00 AM - 05:00 PM,,ho98544971,false,true,,,,poll88521434
ocd-division/country:us/state:wy/county:sweetwater,davisd@sweet.wy.us,Sweetwater County,Sweetwater County Courthouse,80 West Flaming Gorge Way,Ste 150,Green River,WY,82935,8:00:00 - 7:00,17:00:00 - 7:00,11/7/16,11/7/16,False,False,False,False,150,"80 West Flaming Gorge Way Ste 150 Green River, WY 82935",,08:00 AM - 05:00 PM,,ho98544971,false,true,,,,poll88521434
ocd-division/country:us/state:wy/county:teton,sdaigle@tetonwyo.org,Teton County,Teton County Courthouse,200 S. Willow St. ,,Jackson,WY,83001,8:00:00 - 6:00,17:00:00 - 6:00,9/23/16,9/23/16,False,False,False,False,151,"200 S. Willow St.  nan Jackson, WY 83001",,08:00 AM - 05:00 PM,,ho89565803,false,true,,,,poll65948505
ocd-division/country:us/state:wy/county:teton,sdaigle@tetonwyo.org,Teton County,Teton County Courthouse,200 S. Willow St. ,,Jackson,WY,83001,8:00:00 - 6:00,17:00:00 - 6:00,9/26/16,9/30/16,False,False,False,False,152,"200 S. Willow St.  nan Jackson, WY 83001",,08:00 AM - 05:00 PM,,ho89565803,false,true,,,,poll65948505
ocd-division/country:us/state:wy/county:teton,sdaigle@tetonwyo.org,Teton County,Teton County Courthouse,200 S. Willow St. ,,Jackson,WY,83001,8:00:00 - 6:00,17:00:00 - 6:00,10/3/16,10/7/16,False,False,False,False,153,"200 S. Willow St.  nan Jackson, WY 83001",,08:00 AM - 05:00 PM,,ho89565803,false,true,,,,poll65948505
ocd-division/country:us/state:wy/county:teton,sdaigle@tetonwyo.org,Teton County,Teton County Courthouse,200 S. Willow St. ,,Jackson,WY,83001,8:00:00 - 6:00,17:00:00 - 6:00,10/10/16,10/14/16,False,False,False,False,154,"200 S. Willow St.  nan Jackson, WY 83001",,08:00 AM - 05:00 PM,,ho89565803,false,true,,,,poll65948505
ocd-division/country:us/state:wy/county:teton,sdaigle@tetonwyo.org,Teton County,Teton County Courthouse,200 S. Willow St. ,,Jackson,WY,83001,8:00:00 - 6:00,17:00:00 - 6:00,10/17/16,10/21/16,False,False,False,False,155,"200 S. Willow St.  nan Jackson, WY 83001",,08:00 AM - 05:00 PM,,ho89565803,false,true,,,,poll65948505
ocd-division/country:us/state:wy/county:teton,sdaigle@tetonwyo.org,Teton County,Teton County Courthouse,200 S. Willow St. ,,Jackson,WY,83001,8:00:00 - 6:00,17:00:00 - 6:00,10/24/16,10/28/16,False,False,False,False,156,"200 S. Willow St.  nan Jackson, WY 83001",,08:00 AM - 05:00 PM,,ho89565803,false,true,,,,poll65948505
ocd-division/country:us/state:wy/county:teton,sdaigle@tetonwyo.org,Teton County,Teton County Courthouse,200 S. Willow St. ,,Jackson,WY,83001,8:00:00 - 6:00,17:00:00 - 6:00,10/31/16,11/4/16,False,False,False,False,157,"200 S. Willow St.  nan Jackson, WY 83001",,08:00 AM - 05:00 PM,,ho89565803,false,true,,,,poll65948505
ocd-division/country:us/state:wy/county:teton,sdaigle@tetonwyo.org,Teton County,Teton County Courthouse,200 S. Willow St. ,,Jackson,WY,83001,8:00:00 - 7:00,17:00:00 - 7:00,11/7/16,11/7/16,False,False,False,False,158,"200 S. Willow St.  nan Jackson, WY 83001",,08:00 AM - 05:00 PM,,ho89565803,false,true,,,,poll65948505
ocd-division/country:us/state:wy/county:uinta,lawilcox@uintacounty.com,Uinta County,Uinta County Courthouse,225 9th Street,,Evanston,WY,82930-3415,8:00:00 - 6:00,17:00:00 - 6:00,9/23/16,9/23/16,False,False,False,False,159,"225 9th Street nan Evanston, WY 82930-3415",,08:00 AM - 05:00 PM,,ho41366925,false,true,,,,poll63425432
ocd-division/country:us/state:wy/county:uinta,lawilcox@uintacounty.com,Uinta County,Uinta County Courthouse,225 9th Street,,Evanston,WY,82930-3415,8:00:00 - 6:00,17:00:00 - 6:00,9/26/16,9/30/16,False,False,False,False,160,"225 9th Street nan Evanston, WY 82930-3415",,08:00 AM - 05:00 PM,,ho41366925,false,true,,,,poll63425432
ocd-division/country:us/state:wy/county:uinta,lawilcox@uintacounty.com,Uinta County,Uinta County Courthouse,225 9th Street,,Evanston,WY,82930-3415,8:00:00 - 6:00,17:00:00 - 6:00,10/3/16,10/7/16,False,False,False,False,161,"225 9th Street nan Evanston, WY 82930-3415",,08:00 AM - 05:00 PM,,ho41366925,false,true,,,,poll63425432
ocd-division/country:us/state:wy/county:uinta,lawilcox@uintacounty.com,Uinta County,Uinta County Courthouse,225 9th Street,,Evanston,WY,82930-3415,8:00:00 - 6:00,17:00:00 - 6:00,10/11/16,10/14/16,False,False,False,False,162,"225 9th Street nan Evanston, WY 82930-3415",,08:00 AM - 05:00 PM,,ho41366925,false,true,,,,poll63425432
ocd-division/country:us/state:wy/county:uinta,lawilcox@uintacounty.com,Uinta County,Uinta County Courthouse,225 9th Street,,Evanston,WY,82930-3415,8:00:00 - 6:00,17:00:00 - 6:00,10/17/16,10/21/16,False,False,False,False,163,"225 9th Street nan Evanston, WY 82930-3415",,08:00 AM - 05:00 PM,,ho41366925,false,true,,,,poll63425432
ocd-division/country:us/state:wy/county:uinta,lawilcox@uintacounty.com,Uinta County,Uinta County Courthouse,225 9th Street,,Evanston,WY,82930-3415,8:00:00 - 6:00,17:00:00 - 6:00,10/24/16,10/28/16,False,False,False,False,164,"225 9th Street nan Evanston, WY 82930-3415",,08:00 AM - 05:00 PM,,ho41366925,false,true,,,,poll63425432
ocd-division/country:us/state:wy/county:uinta,lawilcox@uintacounty.com,Uinta County,Uinta County Courthouse,225 9th Street,,Evanston,WY,82930-3415,8:00:00 - 6:00,17:00:00 - 6:00,10/31/16,11/4/16,False,False,False,False,165,"225 9th Street nan Evanston, WY 82930-3415",,08:00 AM - 05:00 PM,,ho41366925,false,true,,,,poll63425432
ocd-division/country:us/state:wy/county:uinta,lawilcox@uintacounty.com,Uinta County,Uinta County Courthouse,225 9th Street,,Evanston,WY,82930-3415,8:00:00 - 7:00,17:00:00 - 7:00,11/7/16,11/7/16,False,False,False,False,166,"225 9th Street nan Evanston, WY 82930-3415",,08:00 AM - 05:00 PM,,ho41366925,false,true,,,,poll63425432
ocd-division/country:us/state:wy/county:washakie,clerk@washakiecounty.net,Washakie County,Washakie County Courthouse,1001 Big Horn Avenue,,Worland,WY,82401,8:00:00 - 6:00,17:00:00 - 6:00,9/29/16,9/30/16,False,False,False,False,167,"1001 Big Horn Avenue nan Worland, WY 82401",,08:00 AM - 05:00 PM,,ho9269054,false,true,,,,poll40630299
ocd-division/country:us/state:wy/county:washakie,clerk@washakiecounty.net,Washakie County,Washakie County Courthouse,1001 Big Horn Avenue,,Worland,WY,82401,8:00:00 - 6:00,17:00:00 - 6:00,10/3/16,10/7/16,False,False,False,False,168,"1001 Big Horn Avenue nan Worland, WY 82401",,08:00 AM - 05:00 PM,,ho9269054,false,true,,,,poll40630299
ocd-division/country:us/state:wy/county:washakie,clerk@washakiecounty.net,Washakie County,Washakie County Courthouse,1001 Big Horn Avenue,,Worland,WY,82401,8:00:00 - 6:00,17:00:00 - 6:00,10/11/16,10/14/16,False,False,False,False,169,"1001 Big Horn Avenue nan Worland, WY 82401",,08:00 AM - 05:00 PM,,ho9269054,false,true,,,,poll40630299
ocd-division/country:us/state:wy/county:washakie,clerk@washakiecounty.net,Washakie County,Washakie County Courthouse,1001 Big Horn Avenue,,Worland,WY,82401,8:00:00 - 6:00,17:00:00 - 6:00,10/17/16,10/21/16,False,False,False,False,170,"1001 Big Horn Avenue nan Worland, WY 82401",,08:00 AM - 05:00 PM,,ho9269054,false,true,,,,poll40630299
ocd-division/country:us/state:wy/county:washakie,clerk@washakiecounty.net,Washakie County,Washakie County Courthouse,1001 Big Horn Avenue,,Worland,WY,82401,8:00:00 - 6:00,17:00:00 - 6:00,10/24/16,10/28/16,False,False,False,False,171,"1001 Big Horn Avenue nan Worland, WY 82401",,08:00 AM - 05:00 PM,,ho9269054,false,true,,,,poll40630299
ocd-division/country:us/state:wy/county:washakie,clerk@washakiecounty.net,Washakie County,Washakie County Courthouse,1001 Big Horn Avenue,,Worland,WY,82401,8:00:00 - 6:00,17:00:00 - 6:00,10/31/16,11/4/16,False,False,False,False,172,"1001 Big Horn Avenue nan Worland, WY 82401",,08:00 AM - 05:00 PM,,ho9269054,false,true,,,,poll40630299
ocd-division/country:us/state:wy/county:washakie,clerk@washakiecounty.net,Washakie County,Washakie County Courthouse,1001 Big Horn Avenue,,Worland,WY,82401,8:00:00 - 7:00,17:00:00 - 7:00,11/7/16,11/7/16,False,False,False,False,173,"1001 Big Horn Avenue nan Worland, WY 82401",,08:00 AM - 05:00 PM,,ho9269054,false,true,,,,poll40630299
ocd-division/country:us/state:wy/county:weston,cheryl@westongov.com,Weston County,Weston County Courthouse,1 West Main,,Newcastle,WY,82701-2121 ,8:00:00 - 6:00,16:30:00 - 6:00,9/23/16,9/23/16,False,False,False,False,174,"1 West Main nan Newcastle, WY 82701-2121 ",,08:00 AM - 04:30 PM,,ho41801716,false,true,,,,poll79964262
ocd-division/country:us/state:wy/county:weston,cheryl@westongov.com,Weston County,Weston County Courthouse,1 West Main,,Newcastle,WY,82701-2121 ,8:00:00 - 6:00,16:30:00 - 6:00,9/26/16,9/30/16,False,False,False,False,175,"1 West Main nan Newcastle, WY 82701-2121 ",,08:00 AM - 04:30 PM,,ho41801716,false,true,,,,poll79964262
ocd-division/country:us/state:wy/county:weston,cheryl@westongov.com,Weston County,Weston County Courthouse,1 West Main,,Newcastle,WY,82701-2121 ,8:00:00 - 6:00,16:30:00 - 6:00,10/3/16,10/7/16,False,False,False,False,176,"1 West Main nan Newcastle, WY 82701-2121 ",,08:00 AM - 04:30 PM,,ho41801716,false,true,,,,poll79964262
ocd-division/country:us/state:wy/county:weston,cheryl@westongov.com,Weston County,Weston County Courthouse,1 West Main,,Newcastle,WY,82701-2121 ,8:00:00 - 6:00,16:30:00 - 6:00,10/11/16,10/14/16,False,False,False,False,177,"1 West Main nan Newcastle, WY 82701-2121 ",,08:00 AM - 04:30 PM,,ho41801716,false,true,,,,poll79964262
ocd-division/country:us/state:wy/county:weston,cheryl@westongov.com,Weston County,Weston County Courthouse,1 West Main,,Newcastle,WY,82701-2121 ,8:00:00 - 6:00,16:30:00 - 6:00,10/17/16,10/21/16,False,False,False,False,178,"1 West Main nan Newcastle, WY 82701-2121 ",,08:00 AM - 04:30 PM,,ho41801716,false,true,,,,poll79964262
ocd-division/country:us/state:wy/county:weston,cheryl@westongov.com,Weston County,Weston County Courthouse,1 West Main,,Newcastle,WY,82701-2121 ,8:00:00 - 6:00,16:30:00 - 6:00,10/24/16,10/28/16,False,False,False,False,179,"1 West Main nan Newcastle, WY 82701-2121 ",,08:00 AM - 04:30 PM,,ho41801716,false,true,,,,poll79964262
ocd-division/country:us/state:wy/county:weston,cheryl@westongov.com,Weston County,Weston County Courthouse,1 West Main,,Newcastle,WY,82701-2121 ,8:00:00 - 6:00,16:30:00 - 6:00,10/31/16,11/4/16,False,False,False,False,180,"1 West Main nan Newcastle, WY 82701-2121 ",,08:00 AM - 04:30 PM,,ho41801716,false,true,,,,poll79964262
ocd-division/country:us/state:wy/county:weston,cheryl@westongov.com,Weston County,Weston County Courthouse,1 West Main,,Newcastle,WY,82701-2121 ,8:00:00 - 7:00,16:30:00 - 7:00,11/7/16,11/7/16,False,False,False,False,181,"1 West Main nan Newcastle, WY 82701-2121 ",,08:00 AM - 04:30 PM,,ho41801716,false,true,,,,poll79964262
