office_name,office_title,ocd_division,description,homepage,phone,email,name,address_one,address_two,city,state,zip,start_time,end_time,start_date,end_date,appointment_one,appointment_two,appointment_three,subject_to_change,index,address_line,directions,hours,photo_uri,hours_open_id,is_drop_box,is_early_voting,latitude,longitude,latlng_source,id
Ada County,County Clerk,ocd-division/country:us/state:id/county:ada,Ada County ID,adacounty.id.gov,(208) 287-6860,elections@adaweb.net,Ada County Clerk,400 N Benjamin Lane,Suite 100,Boise,ID,83704,8:00:00 - 06:00,17:00:00 - 06:00,10/17/16,10/21/16,no,no,,,1,"Ada County Clerk, 400 N Benjamin Lane, Suite 100, Boise, ID 83704",,08:00 AM - 05:00 PM,,ho68323914,false,true,,,,poll84542307
Ada County,County Clerk,ocd-division/country:us/state:id/county:ada,Ada County ID,adacounty.id.gov,(208) 287-6860,elections@adaweb.net,Ada County Clerk,400 N Benjamin Lane,Suite 100,Boise,ID,83704,8:00:00 - 06:00,17:00:00 - 06:00,10/24/16,10/28/16,no,no,,,2,"Ada County Clerk, 400 N Benjamin Lane, Suite 100, Boise, ID 83704",,08:00 AM - 05:00 PM,,ho68323914,false,true,,,,poll84542307
Ada County,County Clerk,ocd-division/country:us/state:id/county:ada,Ada County ID,adacounty.id.gov,(208) 287-6860,elections@adaweb.net,Ada County Clerk,400 N Benjamin Lane,Suite 100,Boise,ID,83704,8:00:00 - 06:00,17:00:00 - 06:00,10/31/16,11/4/16,no,no,,,3,"Ada County Clerk, 400 N Benjamin Lane, Suite 100, Boise, ID 83704",,08:00 AM - 05:00 PM,,ho68323914,false,true,,,,poll84542307
Adams County,County Clerk,ocd-division/country:us/state:id/county:adams,Adams County ID,http://www.co.adams.id.us/,(208) 253-4561,gyoung@co.adams.id.us,Adams County Courthouse,201 Industrial Ave,,Council,ID,83612,8:00:00 - 06:00,17:00:00 - 06:00,9/23/16,9/23/16,no,no,,,4,"Adams County Courthouse, 201 Industrial Ave, Council, ID 83612",,08:00 AM - 05:00 PM,,ho9226867,false,true,,,,poll83397665
Adams County,County Clerk,ocd-division/country:us/state:id/county:adams,Adams County ID,http://www.co.adams.id.us/,(208) 253-4561,gyoung@co.adams.id.us,Adams County Courthouse,201 Industrial Ave,,Council,ID,83612,8:00:00 - 06:00,17:00:00 - 06:00,9/26/16,9/30/16,no,no,,,5,"Adams County Courthouse, 201 Industrial Ave, Council, ID 83612",,08:00 AM - 05:00 PM,,ho9226867,false,true,,,,poll83397665
Adams County,County Clerk,ocd-division/country:us/state:id/county:adams,Adams County ID,http://www.co.adams.id.us/,(208) 253-4561,gyoung@co.adams.id.us,Adams County Courthouse,201 Industrial Ave,,Council,ID,83612,8:00:00 - 06:00,17:00:00 - 06:00,10/3/16,10/7/16,no,no,,,6,"Adams County Courthouse, 201 Industrial Ave, Council, ID 83612",,08:00 AM - 05:00 PM,,ho9226867,false,true,,,,poll83397665
Adams County,County Clerk,ocd-division/country:us/state:id/county:adams,Adams County ID,http://www.co.adams.id.us/,(208) 253-4561,gyoung@co.adams.id.us,Adams County Courthouse,201 Industrial Ave,,Council,ID,83612,8:00:00 - 06:00,17:00:00 - 06:00,10/11/16,10/14/16,no,no,,,7,"Adams County Courthouse, 201 Industrial Ave, Council, ID 83612",,08:00 AM - 05:00 PM,,ho9226867,false,true,,,,poll83397665
Adams County,County Clerk,ocd-division/country:us/state:id/county:adams,Adams County ID,http://www.co.adams.id.us/,(208) 253-4561,gyoung@co.adams.id.us,Adams County Courthouse,201 Industrial Ave,,Council,ID,83612,8:00:00 - 06:00,17:00:00 - 06:00,10/17/16,10/21/16,no,no,,,8,"Adams County Courthouse, 201 Industrial Ave, Council, ID 83612",,08:00 AM - 05:00 PM,,ho9226867,false,true,,,,poll83397665
Adams County,County Clerk,ocd-division/country:us/state:id/county:adams,Adams County ID,http://www.co.adams.id.us/,(208) 253-4561,gyoung@co.adams.id.us,Adams County Courthouse,201 Industrial Ave,,Council,ID,83612,8:00:00 - 06:00,17:00:00 - 06:00,10/24/16,10/28/16,no,no,,,9,"Adams County Courthouse, 201 Industrial Ave, Council, ID 83612",,08:00 AM - 05:00 PM,,ho9226867,false,true,,,,poll83397665
Adams County,County Clerk,ocd-division/country:us/state:id/county:adams,Adams County ID,http://www.co.adams.id.us/,(208) 253-4561,gyoung@co.adams.id.us,Adams County Courthouse,201 Industrial Ave,,Council,ID,83612,8:00:00 - 06:00,17:00:00 - 06:00,10/31/16,11/4/16,no,no,,,10,"Adams County Courthouse, 201 Industrial Ave, Council, ID 83612",,08:00 AM - 05:00 PM,,ho9226867,false,true,,,,poll83397665
Bannock County,County Clerk,ocd-division/country:us/state:id/county:bannock,Bannock County ID,http://www.co.bannock.id.us/,(208) 236-7329,julieh@bannockcounty.us,Bannock County Elections Office,141 N. 6th,,Pocatello,ID,83201,9:00:00 - 06:00,17:00:00 - 06:00,11/4/16,11/4/16,no,no,,,11,"Bannock County Elections Office, 141 N. 6th, Pocatello, ID 83201",,09:00 AM - 05:00 PM,,ho97705391,false,true,,,,poll59729618
Bannock County,County Clerk,ocd-division/country:us/state:id/county:bannock,Bannock County ID,http://www.co.bannock.id.us/,(208) 236-7329,julieh@bannockcounty.us,Bannock County Elections Office,141 N. 6th,,Pocatello,ID,83201,8:00:00 - 06:00,16:30:00 - 06:00,9/26/16,9/30/16,no,no,,,12,"Bannock County Elections Office, 141 N. 6th, Pocatello, ID 83201",,08:00 AM - 04:30 PM,,ho97705391,false,true,,,,poll59729618
Bannock County,County Clerk,ocd-division/country:us/state:id/county:bannock,Bannock County ID,http://www.co.bannock.id.us/,(208) 236-7329,julieh@bannockcounty.us,Bannock County Elections Office,141 N. 6th,,Pocatello,ID,83201,8:00:00 - 06:00,16:30:00 - 06:00,10/3/16,10/7/16,no,no,,,13,"Bannock County Elections Office, 141 N. 6th, Pocatello, ID 83201",,08:00 AM - 04:30 PM,,ho97705391,false,true,,,,poll59729618
Bannock County,County Clerk,ocd-division/country:us/state:id/county:bannock,Bannock County ID,http://www.co.bannock.id.us/,(208) 236-7329,julieh@bannockcounty.us,Bannock County Elections Office,141 N. 6th,,Pocatello,ID,83201,8:00:00 - 06:00,16:30:00 - 06:00,10/11/16,10/14/16,no,no,,,14,"Bannock County Elections Office, 141 N. 6th, Pocatello, ID 83201",,08:00 AM - 04:30 PM,,ho97705391,false,true,,,,poll59729618
Bannock County,County Clerk,ocd-division/country:us/state:id/county:bannock,Bannock County ID,http://www.co.bannock.id.us/,(208) 236-7329,julieh@bannockcounty.us,Bannock County Elections Office,141 N. 6th,,Pocatello,ID,83201,8:00:00 - 06:00,16:30:00 - 06:00,10/17/16,10/21/16,no,no,,,15,"Bannock County Elections Office, 141 N. 6th, Pocatello, ID 83201",,08:00 AM - 04:30 PM,,ho97705391,false,true,,,,poll59729618
Bannock County,County Clerk,ocd-division/country:us/state:id/county:bannock,Bannock County ID,http://www.co.bannock.id.us/,(208) 236-7329,julieh@bannockcounty.us,Bannock County Elections Office,141 N. 6th,,Pocatello,ID,83201,8:00:00 - 06:00,16:30:00 - 06:00,10/24/16,10/28/16,no,no,,,16,"Bannock County Elections Office, 141 N. 6th, Pocatello, ID 83201",,08:00 AM - 04:30 PM,,ho97705391,false,true,,,,poll59729618
Bannock County,County Clerk,ocd-division/country:us/state:id/county:bannock,Bannock County ID,http://www.co.bannock.id.us/,(208) 236-7329,julieh@bannockcounty.us,Bannock County Elections Office,141 N. 6th,,Pocatello,ID,83201,8:00:00 - 06:00,16:30:00 - 06:00,10/31/16,11/3/16,no,no,,,17,"Bannock County Elections Office, 141 N. 6th, Pocatello, ID 83201",,08:00 AM - 04:30 PM,,ho97705391,false,true,,,,poll59729618
Bear Lake County,County Clerk,ocd-division/country:us/state:id/county:bear_lake,Bear Lake County ID,http://www.bearlakecounty.info/,(208) 945-2212,blclean@dcdi.net,Bear Lake County Courthouse,7 East Center,,Paris,ID,83261-0190,8:00:00 - 06:00,16:30:00 - 06:00,9/23/16,9/23/16,no,no,,,18,"Bear Lake County Courthouse, 7 East Center, Paris, ID 83261",,08:00 AM - 04:30 PM,,ho93937395,false,true,,,,poll19431024
Bear Lake County,County Clerk,ocd-division/country:us/state:id/county:bear_lake,Bear Lake County ID,http://www.bearlakecounty.info/,(208) 945-2212,blclean@dcdi.net,Bear Lake County Courthouse,7 East Center,,Paris,ID,83261-0190,8:00:00 - 06:00,16:30:00 - 06:00,9/26/16,9/30/16,no,no,,,19,"Bear Lake County Courthouse, 7 East Center, Paris, ID 83261",,08:00 AM - 04:30 PM,,ho93937395,false,true,,,,poll19431024
Bear Lake County,County Clerk,ocd-division/country:us/state:id/county:bear_lake,Bear Lake County ID,http://www.bearlakecounty.info/,(208) 945-2212,blclean@dcdi.net,Bear Lake County Courthouse,7 East Center,,Paris,ID,83261-0190,8:00:00 - 06:00,16:30:00 - 06:00,10/3/16,10/7/16,no,no,,,20,"Bear Lake County Courthouse, 7 East Center, Paris, ID 83261",,08:00 AM - 04:30 PM,,ho93937395,false,true,,,,poll19431024
Bear Lake County,County Clerk,ocd-division/country:us/state:id/county:bear_lake,Bear Lake County ID,http://www.bearlakecounty.info/,(208) 945-2212,blclean@dcdi.net,Bear Lake County Courthouse,7 East Center,,Paris,ID,83261-0190,8:00:00 - 06:00,16:30:00 - 06:00,10/11/16,10/14/16,no,no,,,21,"Bear Lake County Courthouse, 7 East Center, Paris, ID 83261",,08:00 AM - 04:30 PM,,ho93937395,false,true,,,,poll19431024
Bear Lake County,County Clerk,ocd-division/country:us/state:id/county:bear_lake,Bear Lake County ID,http://www.bearlakecounty.info/,(208) 945-2212,blclean@dcdi.net,Bear Lake County Courthouse,7 East Center,,Paris,ID,83261-0190,8:00:00 - 06:00,16:30:00 - 06:00,10/17/16,10/21/16,no,no,,,22,"Bear Lake County Courthouse, 7 East Center, Paris, ID 83261",,08:00 AM - 04:30 PM,,ho93937395,false,true,,,,poll19431024
Bear Lake County,County Clerk,ocd-division/country:us/state:id/county:bear_lake,Bear Lake County ID,http://www.bearlakecounty.info/,(208) 945-2212,blclean@dcdi.net,Bear Lake County Courthouse,7 East Center,,Paris,ID,83261-0190,8:00:00 - 06:00,16:30:00 - 06:00,10/24/16,10/28/16,no,no,,,23,"Bear Lake County Courthouse, 7 East Center, Paris, ID 83261",,08:00 AM - 04:30 PM,,ho93937395,false,true,,,,poll19431024
Bear Lake County,County Clerk,ocd-division/country:us/state:id/county:bear_lake,Bear Lake County ID,http://www.bearlakecounty.info/,(208) 945-2212,blclean@dcdi.net,Bear Lake County Courthouse,7 East Center,,Paris,ID,83261-0190,8:00:00 - 06:00,16:30:00 - 06:00,10/31/16,11/4/16,no,no,,,24,"Bear Lake County Courthouse, 7 East Center, Paris, ID 83261",,08:00 AM - 04:30 PM,,ho93937395,false,true,,,,poll19431024
Benewah County,County Clerk,ocd-division/country:us/state:id/county:benewah,Benewah County ID,,(208) 245-3212,lragan@benewahcounty.org,Benewah County Courthouse,701 W College Ave,Suite 101,St Maries,ID,83861-1852,9:00:00 - 07:00,17:00:00 - 07:00,10/3/16,10/7/16,no,no,,,25,"Benewah County Courthouse, 701 W College Ave, Suite 101, St Maries, ID 83861",,09:00 AM - 05:00 PM,,ho64127484,false,true,,,,poll36293406
Benewah County,County Clerk,ocd-division/country:us/state:id/county:benewah,Benewah County ID,,(208) 245-3212,lragan@benewahcounty.org,Benewah County Courthouse,701 W College Ave,Suite 101,St Maries,ID,83861-1852,9:00:00 - 07:00,17:00:00 - 07:00,10/11/16,10/14/16,no,no,,,26,"Benewah County Courthouse, 701 W College Ave, Suite 101, St Maries, ID 83861",,09:00 AM - 05:00 PM,,ho64127484,false,true,,,,poll36293406
Benewah County,County Clerk,ocd-division/country:us/state:id/county:benewah,Benewah County ID,,(208) 245-3212,lragan@benewahcounty.org,Benewah County Courthouse,701 W College Ave,Suite 101,St Maries,ID,83861-1852,9:00:00 - 07:00,17:00:00 - 07:00,10/17/16,10/21/16,no,no,,,27,"Benewah County Courthouse, 701 W College Ave, Suite 101, St Maries, ID 83861",,09:00 AM - 05:00 PM,,ho64127484,false,true,,,,poll36293406
Benewah County,County Clerk,ocd-division/country:us/state:id/county:benewah,Benewah County ID,,(208) 245-3212,lragan@benewahcounty.org,Benewah County Courthouse,701 W College Ave,Suite 101,St Maries,ID,83861-1852,9:00:00 - 07:00,17:00:00 - 07:00,10/24/16,10/28/16,no,no,,,28,"Benewah County Courthouse, 701 W College Ave, Suite 101, St Maries, ID 83861",,09:00 AM - 05:00 PM,,ho64127484,false,true,,,,poll36293406
Benewah County,County Clerk,ocd-division/country:us/state:id/county:benewah,Benewah County ID,,(208) 245-3212,lragan@benewahcounty.org,Benewah County Courthouse,701 W College Ave,Suite 101,St Maries,ID,83861-1852,9:00:00 - 07:00,17:00:00 - 07:00,10/31/16,11/4/16,no,no,,,29,"Benewah County Courthouse, 701 W College Ave, Suite 101, St Maries, ID 83861",,09:00 AM - 05:00 PM,,ho64127484,false,true,,,,poll36293406
Bingham County,County Clerk,ocd-division/country:us/state:id/county:bingham,Bingham County ID,http://www.co.bingham.id.us/,(208) 782-3164,mjensen@co.bingham.id.us,Bingham County Courthouse,501 N Maple St,Room 105,Blackfoot,ID,83221-1776,8:30:00 - 06:00,16:30:00 - 06:00,10/17/16,10/21/16,no,no,,,30,"Bingham County Courthouse, 501 N Maple St, Room 105, Blackfoot, ID 83221",,08:30 AM - 04:30 PM,,ho28319272,false,true,,,,poll98362131
Bingham County,County Clerk,ocd-division/country:us/state:id/county:bingham,Bingham County ID,http://www.co.bingham.id.us/,(208) 782-3164,mjensen@co.bingham.id.us,Bingham County Courthouse,501 N Maple St,Room 105,Blackfoot,ID,83221-1776,8:30:00 - 06:00,16:30:00 - 06:00,10/24/16,10/28/16,no,no,,,31,"Bingham County Courthouse, 501 N Maple St, Room 105, Blackfoot, ID 83221",,08:30 AM - 04:30 PM,,ho28319272,false,true,,,,poll98362131
Bingham County,County Clerk,ocd-division/country:us/state:id/county:bingham,Bingham County ID,http://www.co.bingham.id.us/,(208) 782-3164,mjensen@co.bingham.id.us,Bingham County Courthouse,501 N Maple St,Room 105,Blackfoot,ID,83221-1776,8:30:00 - 06:00,16:30:00 - 06:00,10/31/16,11/4/16,no,no,,,32,"Bingham County Courthouse, 501 N Maple St, Room 105, Blackfoot, ID 83221",,08:30 AM - 04:30 PM,,ho28319272,false,true,,,,poll98362131
Blaine County,County Clerk,ocd-division/country:us/state:id/county:blaine,Blaine County ID,http://www.co.blaine.id.us/,(208) 788-5510,election@co.blaine.id.us,Old County Courthouse,206 1st Ave South,#200,Hailey,ID,83333-8429,8:00:00 - 06:00,17:00:00 - 06:00,10/17/16,10/21/16,no,no,,,33,"Old County Courthouse, 206 1st Ave South, #200, Hailey, ID 83333",,08:00 AM - 05:00 PM,,ho52312425,false,true,,,,poll19290959
Blaine County,County Clerk,ocd-division/country:us/state:id/county:blaine,Blaine County ID,http://www.co.blaine.id.us/,(208) 788-5510,election@co.blaine.id.us,Old County Courthouse,206 1st Ave South,#200,Hailey,ID,83333-8429,8:00:00 - 06:00,17:00:00 - 06:00,10/24/16,10/28/16,no,no,,,34,"Old County Courthouse, 206 1st Ave South, #200, Hailey, ID 83333",,08:00 AM - 05:00 PM,,ho52312425,false,true,,,,poll19290959
Blaine County,County Clerk,ocd-division/country:us/state:id/county:blaine,Blaine County ID,http://www.co.blaine.id.us/,(208) 788-5510,election@co.blaine.id.us,Old County Courthouse,206 1st Ave South,#200,Hailey,ID,83333-8429,8:00:00 - 06:00,17:00:00 - 06:00,10/31/16,11/4/16,no,no,,,35,"Old County Courthouse, 206 1st Ave South, #200, Hailey, ID 83333",,08:00 AM - 05:00 PM,,ho52312425,false,true,,,,poll19290959
Boise County,County Clerk,ocd-division/country:us/state:id/county:boise,Boise County ID,http://www.boisecounty.us/,(208) 392-4431,sloya@co.boise.id.us,Boise County Recorders Office,420 Main St,,Idaho City,ID,83631,8:00:00 - 06:00,17:00:00 - 06:00,9/26/16,9/30/16,no,no,,,36,"Boise County Recorders Office, 420 Main St, Idaho City, ID 83631",,08:00 AM - 05:00 PM,,ho24754417,false,true,,,,poll56454085
Boise County,County Clerk,ocd-division/country:us/state:id/county:boise,Boise County ID,http://www.boisecounty.us/,(208) 392-4431,sloya@co.boise.id.us,Boise County Recorders Office,420 Main St,,Idaho City,ID,83631,8:00:00 - 06:00,17:00:00 - 06:00,10/3/16,10/7/16,no,no,,,37,"Boise County Recorders Office, 420 Main St, Idaho City, ID 83631",,08:00 AM - 05:00 PM,,ho24754417,false,true,,,,poll56454085
Boise County,County Clerk,ocd-division/country:us/state:id/county:boise,Boise County ID,http://www.boisecounty.us/,(208) 392-4431,sloya@co.boise.id.us,Boise County Recorders Office,420 Main St,,Idaho City,ID,83631,8:00:00 - 06:00,17:00:00 - 06:00,10/10/16,10/14/16,no,no,,,38,"Boise County Recorders Office, 420 Main St, Idaho City, ID 83631",,08:00 AM - 05:00 PM,,ho24754417,false,true,,,,poll56454085
Boise County,County Clerk,ocd-division/country:us/state:id/county:boise,Boise County ID,http://www.boisecounty.us/,(208) 392-4431,sloya@co.boise.id.us,Boise County Recorders Office,420 Main St,,Idaho City,ID,83631,8:00:00 - 06:00,17:00:00 - 06:00,10/17/16,10/21/16,no,no,,,39,"Boise County Recorders Office, 420 Main St, Idaho City, ID 83631",,08:00 AM - 05:00 PM,,ho24754417,false,true,,,,poll56454085
Boise County,County Clerk,ocd-division/country:us/state:id/county:boise,Boise County ID,http://www.boisecounty.us/,(208) 392-4431,sloya@co.boise.id.us,Boise County Recorders Office,420 Main St,,Idaho City,ID,83631,8:00:00 - 06:00,17:00:00 - 06:00,10/24/16,10/28/16,no,no,,,40,"Boise County Recorders Office, 420 Main St, Idaho City, ID 83631",,08:00 AM - 05:00 PM,,ho24754417,false,true,,,,poll56454085
Boise County,County Clerk,ocd-division/country:us/state:id/county:boise,Boise County ID,http://www.boisecounty.us/,(208) 392-4431,sloya@co.boise.id.us,Boise County Recorders Office,420 Main St,,Idaho City,ID,83631,8:00:00 - 06:00,17:00:00 - 06:00,10/31/16,11/4/16,no,no,,,41,"Boise County Recorders Office, 420 Main St, Idaho City, ID 83631",,08:00 AM - 05:00 PM,,ho24754417,false,true,,,,poll56454085
Bonner County,County Clerk,ocd-division/country:us/state:id/county:bonner,Bonner County ID,bonnercounty.us,(208) 255-3631,cwrum@bonnercountyid.gov,,1500 Hwy 2,Suite 124,Sandpoint,ID,83864-1794,9:00:00 - 07:00,17:00:00 - 07:00,10/3/16,10/7/16,no,no,,,42,"1500 Hwy 2, Suite 124, Sandpoint, ID 83864",,09:00 AM - 05:00 PM,,ho48307151,false,true,,,,poll15853240
Bonner County,County Clerk,ocd-division/country:us/state:id/county:bonner,Bonner County ID,bonnercounty.us,(208) 255-3631,cwrum@bonnercountyid.gov,,1500 Hwy 2,Suite 124,Sandpoint,ID,83864-1794,9:00:00 - 07:00,17:00:00 - 07:00,10/11/16,10/14/16,no,no,,,43,"1500 Hwy 2, Suite 124, Sandpoint, ID 83864",,09:00 AM - 05:00 PM,,ho48307151,false,true,,,,poll15853240
Bonner County,County Clerk,ocd-division/country:us/state:id/county:bonner,Bonner County ID,bonnercounty.us,(208) 255-3631,cwrum@bonnercountyid.gov,,1500 Hwy 2,Suite 124,Sandpoint,ID,83864-1794,9:00:00 - 07:00,17:00:00 - 07:00,10/17/16,10/21/16,no,no,,,44,"1500 Hwy 2, Suite 124, Sandpoint, ID 83864",,09:00 AM - 05:00 PM,,ho48307151,false,true,,,,poll15853240
Bonner County,County Clerk,ocd-division/country:us/state:id/county:bonner,Bonner County ID,bonnercounty.us,(208) 255-3631,cwrum@bonnercountyid.gov,,1500 Hwy 2,Suite 124,Sandpoint,ID,83864-1794,9:00:00 - 07:00,17:00:00 - 07:00,10/24/16,10/28/16,no,no,,,45,"1500 Hwy 2, Suite 124, Sandpoint, ID 83864",,09:00 AM - 05:00 PM,,ho48307151,false,true,,,,poll15853240
Bonner County,County Clerk,ocd-division/country:us/state:id/county:bonner,Bonner County ID,bonnercounty.us,(208) 255-3631,cwrum@bonnercountyid.gov,,1500 Hwy 2,Suite 124,Sandpoint,ID,83864-1794,9:00:00 - 07:00,17:00:00 - 07:00,10/31/16,11/4/16,no,no,,,46,"1500 Hwy 2, Suite 124, Sandpoint, ID 83864",,09:00 AM - 05:00 PM,,ho48307151,false,true,,,,poll15853240
Bonneville County,County Clerk,ocd-division/country:us/state:id/county:bonneville,Bonneville County ID,http://www.co.bonneville.id.us/,(208) 529-1363,vote@co.bonneville.id.us,Bonneville County Elections,825 Shoup Ave,,Idaho Falls,ID,83402-3582,8:00:00 - 06:00,17:00:00 - 06:00,10/3/16,10/7/16,no,no,,,47,"Bonneville County Elections, 825 Shoup Ave, Idaho Falls, ID 83402",,08:00 AM - 05:00 PM,,ho53733814,false,true,,,,poll17158115
Bonneville County,County Clerk,ocd-division/country:us/state:id/county:bonneville,Bonneville County ID,http://www.co.bonneville.id.us/,(208) 529-1363,vote@co.bonneville.id.us,Bonneville County Elections,825 Shoup Ave,,Idaho Falls,ID,83402-3582,8:00:00 - 06:00,17:00:00 - 06:00,10/11/16,10/14/16,no,no,,,48,"Bonneville County Elections, 825 Shoup Ave, Idaho Falls, ID 83402",,08:00 AM - 05:00 PM,,ho53733814,false,true,,,,poll17158115
Bonneville County,County Clerk,ocd-division/country:us/state:id/county:bonneville,Bonneville County ID,http://www.co.bonneville.id.us/,(208) 529-1363,vote@co.bonneville.id.us,Bonneville County Elections,825 Shoup Ave,,Idaho Falls,ID,83402-3582,8:00:00 - 06:00,17:00:00 - 06:00,10/17/16,10/21/16,no,no,,,49,"Bonneville County Elections, 825 Shoup Ave, Idaho Falls, ID 83402",,08:00 AM - 05:00 PM,,ho53733814,false,true,,,,poll17158115
Bonneville County,County Clerk,ocd-division/country:us/state:id/county:bonneville,Bonneville County ID,http://www.co.bonneville.id.us/,(208) 529-1363,vote@co.bonneville.id.us,Bonneville County Elections,825 Shoup Ave,,Idaho Falls,ID,83402-3582,8:00:00 - 06:00,17:00:00 - 06:00,10/24/16,10/28/16,no,no,,,50,"Bonneville County Elections, 825 Shoup Ave, Idaho Falls, ID 83402",,08:00 AM - 05:00 PM,,ho53733814,false,true,,,,poll17158115
Bonneville County,County Clerk,ocd-division/country:us/state:id/county:bonneville,Bonneville County ID,http://www.co.bonneville.id.us/,(208) 529-1363,vote@co.bonneville.id.us,Bonneville County Elections,825 Shoup Ave,,Idaho Falls,ID,83402-3582,8:00:00 - 06:00,17:00:00 - 06:00,10/31/16,11/4/16,no,no,,,51,"Bonneville County Elections, 825 Shoup Ave, Idaho Falls, ID 83402",,08:00 AM - 05:00 PM,,ho53733814,false,true,,,,poll17158115
Boundary County,County Clerk,ocd-division/country:us/state:id/county:boundary,Boundary County ID,http://www.boundarycountyid.org/,(208) 267-2242,gposton@boundarycountyid.org,,6452 Kootenai Street,,Bonners Ferry,ID,83805,9:00:00 - 07:00,17:00:00 - 07:00,9/23/16,9/23/16,no,no,,,52,"6452 Kootenai Street, Bonners Ferry, ID 83805",,09:00 AM - 05:00 PM,,ho3823232,false,true,,,,poll30445305
Boundary County,County Clerk,ocd-division/country:us/state:id/county:boundary,Boundary County ID,http://www.boundarycountyid.org/,(208) 267-2242,gposton@boundarycountyid.org,,6452 Kootenai Street,,Bonners Ferry,ID,83805,9:00:00 - 07:00,17:00:00 - 07:00,9/26/16,9/30/16,no,no,,,53,"6452 Kootenai Street, Bonners Ferry, ID 83805",,09:00 AM - 05:00 PM,,ho3823232,false,true,,,,poll30445305
Boundary County,County Clerk,ocd-division/country:us/state:id/county:boundary,Boundary County ID,http://www.boundarycountyid.org/,(208) 267-2242,gposton@boundarycountyid.org,,6452 Kootenai Street,,Bonners Ferry,ID,83805,9:00:00 - 07:00,17:00:00 - 07:00,10/3/16,10/7/16,no,no,,,54,"6452 Kootenai Street, Bonners Ferry, ID 83805",,09:00 AM - 05:00 PM,,ho3823232,false,true,,,,poll30445305
Boundary County,County Clerk,ocd-division/country:us/state:id/county:boundary,Boundary County ID,http://www.boundarycountyid.org/,(208) 267-2242,gposton@boundarycountyid.org,,6452 Kootenai Street,,Bonners Ferry,ID,83805,9:00:00 - 07:00,17:00:00 - 07:00,10/10/16,10/14/16,no,no,,,55,"6452 Kootenai Street, Bonners Ferry, ID 83805",,09:00 AM - 05:00 PM,,ho3823232,false,true,,,,poll30445305
Boundary County,County Clerk,ocd-division/country:us/state:id/county:boundary,Boundary County ID,http://www.boundarycountyid.org/,(208) 267-2242,gposton@boundarycountyid.org,,6452 Kootenai Street,,Bonners Ferry,ID,83805,9:00:00 - 07:00,17:00:00 - 07:00,10/17/16,10/21/16,no,no,,,56,"6452 Kootenai Street, Bonners Ferry, ID 83805",,09:00 AM - 05:00 PM,,ho3823232,false,true,,,,poll30445305
Boundary County,County Clerk,ocd-division/country:us/state:id/county:boundary,Boundary County ID,http://www.boundarycountyid.org/,(208) 267-2242,gposton@boundarycountyid.org,,6452 Kootenai Street,,Bonners Ferry,ID,83805,9:00:00 - 07:00,17:00:00 - 07:00,10/24/16,10/28/16,no,no,,,57,"6452 Kootenai Street, Bonners Ferry, ID 83805",,09:00 AM - 05:00 PM,,ho3823232,false,true,,,,poll30445305
Boundary County,County Clerk,ocd-division/country:us/state:id/county:boundary,Boundary County ID,http://www.boundarycountyid.org/,(208) 267-2242,gposton@boundarycountyid.org,,6452 Kootenai Street,,Bonners Ferry,ID,83805,9:00:00 - 07:00,17:00:00 - 07:00,10/31/16,11/4/16,no,no,,,58,"6452 Kootenai Street, Bonners Ferry, ID 83805",,09:00 AM - 05:00 PM,,ho3823232,false,true,,,,poll30445305
Camas County,County Clerk,ocd-division/country:us/state:id/county:camas,Camas County ID,,(208) 764-2242,camasclerk@rtci.net,Camas County Clerk,501 Soldier Road,,Fairfield,ID,83327,8:30:00 - 06:00,17:00:00 - 06:00,9/22/16,9/23/16,,,,,59,"Camas County Clerk, 501 Soldier Road, Fairfield, ID 83327",,08:30 AM - 05:00 PM,,ho17928732,false,true,,,,poll38683800
Camas County,County Clerk,ocd-division/country:us/state:id/county:camas,Camas County ID,,(208) 764-2242,camasclerk@rtci.net,Camas County Clerk,501 Soldier Road,,Fairfield,ID,83327,8:30:00 - 06:00,17:00:00 - 06:00,9/26/16,9/30/16,,,,,60,"Camas County Clerk, 501 Soldier Road, Fairfield, ID 83327",,08:30 AM - 05:00 PM,,ho17928732,false,true,,,,poll38683800
Camas County,County Clerk,ocd-division/country:us/state:id/county:camas,Camas County ID,,(208) 764-2242,camasclerk@rtci.net,Camas County Clerk,501 Soldier Road,,Fairfield,ID,83327,8:30:00 - 06:00,17:00:00 - 06:00,10/3/16,10/7/16,,,,,61,"Camas County Clerk, 501 Soldier Road, Fairfield, ID 83327",,08:30 AM - 05:00 PM,,ho17928732,false,true,,,,poll38683800
Camas County,County Clerk,ocd-division/country:us/state:id/county:camas,Camas County ID,,(208) 764-2242,camasclerk@rtci.net,Camas County Clerk,501 Soldier Road,,Fairfield,ID,83327,8:30:00 - 06:00,17:00:00 - 06:00,10/10/16,10/14/16,,,,,62,"Camas County Clerk, 501 Soldier Road, Fairfield, ID 83327",,08:30 AM - 05:00 PM,,ho17928732,false,true,,,,poll38683800
Camas County,County Clerk,ocd-division/country:us/state:id/county:camas,Camas County ID,,(208) 764-2242,camasclerk@rtci.net,Camas County Clerk,501 Soldier Road,,Fairfield,ID,83327,8:30:00 - 06:00,17:00:00 - 06:00,10/17/16,10/21/16,,,,,63,"Camas County Clerk, 501 Soldier Road, Fairfield, ID 83327",,08:30 AM - 05:00 PM,,ho17928732,false,true,,,,poll38683800
Camas County,County Clerk,ocd-division/country:us/state:id/county:camas,Camas County ID,,(208) 764-2242,camasclerk@rtci.net,Camas County Clerk,501 Soldier Road,,Fairfield,ID,83327,8:30:00 - 06:00,17:00:00 - 06:00,10/24/16,10/28/16,,,,,64,"Camas County Clerk, 501 Soldier Road, Fairfield, ID 83327",,08:30 AM - 05:00 PM,,ho17928732,false,true,,,,poll38683800
Canyon County,County Clerk,ocd-division/country:us/state:id/county:canyon,Canyon County ID,http://www.canyoncounty.org/,(208) 454-7563,electionsclerk@canyonco.org,Canyon County Clerk,1102 E Chicago,,Caldwell,ID,83605-3522,8:00:00 - 06:00,17:00:00 - 06:00,10/11/16,10/14/16,no,no,,,65,"Canyon County Clerk, 1102 E Chicago, Caldwell, ID 83605",,08:00 AM - 05:00 PM,,ho91479590,false,true,,,,poll70049186
Canyon County,County Clerk,ocd-division/country:us/state:id/county:canyon,Canyon County ID,http://www.canyoncounty.org/,(208) 454-7563,electionsclerk@canyonco.org,Canyon County Clerk,1102 E Chicago,,Caldwell,ID,83605-3522,8:00:00 - 06:00,17:00:00 - 06:00,10/17/16,10/21/16,no,no,,,66,"Canyon County Clerk, 1102 E Chicago, Caldwell, ID 83605",,08:00 AM - 05:00 PM,,ho91479590,false,true,,,,poll70049186
Canyon County,County Clerk,ocd-division/country:us/state:id/county:canyon,Canyon County ID,http://www.canyoncounty.org/,(208) 454-7563,electionsclerk@canyonco.org,Canyon County Clerk,1102 E Chicago,,Caldwell,ID,83605-3522,8:00:00 - 06:00,17:00:00 - 06:00,10/24/16,10/28/16,no,no,,,67,"Canyon County Clerk, 1102 E Chicago, Caldwell, ID 83605",,08:00 AM - 05:00 PM,,ho91479590,false,true,,,,poll70049186
Canyon County,County Clerk,ocd-division/country:us/state:id/county:canyon,Canyon County ID,http://www.canyoncounty.org/,(208) 454-7563,electionsclerk@canyonco.org,Canyon County Clerk,1102 E Chicago,,Caldwell,ID,83605-3522,8:00:00 - 06:00,17:00:00 - 06:00,10/31/16,11/4/16,no,no,,,68,"Canyon County Clerk, 1102 E Chicago, Caldwell, ID 83605",,08:00 AM - 05:00 PM,,ho91479590,false,true,,,,poll70049186
Caribou County,County Clerk,ocd-division/country:us/state:id/county:caribou,Caribou County ID,,(208) 547-4324,"dhorsley@co.caribou.id.us, vmascarenas@co.caribou.id.us",Caribou County Recorder,159 S. Main St.,Room 202,Soda Springs,ID,83276,9:00:00 - 06:00,17:00:00 - 06:00,9/23/16,9/23/16,no,no,,,69,"Caribou County Recorder, 159 S. Main St., Room 202, Soda Springs, ID 83276",,09:00 AM - 05:00 PM,,ho12442255,false,true,,,,poll34164762
Caribou County,County Clerk,ocd-division/country:us/state:id/county:caribou,Caribou County ID,,(208) 547-4324,"dhorsley@co.caribou.id.us, vmascarenas@co.caribou.id.us",Caribou County Recorder,159 S. Main St.,Room 202,Soda Springs,ID,83276,9:00:00 - 06:00,17:00:00 - 06:00,9/26/16,9/30/16,no,no,,,70,"Caribou County Recorder, 159 S. Main St., Room 202, Soda Springs, ID 83276",,09:00 AM - 05:00 PM,,ho12442255,false,true,,,,poll34164762
Caribou County,County Clerk,ocd-division/country:us/state:id/county:caribou,Caribou County ID,,(208) 547-4324,"dhorsley@co.caribou.id.us, vmascarenas@co.caribou.id.us",Caribou County Recorder,159 S. Main St.,Room 202,Soda Springs,ID,83276,9:00:00 - 06:00,17:00:00 - 06:00,10/3/16,10/7/16,no,no,,,71,"Caribou County Recorder, 159 S. Main St., Room 202, Soda Springs, ID 83276",,09:00 AM - 05:00 PM,,ho12442255,false,true,,,,poll34164762
Caribou County,County Clerk,ocd-division/country:us/state:id/county:caribou,Caribou County ID,,(208) 547-4324,"dhorsley@co.caribou.id.us, vmascarenas@co.caribou.id.us",Caribou County Recorder,159 S. Main St.,Room 202,Soda Springs,ID,83276,9:00:00 - 06:00,17:00:00 - 06:00,10/11/16,10/14/16,no,no,,,72,"Caribou County Recorder, 159 S. Main St., Room 202, Soda Springs, ID 83276",,09:00 AM - 05:00 PM,,ho12442255,false,true,,,,poll34164762
Caribou County,County Clerk,ocd-division/country:us/state:id/county:caribou,Caribou County ID,,(208) 547-4324,"dhorsley@co.caribou.id.us, vmascarenas@co.caribou.id.us",Caribou County Recorder,159 S. Main St.,Room 202,Soda Springs,ID,83276,9:00:00 - 06:00,17:00:00 - 06:00,10/17/16,10/21/16,no,no,,,73,"Caribou County Recorder, 159 S. Main St., Room 202, Soda Springs, ID 83276",,09:00 AM - 05:00 PM,,ho12442255,false,true,,,,poll34164762
Caribou County,County Clerk,ocd-division/country:us/state:id/county:caribou,Caribou County ID,,(208) 547-4324,"dhorsley@co.caribou.id.us, vmascarenas@co.caribou.id.us",Caribou County Recorder,159 S. Main St.,Room 202,Soda Springs,ID,83276,9:00:00 - 06:00,17:00:00 - 06:00,10/24/16,10/28/16,no,no,,,74,"Caribou County Recorder, 159 S. Main St., Room 202, Soda Springs, ID 83276",,09:00 AM - 05:00 PM,,ho12442255,false,true,,,,poll34164762
Caribou County,County Clerk,ocd-division/country:us/state:id/county:caribou,Caribou County ID,,(208) 547-4324,"dhorsley@co.caribou.id.us, vmascarenas@co.caribou.id.us",Caribou County Recorder,159 S. Main St.,Room 202,Soda Springs,ID,83276,9:00:00 - 06:00,17:00:00 - 06:00,10/31/16,11/4/16,no,no,,,75,"Caribou County Recorder, 159 S. Main St., Room 202, Soda Springs, ID 83276",,09:00 AM - 05:00 PM,,ho12442255,false,true,,,,poll34164762
Cassia County,County Clerk,ocd-division/country:us/state:id/county:cassia,Cassia County ID,http://www.cassiacounty.org/,(208) 878-5240,vote@cassiacounty.org,Cassia County Recorder,1459 Overland Avenue,Room #105,Burley,ID,83318-1862,8:30:00 - 06:00,17:00:00 - 06:00,10/24/16,10/28/16,no,no,,,76,"Cassia County Recorder, 1459 Overland Avenue, Room #105, Burley, ID 83318",,08:30 AM - 05:00 PM,,ho71152449,false,true,,,,poll37184835
Cassia County,County Clerk,ocd-division/country:us/state:id/county:cassia,Cassia County ID,http://www.cassiacounty.org/,(208) 878-5240,vote@cassiacounty.org,Cassia County Recorder,1459 Overland Avenue,Room #105,Burley,ID,83318-1862,8:30:00 - 06:00,17:00:00 - 06:00,10/31/16,11/4/16,no,no,,,77,"Cassia County Recorder, 1459 Overland Avenue, Room #105, Burley, ID 83318",,08:30 AM - 05:00 PM,,ho71152449,false,true,,,,poll37184835
Clark County,County Clerk,ocd-division/country:us/state:id/county:clark,Clark County ID,,(208) 374-5304,clerk5c@mudlake.net,,204 W Main St,,Dubois,ID,83423,9:00:00 - 06:00,17:00:00 - 06:00,9/23/16,9/23/16,no,no,,,78,"204 W Main St, Dubois, ID 83423",,09:00 AM - 05:00 PM,,ho72919498,false,true,,,,poll31552388
Clark County,County Clerk,ocd-division/country:us/state:id/county:clark,Clark County ID,,(208) 374-5304,clerk5c@mudlake.net,,204 W Main St,,Dubois,ID,83423,9:00:00 - 06:00,17:00:00 - 06:00,9/26/16,9/30/16,no,no,,,79,"204 W Main St, Dubois, ID 83423",,09:00 AM - 05:00 PM,,ho72919498,false,true,,,,poll31552388
Clark County,County Clerk,ocd-division/country:us/state:id/county:clark,Clark County ID,,(208) 374-5304,clerk5c@mudlake.net,,204 W Main St,,Dubois,ID,83423,9:00:00 - 06:00,17:00:00 - 06:00,10/3/16,10/7/16,no,no,,,80,"204 W Main St, Dubois, ID 83423",,09:00 AM - 05:00 PM,,ho72919498,false,true,,,,poll31552388
Clark County,County Clerk,ocd-division/country:us/state:id/county:clark,Clark County ID,,(208) 374-5304,clerk5c@mudlake.net,,204 W Main St,,Dubois,ID,83423,9:00:00 - 06:00,17:00:00 - 06:00,10/11/16,10/14/16,no,no,,,81,"204 W Main St, Dubois, ID 83423",,09:00 AM - 05:00 PM,,ho72919498,false,true,,,,poll31552388
Clark County,County Clerk,ocd-division/country:us/state:id/county:clark,Clark County ID,,(208) 374-5304,clerk5c@mudlake.net,,204 W Main St,,Dubois,ID,83423,9:00:00 - 06:00,17:00:00 - 06:00,10/17/16,10/21/16,no,no,,,82,"204 W Main St, Dubois, ID 83423",,09:00 AM - 05:00 PM,,ho72919498,false,true,,,,poll31552388
Clark County,County Clerk,ocd-division/country:us/state:id/county:clark,Clark County ID,,(208) 374-5304,clerk5c@mudlake.net,,204 W Main St,,Dubois,ID,83423,9:00:00 - 06:00,17:00:00 - 06:00,10/24/16,10/28/16,no,no,,,83,"204 W Main St, Dubois, ID 83423",,09:00 AM - 05:00 PM,,ho72919498,false,true,,,,poll31552388
Clark County,County Clerk,ocd-division/country:us/state:id/county:clark,Clark County ID,,(208) 374-5304,clerk5c@mudlake.net,,204 W Main St,,Dubois,ID,83423,9:00:00 - 06:00,17:00:00 - 06:00,10/31/16,11/4/16,no,no,,,84,"204 W Main St, Dubois, ID 83423",,09:00 AM - 05:00 PM,,ho72919498,false,true,,,,poll31552388
Clearwater County,County Clerk,ocd-division/country:us/state:id/county:clearwater,Clearwater County ID,http://www.clearwatercounty.org/,(208) 476-5615,vote@clearwatercounty.org,Clearwater County Courthouse,150 Michigan Avenue,,Orofino,ID,83544,8:00:00 - 07:00,17:00:00 - 07:00,9/26/16,9/30/16,no,no,,,85,"Clearwater County Courthouse, 150 Michigan Avenue, Orofino, ID 83544",,08:00 AM - 05:00 PM,,ho78039533,false,true,,,,poll28453474
Clearwater County,County Clerk,ocd-division/country:us/state:id/county:clearwater,Clearwater County ID,http://www.clearwatercounty.org/,(208) 476-5615,vote@clearwatercounty.org,Clearwater County Courthouse,150 Michigan Avenue,,Orofino,ID,83544,8:00:00 - 07:00,17:00:00 - 07:00,10/3/16,10/7/16,no,no,,,86,"Clearwater County Courthouse, 150 Michigan Avenue, Orofino, ID 83544",,08:00 AM - 05:00 PM,,ho78039533,false,true,,,,poll28453474
Clearwater County,County Clerk,ocd-division/country:us/state:id/county:clearwater,Clearwater County ID,http://www.clearwatercounty.org/,(208) 476-5615,vote@clearwatercounty.org,Clearwater County Courthouse,150 Michigan Avenue,,Orofino,ID,83544,8:00:00 - 07:00,17:00:00 - 07:00,10/11/16,10/14/16,no,no,,,87,"Clearwater County Courthouse, 150 Michigan Avenue, Orofino, ID 83544",,08:00 AM - 05:00 PM,,ho78039533,false,true,,,,poll28453474
Clearwater County,County Clerk,ocd-division/country:us/state:id/county:clearwater,Clearwater County ID,http://www.clearwatercounty.org/,(208) 476-5615,vote@clearwatercounty.org,Clearwater County Courthouse,150 Michigan Avenue,,Orofino,ID,83544,8:00:00 - 07:00,17:00:00 - 07:00,10/17/16,10/21/16,no,no,,,88,"Clearwater County Courthouse, 150 Michigan Avenue, Orofino, ID 83544",,08:00 AM - 05:00 PM,,ho78039533,false,true,,,,poll28453474
Clearwater County,County Clerk,ocd-division/country:us/state:id/county:clearwater,Clearwater County ID,http://www.clearwatercounty.org/,(208) 476-5615,vote@clearwatercounty.org,Clearwater County Courthouse,150 Michigan Avenue,,Orofino,ID,83544,8:00:00 - 07:00,17:00:00 - 07:00,10/24/16,10/28/16,no,no,,,89,"Clearwater County Courthouse, 150 Michigan Avenue, Orofino, ID 83544",,08:00 AM - 05:00 PM,,ho78039533,false,true,,,,poll28453474
Clearwater County,County Clerk,ocd-division/country:us/state:id/county:clearwater,Clearwater County ID,http://www.clearwatercounty.org/,(208) 476-5615,vote@clearwatercounty.org,Clearwater County Courthouse,150 Michigan Avenue,,Orofino,ID,83544,8:00:00 - 07:00,17:00:00 - 07:00,10/31/16,11/4/16,no,no,,,90,"Clearwater County Courthouse, 150 Michigan Avenue, Orofino, ID 83544",,08:00 AM - 05:00 PM,,ho78039533,false,true,,,,poll28453474
Custer County,County Clerk,ocd-division/country:us/state:id/county:custer,Custer County ID,http://www.co.custer.id.us/,(208) 879-2360,lbaker@co.custer.id.us,Custer County Court House,801 E. Main Ave.,,Challis,ID,83226-0385,8:00:00 - 06:00,17:00:00 - 06:00,9/23/16,9/23/16,no,no,,,91,"Custer County Court House, 801 E. Main Ave., Challis, ID 83226",,08:00 AM - 05:00 PM,,ho78260381,false,true,,,,poll35958962
Custer County,County Clerk,ocd-division/country:us/state:id/county:custer,Custer County ID,http://www.co.custer.id.us/,(208) 879-2360,lbaker@co.custer.id.us,Custer County Court House,801 E. Main Ave.,,Challis,ID,83226-0385,8:00:00 - 06:00,17:00:00 - 06:00,9/26/16,9/30/16,no,no,,,92,"Custer County Court House, 801 E. Main Ave., Challis, ID 83226",,08:00 AM - 05:00 PM,,ho78260381,false,true,,,,poll35958962
Custer County,County Clerk,ocd-division/country:us/state:id/county:custer,Custer County ID,http://www.co.custer.id.us/,(208) 879-2360,lbaker@co.custer.id.us,Custer County Court House,801 E. Main Ave.,,Challis,ID,83226-0385,8:00:00 - 06:00,17:00:00 - 06:00,10/3/16,10/7/16,no,no,,,93,"Custer County Court House, 801 E. Main Ave., Challis, ID 83226",,08:00 AM - 05:00 PM,,ho78260381,false,true,,,,poll35958962
Custer County,County Clerk,ocd-division/country:us/state:id/county:custer,Custer County ID,http://www.co.custer.id.us/,(208) 879-2360,lbaker@co.custer.id.us,Custer County Court House,801 E. Main Ave.,,Challis,ID,83226-0385,8:00:00 - 06:00,17:00:00 - 06:00,10/11/16,10/14/16,no,no,,,94,"Custer County Court House, 801 E. Main Ave., Challis, ID 83226",,08:00 AM - 05:00 PM,,ho78260381,false,true,,,,poll35958962
Custer County,County Clerk,ocd-division/country:us/state:id/county:custer,Custer County ID,http://www.co.custer.id.us/,(208) 879-2360,lbaker@co.custer.id.us,Custer County Court House,801 E. Main Ave.,,Challis,ID,83226-0385,8:00:00 - 06:00,17:00:00 - 06:00,10/17/16,10/21/16,no,no,,,95,"Custer County Court House, 801 E. Main Ave., Challis, ID 83226",,08:00 AM - 05:00 PM,,ho78260381,false,true,,,,poll35958962
Custer County,County Clerk,ocd-division/country:us/state:id/county:custer,Custer County ID,http://www.co.custer.id.us/,(208) 879-2360,lbaker@co.custer.id.us,Custer County Court House,801 E. Main Ave.,,Challis,ID,83226-0385,8:00:00 - 06:00,17:00:00 - 06:00,10/24/16,10/28/16,no,no,,,96,"Custer County Court House, 801 E. Main Ave., Challis, ID 83226",,08:00 AM - 05:00 PM,,ho78260381,false,true,,,,poll35958962
Custer County,County Clerk,ocd-division/country:us/state:id/county:custer,Custer County ID,http://www.co.custer.id.us/,(208) 879-2360,lbaker@co.custer.id.us,Custer County Court House,801 E. Main Ave.,,Challis,ID,83226-0385,8:00:00 - 06:00,17:00:00 - 06:00,10/31/16,11/4/16,no,no,,,97,"Custer County Court House, 801 E. Main Ave., Challis, ID 83226",,08:00 AM - 05:00 PM,,ho78260381,false,true,,,,poll35958962
Elmore County,County Clerk,ocd-division/country:us/state:id/county:elmore,Elmore County ID,http://www.elmorecounty.org/,(208) 587-2131,vgarcia@elmorecounty.org,Elmore County Recorder,150 S 4th E,#3,Mountain Home,ID,83647-3000,9:00:00 - 06:00,17:00:00 - 06:00,10/17/16,10/21/16,no,no,,,98,"Elmore County Recorder, 150 S 4th E, #3, Mountain Home, ID 83647",,09:00 AM - 05:00 PM,,ho99340021,false,true,,,,poll55169624
Elmore County,County Clerk,ocd-division/country:us/state:id/county:elmore,Elmore County ID,http://www.elmorecounty.org/,(208) 587-2131,vgarcia@elmorecounty.org,Elmore County Recorder,150 S 4th E,#3,Mountain Home,ID,83647-3000,9:00:00 - 06:00,17:00:00 - 06:00,10/24/16,10/28/16,no,no,,,99,"Elmore County Recorder, 150 S 4th E, #3, Mountain Home, ID 83647",,09:00 AM - 05:00 PM,,ho99340021,false,true,,,,poll55169624
Elmore County,County Clerk,ocd-division/country:us/state:id/county:elmore,Elmore County ID,http://www.elmorecounty.org/,(208) 587-2131,vgarcia@elmorecounty.org,Elmore County Recorder,150 S 4th E,#3,Mountain Home,ID,83647-3000,9:00:00 - 06:00,17:00:00 - 06:00,10/31/16,11/4/16,no,no,,,100,"Elmore County Recorder, 150 S 4th E, #3, Mountain Home, ID 83647",,09:00 AM - 05:00 PM,,ho99340021,false,true,,,,poll55169624
Franklin County,County Clerk,ocd-division/country:us/state:id/county:franklin,Franklin County ID,http://www.franklincountyidaho.org/,(208) 852-1090,camille@plmw.com,,39 W Oneida,,Preston,ID,83263-1232,9:00:00 - 06:00,17:00:00 - 06:00,9/23/16,9/23/16,no,no,,,101,"39 W Oneida, Preston, ID 83263",,09:00 AM - 05:00 PM,,ho39946432,false,true,,,,poll53053018
Franklin County,County Clerk,ocd-division/country:us/state:id/county:franklin,Franklin County ID,http://www.franklincountyidaho.org/,(208) 852-1090,camille@plmw.com,,39 W Oneida,,Preston,ID,83263-1232,9:00:00 - 06:00,17:00:00 - 06:00,9/26/16,9/30/16,no,no,,,102,"39 W Oneida, Preston, ID 83263",,09:00 AM - 05:00 PM,,ho39946432,false,true,,,,poll53053018
Franklin County,County Clerk,ocd-division/country:us/state:id/county:franklin,Franklin County ID,http://www.franklincountyidaho.org/,(208) 852-1090,camille@plmw.com,,39 W Oneida,,Preston,ID,83263-1232,9:00:00 - 06:00,17:00:00 - 06:00,10/3/16,10/7/16,no,no,,,103,"39 W Oneida, Preston, ID 83263",,09:00 AM - 05:00 PM,,ho39946432,false,true,,,,poll53053018
Franklin County,County Clerk,ocd-division/country:us/state:id/county:franklin,Franklin County ID,http://www.franklincountyidaho.org/,(208) 852-1090,camille@plmw.com,,39 W Oneida,,Preston,ID,83263-1232,9:00:00 - 06:00,17:00:00 - 06:00,10/11/16,10/14/16,no,no,,,104,"39 W Oneida, Preston, ID 83263",,09:00 AM - 05:00 PM,,ho39946432,false,true,,,,poll53053018
Franklin County,County Clerk,ocd-division/country:us/state:id/county:franklin,Franklin County ID,http://www.franklincountyidaho.org/,(208) 852-1090,camille@plmw.com,,39 W Oneida,,Preston,ID,83263-1232,9:00:00 - 06:00,17:00:00 - 06:00,10/17/16,10/21/16,no,no,,,105,"39 W Oneida, Preston, ID 83263",,09:00 AM - 05:00 PM,,ho39946432,false,true,,,,poll53053018
Franklin County,County Clerk,ocd-division/country:us/state:id/county:franklin,Franklin County ID,http://www.franklincountyidaho.org/,(208) 852-1090,camille@plmw.com,,39 W Oneida,,Preston,ID,83263-1232,9:00:00 - 06:00,17:00:00 - 06:00,10/24/16,10/28/16,no,no,,,106,"39 W Oneida, Preston, ID 83263",,09:00 AM - 05:00 PM,,ho39946432,false,true,,,,poll53053018
Franklin County,County Clerk,ocd-division/country:us/state:id/county:franklin,Franklin County ID,http://www.franklincountyidaho.org/,(208) 852-1090,camille@plmw.com,,39 W Oneida,,Preston,ID,83263-1232,9:00:00 - 06:00,17:00:00 - 06:00,10/31/16,11/4/16,no,no,,,107,"39 W Oneida, Preston, ID 83263",,09:00 AM - 05:00 PM,,ho39946432,false,true,,,,poll53053018
Fremont County,County Clerk,ocd-division/country:us/state:id/county:fremont,Fremont County ID,http://www.co.fremont.id.us/,(208) 624-7332,llewis@co.fremont.id.us,Fremont County Courthouse,151 W 1st N,Room 12,St Anthony,ID,83445-1548,8:00:00 - 06:00,17:00:00 - 06:00,9/23/16,9/23/16,no,no,,,108,"Fremont County Courthouse, 151 W 1st N, Room 12, St Anthony, ID 83445",,08:00 AM - 05:00 PM,,ho80745224,false,true,,,,poll77190168
Fremont County,County Clerk,ocd-division/country:us/state:id/county:fremont,Fremont County ID,http://www.co.fremont.id.us/,(208) 624-7332,llewis@co.fremont.id.us,Fremont County Courthouse,151 W 1st N,Room 12,St Anthony,ID,83445-1548,8:00:00 - 06:00,17:00:00 - 06:00,9/26/16,9/30/16,no,no,,,109,"Fremont County Courthouse, 151 W 1st N, Room 12, St Anthony, ID 83445",,08:00 AM - 05:00 PM,,ho80745224,false,true,,,,poll77190168
Fremont County,County Clerk,ocd-division/country:us/state:id/county:fremont,Fremont County ID,http://www.co.fremont.id.us/,(208) 624-7332,llewis@co.fremont.id.us,Fremont County Courthouse,151 W 1st N,Room 12,St Anthony,ID,83445-1548,8:00:00 - 06:00,17:00:00 - 06:00,10/3/16,10/7/16,no,no,,,110,"Fremont County Courthouse, 151 W 1st N, Room 12, St Anthony, ID 83445",,08:00 AM - 05:00 PM,,ho80745224,false,true,,,,poll77190168
Fremont County,County Clerk,ocd-division/country:us/state:id/county:fremont,Fremont County ID,http://www.co.fremont.id.us/,(208) 624-7332,llewis@co.fremont.id.us,Fremont County Courthouse,151 W 1st N,Room 12,St Anthony,ID,83445-1548,8:00:00 - 06:00,17:00:00 - 06:00,10/11/16,10/14/16,no,no,,,111,"Fremont County Courthouse, 151 W 1st N, Room 12, St Anthony, ID 83445",,08:00 AM - 05:00 PM,,ho80745224,false,true,,,,poll77190168
Fremont County,County Clerk,ocd-division/country:us/state:id/county:fremont,Fremont County ID,http://www.co.fremont.id.us/,(208) 624-7332,llewis@co.fremont.id.us,Fremont County Courthouse,151 W 1st N,Room 12,St Anthony,ID,83445-1548,8:00:00 - 06:00,17:00:00 - 06:00,10/17/16,10/21/16,no,no,,,112,"Fremont County Courthouse, 151 W 1st N, Room 12, St Anthony, ID 83445",,08:00 AM - 05:00 PM,,ho80745224,false,true,,,,poll77190168
Fremont County,County Clerk,ocd-division/country:us/state:id/county:fremont,Fremont County ID,http://www.co.fremont.id.us/,(208) 624-7332,llewis@co.fremont.id.us,Fremont County Courthouse,151 W 1st N,Room 12,St Anthony,ID,83445-1548,8:00:00 - 06:00,17:00:00 - 06:00,10/24/16,10/28/16,no,no,,,113,"Fremont County Courthouse, 151 W 1st N, Room 12, St Anthony, ID 83445",,08:00 AM - 05:00 PM,,ho80745224,false,true,,,,poll77190168
Fremont County,County Clerk,ocd-division/country:us/state:id/county:fremont,Fremont County ID,http://www.co.fremont.id.us/,(208) 624-7332,llewis@co.fremont.id.us,Fremont County Courthouse,151 W 1st N,Room 12,St Anthony,ID,83445-1548,8:00:00 - 06:00,17:00:00 - 06:00,10/31/16,11/4/16,no,no,,,114,"Fremont County Courthouse, 151 W 1st N, Room 12, St Anthony, ID 83445",,08:00 AM - 05:00 PM,,ho80745224,false,true,,,,poll77190168
Gem County,County Clerk,ocd-division/country:us/state:id/county:gem,Gem County ID,http://www.co.gem.id.us/,(208) 365-4561,elections@co.gem.id.us,Gem County Clerk,415 E Main,Room 202,Emmett,ID,83617-3096,8:00:00 - 06:00,17:00:00 - 06:00,9/23/16,9/23/16,no,no,,,115,"Gem County Clerk, 415 E Main, Room 202, Emmett, ID 83617",,08:00 AM - 05:00 PM,,ho3150129,false,true,,,,poll66492024
Gem County,County Clerk,ocd-division/country:us/state:id/county:gem,Gem County ID,http://www.co.gem.id.us/,(208) 365-4561,elections@co.gem.id.us,Gem County Clerk,415 E Main,Room 202,Emmett,ID,83617-3096,8:00:00 - 06:00,17:00:00 - 06:00,9/26/16,9/30/16,no,no,,,116,"Gem County Clerk, 415 E Main, Room 202, Emmett, ID 83617",,08:00 AM - 05:00 PM,,ho3150129,false,true,,,,poll66492024
Gem County,County Clerk,ocd-division/country:us/state:id/county:gem,Gem County ID,http://www.co.gem.id.us/,(208) 365-4561,elections@co.gem.id.us,Gem County Clerk,415 E Main,Room 202,Emmett,ID,83617-3096,8:00:00 - 06:00,17:00:00 - 06:00,10/3/16,10/7/16,no,no,,,117,"Gem County Clerk, 415 E Main, Room 202, Emmett, ID 83617",,08:00 AM - 05:00 PM,,ho3150129,false,true,,,,poll66492024
Gem County,County Clerk,ocd-division/country:us/state:id/county:gem,Gem County ID,http://www.co.gem.id.us/,(208) 365-4561,elections@co.gem.id.us,Gem County Clerk,415 E Main,Room 202,Emmett,ID,83617-3096,8:00:00 - 06:00,17:00:00 - 06:00,10/11/16,10/14/16,no,no,,,118,"Gem County Clerk, 415 E Main, Room 202, Emmett, ID 83617",,08:00 AM - 05:00 PM,,ho3150129,false,true,,,,poll66492024
Gem County,County Clerk,ocd-division/country:us/state:id/county:gem,Gem County ID,http://www.co.gem.id.us/,(208) 365-4561,elections@co.gem.id.us,Gem County Clerk,415 E Main,Room 202,Emmett,ID,83617-3096,8:00:00 - 06:00,17:00:00 - 06:00,10/17/16,11/4/16,no,no,,,119,"Gem County Clerk, 415 E Main, Room 202, Emmett, ID 83617",,08:00 AM - 05:00 PM,,ho3150129,false,true,,,,poll66492024
Gem County,County Clerk,ocd-division/country:us/state:id/county:gem,Gem County ID,http://www.co.gem.id.us/,(208) 365-4561,elections@co.gem.id.us,Gem County Clerk,415 E Main,Room 202,Emmett,ID,83617-3096,8:00:00 - 06:00,17:00:00 - 06:00,10/24/16,10/28/16,no,no,,,120,"Gem County Clerk, 415 E Main, Room 202, Emmett, ID 83617",,08:00 AM - 05:00 PM,,ho3150129,false,true,,,,poll66492024
Gem County,County Clerk,ocd-division/country:us/state:id/county:gem,Gem County ID,http://www.co.gem.id.us/,(208) 365-4561,elections@co.gem.id.us,Gem County Clerk,415 E Main,Room 202,Emmett,ID,83617-3096,8:00:00 - 06:00,17:00:00 - 06:00,10/31/16,11/4/16,no,no,,,121,"Gem County Clerk, 415 E Main, Room 202, Emmett, ID 83617",,08:00 AM - 05:00 PM,,ho3150129,false,true,,,,poll66492024
Gooding County,County Clerk,ocd-division/country:us/state:id/county:gooding,Gooding County ID,http://www.goodingcounty.org/,(208) 934-4841,jfuqua@co.gooding.id.us,Gooding County Courthouse,624 Main St,,Gooding,ID,83330,8:00:00 - 06:00,17:00:00 - 06:00,10/17/16,10/21/16,no,no,,,122,"Gooding County Courthouse, 624 Main St, Gooding, ID 83330",,08:00 AM - 05:00 PM,,ho26848295,false,true,,,,poll26408402
Gooding County,County Clerk,ocd-division/country:us/state:id/county:gooding,Gooding County ID,http://www.goodingcounty.org/,(208) 934-4841,jfuqua@co.gooding.id.us,Gooding County Courthouse,624 Main St,,Gooding,ID,83330,8:00:00 - 06:00,17:00:00 - 06:00,10/24/16,10/28/16,no,no,,,123,"Gooding County Courthouse, 624 Main St, Gooding, ID 83330",,08:00 AM - 05:00 PM,,ho26848295,false,true,,,,poll26408402
Gooding County,County Clerk,ocd-division/country:us/state:id/county:gooding,Gooding County ID,http://www.goodingcounty.org/,(208) 934-4841,jfuqua@co.gooding.id.us,Gooding County Courthouse,624 Main St,,Gooding,ID,83330,8:00:00 - 06:00,17:00:00 - 06:00,10/31/16,11/4/16,no,no,,,124,"Gooding County Courthouse, 624 Main St, Gooding, ID 83330",,08:00 AM - 05:00 PM,,ho26848295,false,true,,,,poll26408402
Idaho County,County Clerk,ocd-division/country:us/state:id/county:idaho,Idaho County ID,http://www.idahocounty.org/,(208) 983-2751,kackerman@idahocounty.org,Idaho County Recorder,320 W Main,Room 5,Grangeville,ID,83530-1948,8:30:00 - 07:00,17:00:00 - 07:00,9/26/16,9/30/16,no,no,,,125,"Idaho County Recorder, 320 W Main, Room 5, Grangeville, ID 83530",,08:30 AM - 05:00 PM,,ho80421618,false,true,,,,poll56284943
Idaho County,County Clerk,ocd-division/country:us/state:id/county:idaho,Idaho County ID,http://www.idahocounty.org/,(208) 983-2751,kackerman@idahocounty.org,Idaho County Recorder,320 W Main,Room 5,Grangeville,ID,83530-1948,8:30:00 - 07:00,17:00:00 - 07:00,10/3/16,10/7/16,no,no,,,126,"Idaho County Recorder, 320 W Main, Room 5, Grangeville, ID 83530",,08:30 AM - 05:00 PM,,ho80421618,false,true,,,,poll56284943
Idaho County,County Clerk,ocd-division/country:us/state:id/county:idaho,Idaho County ID,http://www.idahocounty.org/,(208) 983-2751,kackerman@idahocounty.org,Idaho County Recorder,320 W Main,Room 5,Grangeville,ID,83530-1948,8:30:00 - 07:00,17:00:00 - 07:00,10/11/16,10/14/16,no,no,,,127,"Idaho County Recorder, 320 W Main, Room 5, Grangeville, ID 83530",,08:30 AM - 05:00 PM,,ho80421618,false,true,,,,poll56284943
Idaho County,County Clerk,ocd-division/country:us/state:id/county:idaho,Idaho County ID,http://www.idahocounty.org/,(208) 983-2751,kackerman@idahocounty.org,Idaho County Recorder,320 W Main,Room 5,Grangeville,ID,83530-1948,8:30:00 - 07:00,17:00:00 - 07:00,10/17/16,10/21/16,no,no,,,128,"Idaho County Recorder, 320 W Main, Room 5, Grangeville, ID 83530",,08:30 AM - 05:00 PM,,ho80421618,false,true,,,,poll56284943
Idaho County,County Clerk,ocd-division/country:us/state:id/county:idaho,Idaho County ID,http://www.idahocounty.org/,(208) 983-2751,kackerman@idahocounty.org,Idaho County Recorder,320 W Main,Room 5,Grangeville,ID,83530-1948,8:30:00 - 07:00,17:00:00 - 07:00,10/24/16,10/28/16,no,no,,,129,"Idaho County Recorder, 320 W Main, Room 5, Grangeville, ID 83530",,08:30 AM - 05:00 PM,,ho80421618,false,true,,,,poll56284943
Idaho County,County Clerk,ocd-division/country:us/state:id/county:idaho,Idaho County ID,http://www.idahocounty.org/,(208) 983-2751,kackerman@idahocounty.org,Idaho County Recorder,320 W Main,Room 5,Grangeville,ID,83530-1948,8:30:00 - 07:00,17:00:00 - 07:00,10/31/16,11/4/16,no,no,,,130,"Idaho County Recorder, 320 W Main, Room 5, Grangeville, ID 83530",,08:30 AM - 05:00 PM,,ho80421618,false,true,,,,poll56284943
Jefferson County,County Clerk,ocd-division/country:us/state:id/county:jefferson,Jefferson County ID,http://www.co.jefferson.id.us/,(208) 745-7756,,Jefferson County Recorder,210 Courthouse Way,Suite 100,Rigby,ID,83442,9:00:00 - 06:00,17:00:00 - 06:00,10/3/16,10/7/16,no,no,,,131,"Jefferson County Recorder, 210 Courthouse Way, Suite 100, Rigby, ID 83442",,09:00 AM - 05:00 PM,,ho55139136,false,true,,,,poll33596476
Jefferson County,County Clerk,ocd-division/country:us/state:id/county:jefferson,Jefferson County ID,http://www.co.jefferson.id.us/,(208) 745-7756,,Jefferson County Recorder,210 Courthouse Way,Suite 100,Rigby,ID,83442,9:00:00 - 06:00,17:00:00 - 06:00,10/11/16,10/14/16,no,no,,,132,"Jefferson County Recorder, 210 Courthouse Way, Suite 100, Rigby, ID 83442",,09:00 AM - 05:00 PM,,ho55139136,false,true,,,,poll33596476
Jefferson County,County Clerk,ocd-division/country:us/state:id/county:jefferson,Jefferson County ID,http://www.co.jefferson.id.us/,(208) 745-7756,,Jefferson County Recorder,210 Courthouse Way,Suite 100,Rigby,ID,83442,9:00:00 - 06:00,17:00:00 - 06:00,10/17/16,10/21/16,no,no,,,133,"Jefferson County Recorder, 210 Courthouse Way, Suite 100, Rigby, ID 83442",,09:00 AM - 05:00 PM,,ho55139136,false,true,,,,poll33596476
Jefferson County,County Clerk,ocd-division/country:us/state:id/county:jefferson,Jefferson County ID,http://www.co.jefferson.id.us/,(208) 745-7756,,Jefferson County Recorder,210 Courthouse Way,Suite 100,Rigby,ID,83442,9:00:00 - 06:00,17:00:00 - 06:00,10/24/16,10/28/16,no,no,,,134,"Jefferson County Recorder, 210 Courthouse Way, Suite 100, Rigby, ID 83442",,09:00 AM - 05:00 PM,,ho55139136,false,true,,,,poll33596476
Jefferson County,County Clerk,ocd-division/country:us/state:id/county:jefferson,Jefferson County ID,http://www.co.jefferson.id.us/,(208) 745-7756,,Jefferson County Recorder,210 Courthouse Way,Suite 100,Rigby,ID,83442,9:00:00 - 06:00,17:00:00 - 06:00,10/31/16,11/4/16,no,no,,,135,"Jefferson County Recorder, 210 Courthouse Way, Suite 100, Rigby, ID 83442",,09:00 AM - 05:00 PM,,ho55139136,false,true,,,,poll33596476
Jerome County,County Clerk,ocd-division/country:us/state:id/county:jerome,Jerome County ID,http://www.jeromecountyid.us/,(208) 644-2714,memerson@co.jerome.id.us,,300 N Lincoln,Room 301,Jerome,ID,83338-2344,8:30:00 - 06:00,17:00:00 - 06:00,10/17/16,10/21/16,no,no,,,136,"300 N Lincoln, Room 301, Jerome, ID 83338",,08:30 AM - 05:00 PM,,ho78797778,false,true,,,,poll73282676
Jerome County,County Clerk,ocd-division/country:us/state:id/county:jerome,Jerome County ID,http://www.jeromecountyid.us/,(208) 644-2714,memerson@co.jerome.id.us,,300 N Lincoln,Room 301,Jerome,ID,83338-2344,8:30:00 - 06:00,17:00:00 - 06:00,10/24/16,10/28/16,no,no,,,137,"300 N Lincoln, Room 301, Jerome, ID 83338",,08:30 AM - 05:00 PM,,ho78797778,false,true,,,,poll73282676
Jerome County,County Clerk,ocd-division/country:us/state:id/county:jerome,Jerome County ID,http://www.jeromecountyid.us/,(208) 644-2714,memerson@co.jerome.id.us,,300 N Lincoln,Room 301,Jerome,ID,83338-2344,8:30:00 - 06:00,17:00:00 - 06:00,10/31/16,11/4/16,no,no,,,138,"300 N Lincoln, Room 301, Jerome, ID 83338",,08:30 AM - 05:00 PM,,ho78797778,false,true,,,,poll73282676
Kootenai County,County Clerk,ocd-division/country:us/state:id/county:kootenai,Kootenai County ID,http://www.kcgov.us/,(208) 446-1030,kcelections@kcgov.us,,1808 N 3rd Street,,Coeur d'Alene,ID,83816-9000,8:00:00 - 07:00,17:00:00 - 07:00,10/17/16,10/21/16,no,no,,,139,"1808 N 3rd Street, Coeur d'Alene, ID 83816",,08:00 AM - 05:00 PM,,ho58022017,false,true,,,,poll76548461
Kootenai County,County Clerk,ocd-division/country:us/state:id/county:kootenai,Kootenai County ID,http://www.kcgov.us/,(208) 446-1030,kcelections@kcgov.us,,1808 N 3rd Street,,Coeur d'Alene,ID,83816-9000,8:00:00 - 07:00,17:00:00 - 07:00,10/24/16,10/28/16,no,no,,,140,"1808 N 3rd Street, Coeur d'Alene, ID 83816",,08:00 AM - 05:00 PM,,ho58022017,false,true,,,,poll76548461
Kootenai County,County Clerk,ocd-division/country:us/state:id/county:kootenai,Kootenai County ID,http://www.kcgov.us/,(208) 446-1030,kcelections@kcgov.us,,1808 N 3rd Street,,Coeur d'Alene,ID,83816-9000,8:00:00 - 07:00,17:00:00 - 07:00,10/31/16,11/4/16,no,no,,,141,"1808 N 3rd Street, Coeur d'Alene, ID 83816",,08:00 AM - 05:00 PM,,ho58022017,false,true,,,,poll76548461
Latah County,County Clerk,ocd-division/country:us/state:id/county:latah,Latah County ID,http://www.latah.id.us/,(208) 883-2249,elections@latah.id.us,Latah County Courthouse,"522 South Adams,",Room 101,Moscow,ID,83843,8:00:00 - 07:00,17:00:00 - 07:00,9/26/16,9/30/16,no,no,,,142,"Latah County Courthouse, 522 South Adams,, Room 101, Moscow, ID 83843",,08:00 AM - 05:00 PM,,ho8921304,false,true,,,,poll52103576
Latah County,County Clerk,ocd-division/country:us/state:id/county:latah,Latah County ID,http://www.latah.id.us/,(208) 883-2249,elections@latah.id.us,Latah County Courthouse,"522 South Adams,",Room 101,Moscow,ID,83843,8:00:00 - 07:00,17:00:00 - 07:00,10/3/16,10/7/16,no,no,,,143,"Latah County Courthouse, 522 South Adams,, Room 101, Moscow, ID 83843",,08:00 AM - 05:00 PM,,ho8921304,false,true,,,,poll52103576
Latah County,County Clerk,ocd-division/country:us/state:id/county:latah,Latah County ID,http://www.latah.id.us/,(208) 883-2249,elections@latah.id.us,Latah County Courthouse,"522 South Adams,",Room 101,Moscow,ID,83843,8:00:00 - 07:00,17:00:00 - 07:00,10/11/16,10/14/16,no,no,,,144,"Latah County Courthouse, 522 South Adams,, Room 101, Moscow, ID 83843",,08:00 AM - 05:00 PM,,ho8921304,false,true,,,,poll52103576
Latah County,County Clerk,ocd-division/country:us/state:id/county:latah,Latah County ID,http://www.latah.id.us/,(208) 883-2249,elections@latah.id.us,Latah County Courthouse,"522 South Adams,",Room 101,Moscow,ID,83843,8:00:00 - 07:00,17:00:00 - 07:00,10/17/16,10/21/16,no,no,,,145,"Latah County Courthouse, 522 South Adams,, Room 101, Moscow, ID 83843",,08:00 AM - 05:00 PM,,ho8921304,false,true,,,,poll52103576
Latah County,County Clerk,ocd-division/country:us/state:id/county:latah,Latah County ID,http://www.latah.id.us/,(208) 883-2249,elections@latah.id.us,Latah County Courthouse,"522 South Adams,",Room 101,Moscow,ID,83843,8:00:00 - 07:00,17:00:00 - 07:00,10/24/16,10/28/16,no,no,,,146,"Latah County Courthouse, 522 South Adams,, Room 101, Moscow, ID 83843",,08:00 AM - 05:00 PM,,ho8921304,false,true,,,,poll52103576
Latah County,County Clerk,ocd-division/country:us/state:id/county:latah,Latah County ID,http://www.latah.id.us/,(208) 883-2249,elections@latah.id.us,Latah County Courthouse,"522 South Adams,",Room 101,Moscow,ID,83843,8:00:00 - 07:00,17:00:00 - 07:00,10/31/16,11/4/16,no,no,,,147,"Latah County Courthouse, 522 South Adams,, Room 101, Moscow, ID 83843",,08:00 AM - 05:00 PM,,ho8921304,false,true,,,,poll52103576
Lemhi County,County Clerk,ocd-division/country:us/state:id/county:lemhi,Lemhi County ID,http://lemhicountyidaho.org/,"(208) 756-2815, ext. 224",clerk.lemhicounty@centurytel.net,,206 Courthouse Drive,,Salmon,ID,83467-3900,8:00:00 - 06:00,17:00:00 - 06:00,9/23/16,9/23/16,no,no,,,148,"206 Courthouse Drive, Salmon, ID 83467",,08:00 AM - 05:00 PM,,ho29239005,false,true,,,,poll43524876
Lemhi County,County Clerk,ocd-division/country:us/state:id/county:lemhi,Lemhi County ID,http://lemhicountyidaho.org/,"(208) 756-2815, ext. 224",clerk.lemhicounty@centurytel.net,,206 Courthouse Drive,,Salmon,ID,83467-3900,8:00:00 - 06:00,17:00:00 - 06:00,9/26/16,9/30/16,no,no,,,149,"206 Courthouse Drive, Salmon, ID 83467",,08:00 AM - 05:00 PM,,ho29239005,false,true,,,,poll43524876
Lemhi County,County Clerk,ocd-division/country:us/state:id/county:lemhi,Lemhi County ID,http://lemhicountyidaho.org/,"(208) 756-2815, ext. 224",clerk.lemhicounty@centurytel.net,,206 Courthouse Drive,,Salmon,ID,83467-3900,8:00:00 - 06:00,17:00:00 - 06:00,10/3/16,10/7/16,no,no,,,150,"206 Courthouse Drive, Salmon, ID 83467",,08:00 AM - 05:00 PM,,ho29239005,false,true,,,,poll43524876
Lemhi County,County Clerk,ocd-division/country:us/state:id/county:lemhi,Lemhi County ID,http://lemhicountyidaho.org/,"(208) 756-2815, ext. 224",clerk.lemhicounty@centurytel.net,,206 Courthouse Drive,,Salmon,ID,83467-3900,8:00:00 - 06:00,17:00:00 - 06:00,10/11/16,10/14/16,no,no,,,151,"206 Courthouse Drive, Salmon, ID 83467",,08:00 AM - 05:00 PM,,ho29239005,false,true,,,,poll43524876
Lemhi County,County Clerk,ocd-division/country:us/state:id/county:lemhi,Lemhi County ID,http://lemhicountyidaho.org/,"(208) 756-2815, ext. 224",clerk.lemhicounty@centurytel.net,,206 Courthouse Drive,,Salmon,ID,83467-3900,8:00:00 - 06:00,17:00:00 - 06:00,10/17/16,10/21/16,no,no,,,152,"206 Courthouse Drive, Salmon, ID 83467",,08:00 AM - 05:00 PM,,ho29239005,false,true,,,,poll43524876
Lemhi County,County Clerk,ocd-division/country:us/state:id/county:lemhi,Lemhi County ID,http://lemhicountyidaho.org/,"(208) 756-2815, ext. 224",clerk.lemhicounty@centurytel.net,,206 Courthouse Drive,,Salmon,ID,83467-3900,8:00:00 - 06:00,17:00:00 - 06:00,10/24/16,10/28/16,no,no,,,153,"206 Courthouse Drive, Salmon, ID 83467",,08:00 AM - 05:00 PM,,ho29239005,false,true,,,,poll43524876
Lemhi County,County Clerk,ocd-division/country:us/state:id/county:lemhi,Lemhi County ID,http://lemhicountyidaho.org/,"(208) 756-2815, ext. 224",clerk.lemhicounty@centurytel.net,,206 Courthouse Drive,,Salmon,ID,83467-3900,8:00:00 - 06:00,17:00:00 - 06:00,10/31/16,11/4/16,no,no,,,154,"206 Courthouse Drive, Salmon, ID 83467",,08:00 AM - 05:00 PM,,ho29239005,false,true,,,,poll43524876
Madison County,County Clerk,ocd-division/country:us/state:id/county:madison,Madison County ID,http://www.co.madison.id.us/,(208) 359-6219,kmuir@co.madison.id.us,Madison County Clerk,134 E Main St,,Rexburg,ID,83440,8:30:00 - 06:00,16:30:00 - 06:00,10/24/16,10/28/16,no,no,,,155,"Madison County Clerk, 134 E Main St, Rexburg, ID 83440",,08:30 AM - 04:30 PM,,ho59422405,false,true,,,,poll12122123
Madison County,County Clerk,ocd-division/country:us/state:id/county:madison,Madison County ID,http://www.co.madison.id.us/,(208) 359-6219,kmuir@co.madison.id.us,Madison County Clerk,134 E Main St,,Rexburg,ID,83440,8:30:00 - 06:00,16:30:00 - 06:00,10/31/16,11/4/16,no,no,,,156,"Madison County Clerk, 134 E Main St, Rexburg, ID 83440",,08:30 AM - 04:30 PM,,ho59422405,false,true,,,,poll12122123
Minidoka County,County Clerk,ocd-division/country:us/state:id/county:minidoka,Minidoka County ID,http://www.minidoka.id.us/,(208) 436-9511,patty.temple@co.minidoka.id.us,Minidoka County Court House,715 G Street,,Rupert,ID,83350,8:00:00 - 06:00,17:00:00 - 06:00,10/17/16,10/21/16,no,no,,,157,"Minidoka County Court House, 715 G Street, Rupert, ID 83350",,08:00 AM - 05:00 PM,,ho53871165,false,true,,,,poll33008252
Minidoka County,County Clerk,ocd-division/country:us/state:id/county:minidoka,Minidoka County ID,http://www.minidoka.id.us/,(208) 436-9511,patty.temple@co.minidoka.id.us,Minidoka County Court House,715 G Street,,Rupert,ID,83350,8:00:00 - 06:00,17:00:00 - 06:00,10/24/16,10/28/16,no,no,,,158,"Minidoka County Court House, 715 G Street, Rupert, ID 83350",,08:00 AM - 05:00 PM,,ho53871165,false,true,,,,poll33008252
Minidoka County,County Clerk,ocd-division/country:us/state:id/county:minidoka,Minidoka County ID,http://www.minidoka.id.us/,(208) 436-9511,patty.temple@co.minidoka.id.us,Minidoka County Court House,715 G Street,,Rupert,ID,83350,8:00:00 - 06:00,17:00:00 - 06:00,10/31/16,11/4/16,no,no,,,159,"Minidoka County Court House, 715 G Street, Rupert, ID 83350",,08:00 AM - 05:00 PM,,ho53871165,false,true,,,,poll33008252
Nez Perce County,County Clerk,ocd-division/country:us/state:id/county:nez_perce,Nez Perce County ID,http://www.co.nezperce.id.us/,(208) 799-3020,pattyweeks@co.nezperce.id.us,Brammer Building,1225 Idaho St,,Lewiston,ID,38501,8:00:00 - 07:00,17:00:00 - 07:00,10/3/16,10/7/16,no,no,,,160,"Brammer Building, 1225 Idaho St, Lewiston, ID 38501",,08:00 AM - 05:00 PM,,ho26424139,false,true,,,,poll16928010
Nez Perce County,County Clerk,ocd-division/country:us/state:id/county:nez_perce,Nez Perce County ID,http://www.co.nezperce.id.us/,(208) 799-3020,pattyweeks@co.nezperce.id.us,Brammer Building,1225 Idaho St,,Lewiston,ID,38501,8:00:00 - 07:00,17:00:00 - 07:00,10/11/16,10/14/16,,,,,161,"Brammer Building, 1225 Idaho St, Lewiston, ID 38501",,08:00 AM - 05:00 PM,,ho26424139,false,true,,,,poll16928010
Nez Perce County,County Clerk,ocd-division/country:us/state:id/county:nez_perce,Nez Perce County ID,http://www.co.nezperce.id.us/,(208) 799-3020,pattyweeks@co.nezperce.id.us,Brammer Building,1225 Idaho St,,Lewiston,ID,38501,8:00:00 - 07:00,17:00:00 - 07:00,10/17/16,10/21/16,,,,,162,"Brammer Building, 1225 Idaho St, Lewiston, ID 38501",,08:00 AM - 05:00 PM,,ho26424139,false,true,,,,poll16928010
Nez Perce County,County Clerk,ocd-division/country:us/state:id/county:nez_perce,Nez Perce County ID,http://www.co.nezperce.id.us/,(208) 799-3020,pattyweeks@co.nezperce.id.us,Brammer Building,1225 Idaho St,,Lewiston,ID,38501,8:00:00 - 07:00,17:00:00 - 07:00,10/24/16,10/28/16,,,,,163,"Brammer Building, 1225 Idaho St, Lewiston, ID 38501",,08:00 AM - 05:00 PM,,ho26424139,false,true,,,,poll16928010
Nez Perce County,County Clerk,ocd-division/country:us/state:id/county:nez_perce,Nez Perce County ID,http://www.co.nezperce.id.us/,(208) 799-3020,pattyweeks@co.nezperce.id.us,Brammer Building,1225 Idaho St,,Lewiston,ID,38501,8:00:00 - 07:00,17:00:00 - 07:00,10/31/16,11/4/16,,,,,164,"Brammer Building, 1225 Idaho St, Lewiston, ID 38501",,08:00 AM - 05:00 PM,,ho26424139,false,true,,,,poll16928010
Oneida County,County Clerk,ocd-division/country:us/state:id/county:oneida,Oneida County ID,oneidacountyid.com,(208) 766-4116,lcolton@co.oneida.id.us,Oneida County Recorder,10 Court Street,,Malad,ID,83252-1200,9:00:00 - 06:00,17:00:00 - 06:00,10/24/16,10/28/16,no,no,,,165,"Oneida County Recorder, 10 Court Street, Malad, ID 83252",,09:00 AM - 05:00 PM,,ho28635433,false,true,,,,poll79479816
Oneida County,County Clerk,ocd-division/country:us/state:id/county:oneida,Oneida County ID,oneidacountyid.com,(208) 766-4116,lcolton@co.oneida.id.us,Oneida County Recorder,10 Court Street,,Malad,ID,83252-1200,9:00:00 - 06:00,17:00:00 - 06:00,10/31/16,11/4/16,no,no,,,166,"Oneida County Recorder, 10 Court Street, Malad, ID 83252",,09:00 AM - 05:00 PM,,ho28635433,false,true,,,,poll79479816
Owyhee County,County Clerk,ocd-division/country:us/state:id/county:owyhee,Owyhee County ID,http://www.owyheecounty.net,(208) 495-2421,brussell@co.owyhee.id.us,,20381 State Hwy 78,,Mercy,ID,83650,8:30:00 - 06:00,17:00:00 - 06:00,10/24/16,10/28/16,no,no,,,167,"20381 State Hwy 78, Mercy, ID 83650",,08:30 AM - 05:00 PM,,ho9556263,false,true,,,,poll30158669
Owyhee County,County Clerk,ocd-division/country:us/state:id/county:owyhee,Owyhee County ID,http://www.owyheecounty.net,(208) 495-2421,brussell@co.owyhee.id.us,,20381 State Hwy 78,,Mercy,ID,83650,8:30:00 - 06:00,17:00:00 - 06:00,10/31/16,11/4/16,no,no,,,168,"20381 State Hwy 78, Mercy, ID 83650",,08:30 AM - 05:00 PM,,ho9556263,false,true,,,,poll30158669
Payette County,County Clerk,ocd-division/country:us/state:id/county:payette,Payette County ID,http://www.payettecounty.org/,(208) 642-6000,bdressen@payettecounty.org,,1130 3rd Ave N,Room 104,Payette,ID,83661-2473,9:00:00 - 06:00,17:00:00 - 06:00,9/26/16,9/30/16,no,no,,,169,"1130 3rd Ave N, Room 104, Payette, ID 83661",,09:00 AM - 05:00 PM,,ho7684001,false,true,,,,poll56693623
Payette County,County Clerk,ocd-division/country:us/state:id/county:payette,Payette County ID,http://www.payettecounty.org/,(208) 642-6000,bdressen@payettecounty.org,,1130 3rd Ave N,Room 104,Payette,ID,83661-2473,9:00:00 - 06:00,17:00:00 - 06:00,10/3/16,10/7/16,no,no,,,170,"1130 3rd Ave N, Room 104, Payette, ID 83661",,09:00 AM - 05:00 PM,,ho7684001,false,true,,,,poll56693623
Payette County,County Clerk,ocd-division/country:us/state:id/county:payette,Payette County ID,http://www.payettecounty.org/,(208) 642-6000,bdressen@payettecounty.org,,1130 3rd Ave N,Room 104,Payette,ID,83661-2473,9:00:00 - 06:00,17:00:00 - 06:00,10/11/16,10/14/16,no,no,,,171,"1130 3rd Ave N, Room 104, Payette, ID 83661",,09:00 AM - 05:00 PM,,ho7684001,false,true,,,,poll56693623
Payette County,County Clerk,ocd-division/country:us/state:id/county:payette,Payette County ID,http://www.payettecounty.org/,(208) 642-6000,bdressen@payettecounty.org,,1130 3rd Ave N,Room 104,Payette,ID,83661-2473,9:00:00 - 06:00,17:00:00 - 06:00,10/17/16,10/21/16,no,no,,,172,"1130 3rd Ave N, Room 104, Payette, ID 83661",,09:00 AM - 05:00 PM,,ho7684001,false,true,,,,poll56693623
Payette County,County Clerk,ocd-division/country:us/state:id/county:payette,Payette County ID,http://www.payettecounty.org/,(208) 642-6000,bdressen@payettecounty.org,,1130 3rd Ave N,Room 104,Payette,ID,83661-2473,9:00:00 - 06:00,17:00:00 - 06:00,10/24/16,10/28/16,no,no,,,173,"1130 3rd Ave N, Room 104, Payette, ID 83661",,09:00 AM - 05:00 PM,,ho7684001,false,true,,,,poll56693623
Payette County,County Clerk,ocd-division/country:us/state:id/county:payette,Payette County ID,http://www.payettecounty.org/,(208) 642-6000,bdressen@payettecounty.org,,1130 3rd Ave N,Room 104,Payette,ID,83661-2473,9:00:00 - 06:00,17:00:00 - 06:00,10/31/16,11/4/16,no,no,,,174,"1130 3rd Ave N, Room 104, Payette, ID 83661",,09:00 AM - 05:00 PM,,ho7684001,false,true,,,,poll56693623
Shoshone County,County Clerk,ocd-division/country:us/state:id/county:shoshone,Shoshone County ID,,(208) 752-1264,jshiner@co.shoshone.id.us,Shoshone County Courthouse,700 Bank Street,Ste 120,Wallace,ID,83873-2348,9:00:00 - 07:00,17:00:00 - 07:00,10/3/16,10/7/16,no,no,,,175,"Shoshone County Courthouse, 700 Bank Street, Ste 120, Wallace, ID 83873",,09:00 AM - 05:00 PM,,ho2299041,false,true,,,,poll65947250
Shoshone County,County Clerk,ocd-division/country:us/state:id/county:shoshone,Shoshone County ID,,(208) 752-1264,jshiner@co.shoshone.id.us,Shoshone County Courthouse,700 Bank Street,Ste 120,Wallace,ID,83873-2348,9:00:00 - 07:00,17:00:00 - 07:00,10/10/16,10/14/16,no,no,,,176,"Shoshone County Courthouse, 700 Bank Street, Ste 120, Wallace, ID 83873",,09:00 AM - 05:00 PM,,ho2299041,false,true,,,,poll65947250
Shoshone County,County Clerk,ocd-division/country:us/state:id/county:shoshone,Shoshone County ID,,(208) 752-1264,jshiner@co.shoshone.id.us,Shoshone County Courthouse,700 Bank Street,Ste 120,Wallace,ID,83873-2348,9:00:00 - 07:00,17:00:00 - 07:00,10/17/16,11/4/16,no,no,,,177,"Shoshone County Courthouse, 700 Bank Street, Ste 120, Wallace, ID 83873",,09:00 AM - 05:00 PM,,ho2299041,false,true,,,,poll65947250
Shoshone County,County Clerk,ocd-division/country:us/state:id/county:shoshone,Shoshone County ID,,(208) 752-1264,jshiner@co.shoshone.id.us,Shoshone County Courthouse,700 Bank Street,Ste 120,Wallace,ID,83873-2348,9:00:00 - 07:00,17:00:00 - 07:00,10/24/16,10/28/16,no,no,,,178,"Shoshone County Courthouse, 700 Bank Street, Ste 120, Wallace, ID 83873",,09:00 AM - 05:00 PM,,ho2299041,false,true,,,,poll65947250
Shoshone County,County Clerk,ocd-division/country:us/state:id/county:shoshone,Shoshone County ID,,(208) 752-1264,jshiner@co.shoshone.id.us,Shoshone County Courthouse,700 Bank Street,Ste 120,Wallace,ID,83873-2348,9:00:00 - 07:00,17:00:00 - 07:00,10/31/16,11/4/16,no,no,,,179,"Shoshone County Courthouse, 700 Bank Street, Ste 120, Wallace, ID 83873",,09:00 AM - 05:00 PM,,ho2299041,false,true,,,,poll65947250
Teton County,County Clerk,ocd-division/country:us/state:id/county:teton,Teton County ID,http://tetoncountyidaho.gov/,(208) 354-8780,clerk@co.teton.id.us,Teton County Recorder,150 Courthouse Drive,#208,Driggs,ID,83422,9:00:00 - 06:00,17:00:00 - 06:00,9/26/16,9/30/16,no,no,,,180,"Teton County Recorder, 150 Courthouse Drive, #208, Driggs, ID 83422",,09:00 AM - 05:00 PM,,ho50506362,false,true,,,,poll33213367
Teton County,County Clerk,ocd-division/country:us/state:id/county:teton,Teton County ID,http://tetoncountyidaho.gov/,(208) 354-8780,clerk@co.teton.id.us,Teton County Recorder,150 Courthouse Drive,#208,Driggs,ID,83422,9:00:00 - 06:00,17:00:00 - 06:00,10/3/16,10/7/16,no,no,,,181,"Teton County Recorder, 150 Courthouse Drive, #208, Driggs, ID 83422",,09:00 AM - 05:00 PM,,ho50506362,false,true,,,,poll33213367
Teton County,County Clerk,ocd-division/country:us/state:id/county:teton,Teton County ID,http://tetoncountyidaho.gov/,(208) 354-8780,clerk@co.teton.id.us,Teton County Recorder,150 Courthouse Drive,#208,Driggs,ID,83422,9:00:00 - 06:00,17:00:00 - 06:00,10/11/16,10/14/16,no,no,,,182,"Teton County Recorder, 150 Courthouse Drive, #208, Driggs, ID 83422",,09:00 AM - 05:00 PM,,ho50506362,false,true,,,,poll33213367
Teton County,County Clerk,ocd-division/country:us/state:id/county:teton,Teton County ID,http://tetoncountyidaho.gov/,(208) 354-8780,clerk@co.teton.id.us,Teton County Recorder,150 Courthouse Drive,#208,Driggs,ID,83422,9:00:00 - 06:00,17:00:00 - 06:00,10/17/16,10/21/16,no,no,,,183,"Teton County Recorder, 150 Courthouse Drive, #208, Driggs, ID 83422",,09:00 AM - 05:00 PM,,ho50506362,false,true,,,,poll33213367
Teton County,County Clerk,ocd-division/country:us/state:id/county:teton,Teton County ID,http://tetoncountyidaho.gov/,(208) 354-8780,clerk@co.teton.id.us,Teton County Recorder,150 Courthouse Drive,#208,Driggs,ID,83422,9:00:00 - 06:00,17:00:00 - 06:00,10/24/16,10/28/16,no,no,,,184,"Teton County Recorder, 150 Courthouse Drive, #208, Driggs, ID 83422",,09:00 AM - 05:00 PM,,ho50506362,false,true,,,,poll33213367
Teton County,County Clerk,ocd-division/country:us/state:id/county:teton,Teton County ID,http://tetoncountyidaho.gov/,(208) 354-8780,clerk@co.teton.id.us,Teton County Recorder,150 Courthouse Drive,#208,Driggs,ID,83422,9:00:00 - 06:00,17:00:00 - 06:00,10/31/16,11/4/16,no,no,,,185,"Teton County Recorder, 150 Courthouse Drive, #208, Driggs, ID 83422",,09:00 AM - 05:00 PM,,ho50506362,false,true,,,,poll33213367
Twin Falls County,County Clerk,ocd-division/country:us/state:id/county:twin_falls,Twin Falls County ID,http://twinfallscounty.org/,(208) 736-4004,valerie.varadi@co.twin-falls.id.us,Twin Falls County Recorder,630 Addison Ave W,,Twin Falls,ID,83301,8:00:00 - 06:00,17:00:00 - 06:00,10/17/16,10/21/16,no,no,,,186,"Twin Falls County Recorder, 630 Addison Ave W, Twin Falls, ID 83301",,08:00 AM - 05:00 PM,,ho95239580,false,true,,,,poll60197820
Twin Falls County,County Clerk,ocd-division/country:us/state:id/county:twin_falls,Twin Falls County ID,http://twinfallscounty.org/,(208) 736-4004,valerie.varadi@co.twin-falls.id.us,Twin Falls County Recorder,630 Addison Ave W,,Twin Falls,ID,83301,8:00:00 - 06:00,17:00:00 - 06:00,10/24/16,10/28/16,no,no,,,187,"Twin Falls County Recorder, 630 Addison Ave W, Twin Falls, ID 83301",,08:00 AM - 05:00 PM,,ho95239580,false,true,,,,poll60197820
Twin Falls County,County Clerk,ocd-division/country:us/state:id/county:twin_falls,Twin Falls County ID,http://twinfallscounty.org/,(208) 736-4004,valerie.varadi@co.twin-falls.id.us,Twin Falls County Recorder,630 Addison Ave W,,Twin Falls,ID,83301,8:00:00 - 06:00,17:00:00 - 06:00,10/31/16,11/4/16,no,no,,,188,"Twin Falls County Recorder, 630 Addison Ave W, Twin Falls, ID 83301",,08:00 AM - 05:00 PM,,ho95239580,false,true,,,,poll60197820
Valley County,County Clerk,ocd-division/country:us/state:id/county:valley,Valley County ID,http://www.co.valley.id.us/,(208) 382-7100,amorrison@co.valley.id.us,Valley County Clerk,219 N. Main St.,,Cascade,ID,83611,8:00:00 - 06:00,17:00:00 - 06:00,9/23/16,9/23/16,no,no,,,189,"Valley County Clerk, 219 N. Main St., Cascade, ID 83611",,08:00 AM - 05:00 PM,,ho93089990,false,true,,,,poll59927781
Valley County,County Clerk,ocd-division/country:us/state:id/county:valley,Valley County ID,http://www.co.valley.id.us/,(208) 382-7100,amorrison@co.valley.id.us,Valley County Clerk,219 N. Main St.,,Cascade,ID,83611,8:00:00 - 06:00,17:00:00 - 06:00,9/26/16,9/30/16,no,no,,,190,"Valley County Clerk, 219 N. Main St., Cascade, ID 83611",,08:00 AM - 05:00 PM,,ho93089990,false,true,,,,poll59927781
Valley County,County Clerk,ocd-division/country:us/state:id/county:valley,Valley County ID,http://www.co.valley.id.us/,(208) 382-7100,amorrison@co.valley.id.us,Valley County Clerk,219 N. Main St.,,Cascade,ID,83611,8:00:00 - 06:00,17:00:00 - 06:00,10/3/16,10/7/16,no,no,,,191,"Valley County Clerk, 219 N. Main St., Cascade, ID 83611",,08:00 AM - 05:00 PM,,ho93089990,false,true,,,,poll59927781
Valley County,County Clerk,ocd-division/country:us/state:id/county:valley,Valley County ID,http://www.co.valley.id.us/,(208) 382-7100,amorrison@co.valley.id.us,Valley County Clerk,219 N. Main St.,,Cascade,ID,83611,8:00:00 - 06:00,17:00:00 - 06:00,10/11/16,10/14/16,no,no,,,192,"Valley County Clerk, 219 N. Main St., Cascade, ID 83611",,08:00 AM - 05:00 PM,,ho93089990,false,true,,,,poll59927781
Valley County,County Clerk,ocd-division/country:us/state:id/county:valley,Valley County ID,http://www.co.valley.id.us/,(208) 382-7100,amorrison@co.valley.id.us,Valley County Clerk,219 N. Main St.,,Cascade,ID,83611,8:00:00 - 06:00,17:00:00 - 06:00,10/17/16,10/21/16,no,no,,,193,"Valley County Clerk, 219 N. Main St., Cascade, ID 83611",,08:00 AM - 05:00 PM,,ho93089990,false,true,,,,poll59927781
Valley County,County Clerk,ocd-division/country:us/state:id/county:valley,Valley County ID,http://www.co.valley.id.us/,(208) 382-7100,amorrison@co.valley.id.us,Valley County Clerk,219 N. Main St.,,Cascade,ID,83611,8:00:00 - 06:00,17:00:00 - 06:00,10/24/16,10/28/16,no,no,,,194,"Valley County Clerk, 219 N. Main St., Cascade, ID 83611",,08:00 AM - 05:00 PM,,ho93089990,false,true,,,,poll59927781
Valley County,County Clerk,ocd-division/country:us/state:id/county:valley,Valley County ID,http://www.co.valley.id.us/,(208) 382-7100,amorrison@co.valley.id.us,Valley County Clerk,219 N. Main St.,,Cascade,ID,83611,8:00:00 - 06:00,17:00:00 - 06:00,10/31/16,11/4/16,no,no,,,195,"Valley County Clerk, 219 N. Main St., Cascade, ID 83611",,08:00 AM - 05:00 PM,,ho93089990,false,true,,,,poll59927781
Washington County,County Clerk,ocd-division/country:us/state:id/county:washington,Washington County ID,http://www.co.washington.id.us/,(208) 414-2092,wcclerk@co.washington.id.us,,256 East Court Street,,Weiser,ID,83672-0670,8:30:00 - 06:00,17:00:00 - 06:00,9/23/16,9/23/16,no,no,,,196,"256 East Court Street, Weiser, ID 83672",,08:30 AM - 05:00 PM,,ho58390323,false,true,,,,poll57282728
Washington County,County Clerk,ocd-division/country:us/state:id/county:washington,Washington County ID,http://www.co.washington.id.us/,(208) 414-2092,wcclerk@co.washington.id.us,,256 East Court Street,,Weiser,ID,83672-0670,8:30:00 - 06:00,17:00:00 - 06:00,9/26/16,9/30/16,no,no,,,197,"256 East Court Street, Weiser, ID 83672",,08:30 AM - 05:00 PM,,ho58390323,false,true,,,,poll57282728
Washington County,County Clerk,ocd-division/country:us/state:id/county:washington,Washington County ID,http://www.co.washington.id.us/,(208) 414-2092,wcclerk@co.washington.id.us,,256 East Court Street,,Weiser,ID,83672-0670,8:30:00 - 06:00,17:00:00 - 06:00,10/3/16,10/7/16,no,no,,,198,"256 East Court Street, Weiser, ID 83672",,08:30 AM - 05:00 PM,,ho58390323,false,true,,,,poll57282728
Washington County,County Clerk,ocd-division/country:us/state:id/county:washington,Washington County ID,http://www.co.washington.id.us/,(208) 414-2092,wcclerk@co.washington.id.us,,256 East Court Street,,Weiser,ID,83672-0670,8:30:00 - 06:00,17:00:00 - 06:00,10/11/16,10/14/16,no,no,,,199,"256 East Court Street, Weiser, ID 83672",,08:30 AM - 05:00 PM,,ho58390323,false,true,,,,poll57282728
Washington County,County Clerk,ocd-division/country:us/state:id/county:washington,Washington County ID,http://www.co.washington.id.us/,(208) 414-2092,wcclerk@co.washington.id.us,,256 East Court Street,,Weiser,ID,83672-0670,8:30:00 - 06:00,17:00:00 - 06:00,10/17/16,10/21/16,no,no,,,200,"256 East Court Street, Weiser, ID 83672",,08:30 AM - 05:00 PM,,ho58390323,false,true,,,,poll57282728
Washington County,County Clerk,ocd-division/country:us/state:id/county:washington,Washington County ID,http://www.co.washington.id.us/,(208) 414-2092,wcclerk@co.washington.id.us,,256 East Court Street,,Weiser,ID,83672-0670,8:30:00 - 06:00,17:00:00 - 06:00,10/24/16,10/28/16,no,no,,,201,"256 East Court Street, Weiser, ID 83672",,08:30 AM - 05:00 PM,,ho58390323,false,true,,,,poll57282728
Washington County,County Clerk,ocd-division/country:us/state:id/county:washington,Washington County ID,http://www.co.washington.id.us/,(208) 414-2092,wcclerk@co.washington.id.us,,256 East Court Street,,Weiser,ID,83672-0670,8:30:00 - 06:00,17:00:00 - 06:00,10/31/16,11/4/16,no,no,,,202,"256 East Court Street, Weiser, ID 83672",,08:30 AM - 05:00 PM,,ho58390323,false,true,,,,poll57282728
Power County,County Clerk,ocd-division/country:us/state:id/county:power,Power County ID,http://www.co.power.id.us/,(208) 226-7611,ssprague@co.power.id.us,,543 Bannock Ave,,American Falls,ID,83211-1200,9:00:00 - 06:00,5:00:00 - 06:00,9/23/16,9/23/16,no,no,,no,203,"543 Bannock Ave, American Falls, ID 83211",,09:00 AM - 05:00 AM,,ho34591158,false,true,,,,poll17087806
Power County,County Clerk,ocd-division/country:us/state:id/county:power,Power County ID,http://www.co.power.id.us/,(208) 226-7611,ssprague@co.power.id.us,,543 Bannock Ave,,American Falls,ID,83211-1200,9:00:00 - 06:00,5:00:00 - 06:00,9/26/16,9/30/16,no,no,,,204,"543 Bannock Ave, American Falls, ID 83211",,09:00 AM - 05:00 AM,,ho34591158,false,true,,,,poll17087806
Power County,County Clerk,ocd-division/country:us/state:id/county:power,Power County ID,http://www.co.power.id.us/,(208) 226-7611,ssprague@co.power.id.us,,543 Bannock Ave,,American Falls,ID,83211-1200,9:00:00 - 06:00,5:00:00 - 06:00,10/3/16,10/7/16,no,no,,,205,"543 Bannock Ave, American Falls, ID 83211",,09:00 AM - 05:00 AM,,ho34591158,false,true,,,,poll17087806
Power County,County Clerk,ocd-division/country:us/state:id/county:power,Power County ID,http://www.co.power.id.us/,(208) 226-7611,ssprague@co.power.id.us,,543 Bannock Ave,,American Falls,ID,83211-1200,9:00:00 - 06:00,5:00:00 - 06:00,10/11/16,10/14/16,no,no,,,206,"543 Bannock Ave, American Falls, ID 83211",,09:00 AM - 05:00 AM,,ho34591158,false,true,,,,poll17087806
Power County,County Clerk,ocd-division/country:us/state:id/county:power,Power County ID,http://www.co.power.id.us/,(208) 226-7611,ssprague@co.power.id.us,,543 Bannock Ave,,American Falls,ID,83211-1200,9:00:00 - 06:00,5:00:00 - 06:00,10/17/16,10/21/16,no,no,,,207,"543 Bannock Ave, American Falls, ID 83211",,09:00 AM - 05:00 AM,,ho34591158,false,true,,,,poll17087806
Power County,County Clerk,ocd-division/country:us/state:id/county:power,Power County ID,http://www.co.power.id.us/,(208) 226-7611,ssprague@co.power.id.us,,543 Bannock Ave,,American Falls,ID,83211-1200,9:00:00 - 06:00,5:00:00 - 06:00,10/24/16,10/28/16,no,no,,,208,"543 Bannock Ave, American Falls, ID 83211",,09:00 AM - 05:00 AM,,ho34591158,false,true,,,,poll17087806
Power County,County Clerk,ocd-division/country:us/state:id/county:power,Power County ID,http://www.co.power.id.us/,(208) 226-7611,ssprague@co.power.id.us,,543 Bannock Ave,,American Falls,ID,83211-1200,9:00:00 - 06:00,5:00:00 - 06:00,10/31/16,11/4/16,no,no,,,209,"543 Bannock Ave, American Falls, ID 83211",,09:00 AM - 05:00 AM,,ho34591158,false,true,,,,poll17087806
Butte County,County Clerk,ocd-division/country:us/state:id/county:butte,Butte County ID,,(208) 527-3021,butteclerk@atcnet.net,Butte County Courthouse,241 W Grand Ave,,Arco,ID,83213-0737,9:00:00 - 06:00,12:00:00 - 06:00,9/19/16,9/23/16,no,no,,no,210,"Butte County Courthouse, 241 W Grand Ave, Arco, ID 83213",,09:00 AM - 12:00 PM,,ho12943878,false,true,,,,poll79566243
Butte County,County Clerk,ocd-division/country:us/state:id/county:butte,Butte County ID,,(208) 527-3021,butteclerk@atcnet.net,Butte County Courthouse,241 W Grand Ave,,Arco,ID,83213-0737,13:00:00 - 06:00,17:00:00 - 06:00,9/19/16,9/23/16,no,no,,no,211,"Butte County Courthouse, 241 W Grand Ave, Arco, ID 83213",,01:00 PM - 05:00 PM,,ho12943878,false,true,,,,poll79566243
Butte County,County Clerk,ocd-division/country:us/state:id/county:butte,Butte County ID,,(208) 527-3021,butteclerk@atcnet.net,Butte County Courthouse,241 W Grand Ave,,Arco,ID,83213-0737,9:00:00 - 06:00,12:00:00 - 06:00,9/26/16,9/30/16,,,,,212,"Butte County Courthouse, 241 W Grand Ave, Arco, ID 83213",,09:00 AM - 12:00 PM,,ho12943878,false,true,,,,poll79566243
Butte County,County Clerk,ocd-division/country:us/state:id/county:butte,Butte County ID,,(208) 527-3021,butteclerk@atcnet.net,Butte County Courthouse,241 W Grand Ave,,Arco,ID,83213-0737,13:00:00 - 06:00,17:00:00 - 06:00,9/26/16,9/30/16,,,,,213,"Butte County Courthouse, 241 W Grand Ave, Arco, ID 83213",,01:00 PM - 05:00 PM,,ho12943878,false,true,,,,poll79566243
Butte County,County Clerk,ocd-division/country:us/state:id/county:butte,Butte County ID,,(208) 527-3021,butteclerk@atcnet.net,Butte County Courthouse,241 W Grand Ave,,Arco,ID,83213-0737,9:00:00 - 06:00,12:00:00 - 06:00,10/3/16,10/7/16,,,,,214,"Butte County Courthouse, 241 W Grand Ave, Arco, ID 83213",,09:00 AM - 12:00 PM,,ho12943878,false,true,,,,poll79566243
Butte County,County Clerk,ocd-division/country:us/state:id/county:butte,Butte County ID,,(208) 527-3021,butteclerk@atcnet.net,Butte County Courthouse,241 W Grand Ave,,Arco,ID,83213-0737,13:00:00 - 06:00,17:00:00 - 06:00,10/3/16,10/7/16,,,,,215,"Butte County Courthouse, 241 W Grand Ave, Arco, ID 83213",,01:00 PM - 05:00 PM,,ho12943878,false,true,,,,poll79566243
Butte County,County Clerk,ocd-division/country:us/state:id/county:butte,Butte County ID,,(208) 527-3021,butteclerk@atcnet.net,Butte County Courthouse,241 W Grand Ave,,Arco,ID,83213-0737,9:00:00 - 06:00,12:00:00 - 06:00,10/11/16,10/14/16,,,,,216,"Butte County Courthouse, 241 W Grand Ave, Arco, ID 83213",,09:00 AM - 12:00 PM,,ho12943878,false,true,,,,poll79566243
Butte County,County Clerk,ocd-division/country:us/state:id/county:butte,Butte County ID,,(208) 527-3021,butteclerk@atcnet.net,Butte County Courthouse,241 W Grand Ave,,Arco,ID,83213-0737,13:00:00 - 06:00,17:00:00 - 06:00,10/11/16,10/14/16,,,,,217,"Butte County Courthouse, 241 W Grand Ave, Arco, ID 83213",,01:00 PM - 05:00 PM,,ho12943878,false,true,,,,poll79566243
Butte County,County Clerk,ocd-division/country:us/state:id/county:butte,Butte County ID,,(208) 527-3021,butteclerk@atcnet.net,Butte County Courthouse,241 W Grand Ave,,Arco,ID,83213-0737,9:00:00 - 06:00,12:00:00 - 06:00,10/17/16,10/21/16,,,,,218,"Butte County Courthouse, 241 W Grand Ave, Arco, ID 83213",,09:00 AM - 12:00 PM,,ho12943878,false,true,,,,poll79566243
Butte County,County Clerk,ocd-division/country:us/state:id/county:butte,Butte County ID,,(208) 527-3021,butteclerk@atcnet.net,Butte County Courthouse,241 W Grand Ave,,Arco,ID,83213-0737,13:00:00 - 06:00,17:00:00 - 06:00,10/17/16,10/21/16,,,,,219,"Butte County Courthouse, 241 W Grand Ave, Arco, ID 83213",,01:00 PM - 05:00 PM,,ho12943878,false,true,,,,poll79566243
Butte County,County Clerk,ocd-division/country:us/state:id/county:butte,Butte County ID,,(208) 527-3021,butteclerk@atcnet.net,Butte County Courthouse,241 W Grand Ave,,Arco,ID,83213-0737,9:00:00 - 06:00,12:00:00 - 06:00,10/24/16,10/28/16,,,,,220,"Butte County Courthouse, 241 W Grand Ave, Arco, ID 83213",,09:00 AM - 12:00 PM,,ho12943878,false,true,,,,poll79566243
Butte County,County Clerk,ocd-division/country:us/state:id/county:butte,Butte County ID,,(208) 527-3021,butteclerk@atcnet.net,Butte County Courthouse,241 W Grand Ave,,Arco,ID,83213-0737,13:00:00 - 06:00,17:00:00 - 06:00,10/24/16,10/28/16,,,,,221,"Butte County Courthouse, 241 W Grand Ave, Arco, ID 83213",,01:00 PM - 05:00 PM,,ho12943878,false,true,,,,poll79566243
Butte County,County Clerk,ocd-division/country:us/state:id/county:butte,Butte County ID,,(208) 527-3021,butteclerk@atcnet.net,Butte County Courthouse,241 W Grand Ave,,Arco,ID,83213-0737,9:00:00 - 06:00,12:00:00 - 06:00,10/31/16,11/4/16,,,,,222,"Butte County Courthouse, 241 W Grand Ave, Arco, ID 83213",,09:00 AM - 12:00 PM,,ho12943878,false,true,,,,poll79566243
Butte County,County Clerk,ocd-division/country:us/state:id/county:butte,Butte County ID,,(208) 527-3021,butteclerk@atcnet.net,Butte County Courthouse,241 W Grand Ave,,Arco,ID,83213-0737,13:00:00 - 06:00,17:00:00 - 06:00,10/31/16,11/4/16,,,,,223,"Butte County Courthouse, 241 W Grand Ave, Arco, ID 83213",,01:00 PM - 05:00 PM,,ho12943878,false,true,,,,poll79566243
Lincoln County,County Clerk,ocd-division/country:us/state:id/county:lincoln,Lincoln County ID,http://www.lincolncountyid.us/,(208) 886-7641,elections@lincolncountyid.us,,111 West B Street,Suite C,Shoshone,ID,83352-5364,8:30:00 - 06:00,17:00:00 - 06:00,10/5/16,10/7/16,no,no,,,224,"111 West B Street, Suite C, Shoshone, ID 83352",,08:30 AM - 05:00 PM,,ho66785420,false,true,,,,poll74329757
Lincoln County,County Clerk,ocd-division/country:us/state:id/county:lincoln,Lincoln County ID,http://www.lincolncountyid.us/,(208) 886-7641,elections@lincolncountyid.us,,111 West B Street,Suite C,Shoshone,ID,83352-5364,8:30:00 - 06:00,17:00:00 - 06:00,10/11/16,10/14/16,no,no,,,225,"111 West B Street, Suite C, Shoshone, ID 83352",,08:30 AM - 05:00 PM,,ho66785420,false,true,,,,poll74329757
Lincoln County,County Clerk,ocd-division/country:us/state:id/county:lincoln,Lincoln County ID,http://www.lincolncountyid.us/,(208) 886-7641,elections@lincolncountyid.us,,111 West B Street,Suite C,Shoshone,ID,83352-5364,8:30:00 - 06:00,17:00:00 - 06:00,10/17/16,10/21/16,no,no,,,226,"111 West B Street, Suite C, Shoshone, ID 83352",,08:30 AM - 05:00 PM,,ho66785420,false,true,,,,poll74329757
Lincoln County,County Clerk,ocd-division/country:us/state:id/county:lincoln,Lincoln County ID,http://www.lincolncountyid.us/,(208) 886-7641,elections@lincolncountyid.us,,111 West B Street,Suite C,Shoshone,ID,83352-5364,8:30:00 - 06:00,17:00:00 - 06:00,10/24/16,10/28/16,no,no,,,227,"111 West B Street, Suite C, Shoshone, ID 83352",,08:30 AM - 05:00 PM,,ho66785420,false,true,,,,poll74329757
Lincoln County,County Clerk,ocd-division/country:us/state:id/county:lincoln,Lincoln County ID,http://www.lincolncountyid.us/,(208) 886-7641,elections@lincolncountyid.us,,111 West B Street,Suite C,Shoshone,ID,83352-5364,8:30:00 - 06:00,17:00:00 - 06:00,10/31/16,11/4/16,no,no,,,228,"111 West B Street, Suite C, Shoshone, ID 83352",,08:30 AM - 05:00 PM,,ho66785420,false,true,,,,poll74329757
Lewis County,County Clerk,ocd-division/country:us/state:id/county:lewis,Lewis County ID,http://lewiscounty.id.us/,(208) 937-2661,awinner@lewiscountyid.org,,510 Oak Street,Room 1,Nezperce,ID,83543-5065,9:00:00 - 07:00,17:00:00 - 07:00,9/26/16,9/30/16,,,,no,229,"510 Oak Street, Room 1, Nezperce, ID 83543",,09:00 AM - 05:00 PM,,ho90932659,false,true,,,,poll93208515
Lewis County,County Clerk,ocd-division/country:us/state:id/county:lewis,Lewis County ID,http://lewiscounty.id.us/,(208) 937-2661,awinner@lewiscountyid.org,,510 Oak Street,Room 1,Nezperce,ID,83543-5065,9:00:00 - 07:00,17:00:00 - 07:00,10/3/16,10/7/16,,,,,230,"510 Oak Street, Room 1, Nezperce, ID 83543",,09:00 AM - 05:00 PM,,ho90932659,false,true,,,,poll93208515
Lewis County,County Clerk,ocd-division/country:us/state:id/county:lewis,Lewis County ID,http://lewiscounty.id.us/,(208) 937-2661,awinner@lewiscountyid.org,,510 Oak Street,Room 1,Nezperce,ID,83543-5065,9:00:00 - 07:00,17:00:00 - 07:00,10/11/16,10/14/16,,,,,231,"510 Oak Street, Room 1, Nezperce, ID 83543",,09:00 AM - 05:00 PM,,ho90932659,false,true,,,,poll93208515
Lewis County,County Clerk,ocd-division/country:us/state:id/county:lewis,Lewis County ID,http://lewiscounty.id.us/,(208) 937-2661,awinner@lewiscountyid.org,,510 Oak Street,Room 1,Nezperce,ID,83543-5065,9:00:00 - 07:00,17:00:00 - 07:00,10/17/16,10/21/16,,,,,232,"510 Oak Street, Room 1, Nezperce, ID 83543",,09:00 AM - 05:00 PM,,ho90932659,false,true,,,,poll93208515
Lewis County,County Clerk,ocd-division/country:us/state:id/county:lewis,Lewis County ID,http://lewiscounty.id.us/,(208) 937-2661,awinner@lewiscountyid.org,,510 Oak Street,Room 1,Nezperce,ID,83543-5065,9:00:00 - 07:00,17:00:00 - 07:00,10/24/16,10/28/16,,,,,233,"510 Oak Street, Room 1, Nezperce, ID 83543",,09:00 AM - 05:00 PM,,ho90932659,false,true,,,,poll93208515
Lewis County,County Clerk,ocd-division/country:us/state:id/county:lewis,Lewis County ID,http://lewiscounty.id.us/,(208) 937-2661,awinner@lewiscountyid.org,,510 Oak Street,Room 1,Nezperce,ID,83543-5065,9:00:00 - 07:00,17:00:00 - 07:00,10/31/16,11/4/16,,,,,234,"510 Oak Street, Room 1, Nezperce, ID 83543",,09:00 AM - 05:00 PM,,ho90932659,false,true,,,,poll93208515
