office_name,official_title,ocd_division,division_description,homepage,phone,email,street,source_directions,city,state,zip,start_time,end_time,start_date,end_date,must_apply_for_mail_ballot,notes,index,address_line,directions,hours,photo_uri,hours_open_id,is_drop_box,is_early_voting,latitude,longitude,latlng_source,id
Atlantic County,Board of Elections,ocd-division/country:us/state:nj/county:atlantic,Atlantic County NJ,http://atlanticcountyclerk.org/,(609) 645-5867,,"Historic Court House Complex, 5903 Main Street",,Mays Landing,NJ,08330-1797,830,1630,9/26/2016,9/30/2016,Yes,,1,"Historic Court House Complex, 5903 Main Street, Mays Landing, NJ 08330",,08:30 AM-04:30 PM,,ho75239337,false,true,,,,poll8631477
Atlantic County,Board of Elections,ocd-division/country:us/state:nj/county:atlantic,Atlantic County NJ,http://atlanticcountyclerk.org/,(609) 645-5867,,"Historic Court House Complex, 5903 Main Street",,Mays Landing,NJ,08330-1797,830,1630,10/3/2016,10/7/2016,Yes,,2,"Historic Court House Complex, 5903 Main Street, Mays Landing, NJ 08330",,08:30 AM-04:30 PM,,ho75239337,false,true,,,,poll8631477
Atlantic County,Board of Elections,ocd-division/country:us/state:nj/county:atlantic,Atlantic County NJ,http://atlanticcountyclerk.org/,(609) 645-5867,,"Historic Court House Complex, 5903 Main Street",,Mays Landing,NJ,08330-1797,830,1630,10/10/2016,10/14/2016,Yes,,3,"Historic Court House Complex, 5903 Main Street, Mays Landing, NJ 08330",,08:30 AM-04:30 PM,,ho75239337,false,true,,,,poll8631477
Atlantic County,Board of Elections,ocd-division/country:us/state:nj/county:atlantic,Atlantic County NJ,http://atlanticcountyclerk.org/,(609) 645-5867,,"Historic Court House Complex, 5903 Main Street",,Mays Landing,NJ,08330-1797,830,1630,10/17/2016,10/21/2016,Yes,,4,"Historic Court House Complex, 5903 Main Street, Mays Landing, NJ 08330",,08:30 AM-04:30 PM,,ho75239337,false,true,,,,poll8631477
Atlantic County,Board of Elections,ocd-division/country:us/state:nj/county:atlantic,Atlantic County NJ,http://atlanticcountyclerk.org/,(609) 645-5867,,"Historic Court House Complex, 5903 Main Street",,Mays Landing,NJ,08330-1797,830,1630,10/24/2016,10/28/2016,Yes,,5,"Historic Court House Complex, 5903 Main Street, Mays Landing, NJ 08330",,08:30 AM-04:30 PM,,ho75239337,false,true,,,,poll8631477
Atlantic County,Board of Elections,ocd-division/country:us/state:nj/county:atlantic,Atlantic County NJ,http://atlanticcountyclerk.org/,(609) 645-5867,,"Historic Court House Complex, 5903 Main Street",,Mays Landing,NJ,08330-1797,830,1630,10/31/2016,11/4/2016,Yes,,6,"Historic Court House Complex, 5903 Main Street, Mays Landing, NJ 08330",,08:30 AM-04:30 PM,,ho75239337,false,true,,,,poll8631477
Atlantic County,Board of Elections,ocd-division/country:us/state:nj/county:atlantic,Atlantic County NJ,http://atlanticcountyclerk.org/,(609) 645-5867,,"Historic Court House Complex, 5903 Main Street",,Mays Landing,NJ,08330-1797,830,1500,11/7/2016,11/7/2016,Yes,,7,"Historic Court House Complex, 5903 Main Street, Mays Landing, NJ 08330",,08:30 AM-03:00 PM,,ho75239337,false,true,,,,poll8631477
Bergen County,Board of Elections,ocd-division/country:us/state:nj/county:bergen,Bergen County NJ,http://www.bergencountyclerk.org/elections/,(201) 336-6225,,One Bergen County Plaza,Room 310,Hackensack,NJ,7601,830,1600,9/26/2016,9/30/2016,Yes,,8,"One Bergen County Plaza, Hackensack, NJ 07601",Room 310,08:30 AM-04:00 PM,,ho30353492,false,true,,,,poll30819412
Bergen County,Board of Elections,ocd-division/country:us/state:nj/county:bergen,Bergen County NJ,http://www.bergencountyclerk.org/elections/,(201) 336-6225,,One Bergen County Plaza,Room 310,Hackensack,NJ,7601,830,1600,10/3/2016,10/7/2016,Yes,,9,"One Bergen County Plaza, Hackensack, NJ 07601",Room 310,08:30 AM-04:00 PM,,ho30353492,false,true,,,,poll30819412
Bergen County,Board of Elections,ocd-division/country:us/state:nj/county:bergen,Bergen County NJ,http://www.bergencountyclerk.org/elections/,(201) 336-6225,,One Bergen County Plaza,Room 310,Hackensack,NJ,7601,830,1600,10/10/2016,10/14/2016,Yes,,10,"One Bergen County Plaza, Hackensack, NJ 07601",Room 310,08:30 AM-04:00 PM,,ho30353492,false,true,,,,poll30819412
Bergen County,Board of Elections,ocd-division/country:us/state:nj/county:bergen,Bergen County NJ,http://www.bergencountyclerk.org/elections/,(201) 336-6225,,One Bergen County Plaza,Room 310,Hackensack,NJ,7601,830,1600,10/17/2016,10/21/2016,Yes,,11,"One Bergen County Plaza, Hackensack, NJ 07601",Room 310,08:30 AM-04:00 PM,,ho30353492,false,true,,,,poll30819412
Bergen County,Board of Elections,ocd-division/country:us/state:nj/county:bergen,Bergen County NJ,http://www.bergencountyclerk.org/elections/,(201) 336-6225,,One Bergen County Plaza,Room 310,Hackensack,NJ,7601,830,1600,10/24/2016,10/28/2016,Yes,,12,"One Bergen County Plaza, Hackensack, NJ 07601",Room 310,08:30 AM-04:00 PM,,ho30353492,false,true,,,,poll30819412
Bergen County,Board of Elections,ocd-division/country:us/state:nj/county:bergen,Bergen County NJ,http://www.bergencountyclerk.org/elections/,(201) 336-6225,,One Bergen County Plaza,Room 310,Hackensack,NJ,7601,830,1600,10/31/2016,11/4/2016,Yes,,13,"One Bergen County Plaza, Hackensack, NJ 07601",Room 310,08:30 AM-04:00 PM,,ho30353492,false,true,,,,poll30819412
Bergen County,Board of Elections,ocd-division/country:us/state:nj/county:bergen,Bergen County NJ,http://www.bergencountyclerk.org/elections/,(201) 336-6225,,One Bergen County Plaza,Room 310,Hackensack,NJ,7601,830,1500,11/7/2016,11/7/2016,Yes,,14,"One Bergen County Plaza, Hackensack, NJ 07601",Room 310,08:30 AM-03:00 PM,,ho30353492,false,true,,,,poll30819412
Burlington County,Election Board,ocd-division/country:us/state:nj/county:burlington,Burlington County NJ,http://www.co.burlington.nj.us/192/County-Clerk,(201) 265-5062,countyclerk@co.burlington.nj.us,"County Office Building, 49 Rancocas Road",Room G-22,Mount Holly,NJ,08060-1397,800,1600,9/26/2016,9/30/2016,Yes,,15,"County Office Building, 49 Rancocas Road, Mount Holly, NJ 08060",Room G-22,08:00 AM-04:00 PM,,ho40382655,false,true,,,,poll64747086
Burlington County,Election Board,ocd-division/country:us/state:nj/county:burlington,Burlington County NJ,http://www.co.burlington.nj.us/192/County-Clerk,(201) 265-5062,countyclerk@co.burlington.nj.us,"County Office Building, 49 Rancocas Road",Room G-22,Mount Holly,NJ,08060-1397,800,1600,10/3/2016,10/7/2016,Yes,,16,"County Office Building, 49 Rancocas Road, Mount Holly, NJ 08060",Room G-22,08:00 AM-04:00 PM,,ho40382655,false,true,,,,poll64747086
Burlington County,Election Board,ocd-division/country:us/state:nj/county:burlington,Burlington County NJ,http://www.co.burlington.nj.us/192/County-Clerk,(201) 265-5062,countyclerk@co.burlington.nj.us,"County Office Building, 49 Rancocas Road",Room G-22,Mount Holly,NJ,08060-1397,800,1600,10/10/2016,10/14/2016,Yes,,17,"County Office Building, 49 Rancocas Road, Mount Holly, NJ 08060",Room G-22,08:00 AM-04:00 PM,,ho40382655,false,true,,,,poll64747086
Burlington County,Election Board,ocd-division/country:us/state:nj/county:burlington,Burlington County NJ,http://www.co.burlington.nj.us/192/County-Clerk,(201) 265-5062,countyclerk@co.burlington.nj.us,"County Office Building, 49 Rancocas Road",Room G-22,Mount Holly,NJ,08060-1397,800,1600,10/17/2016,10/21/2016,Yes,,18,"County Office Building, 49 Rancocas Road, Mount Holly, NJ 08060",Room G-22,08:00 AM-04:00 PM,,ho40382655,false,true,,,,poll64747086
Burlington County,Election Board,ocd-division/country:us/state:nj/county:burlington,Burlington County NJ,http://www.co.burlington.nj.us/192/County-Clerk,(201) 265-5062,countyclerk@co.burlington.nj.us,"County Office Building, 49 Rancocas Road",Room G-22,Mount Holly,NJ,08060-1397,800,1600,10/24/2016,10/28/2016,Yes,,19,"County Office Building, 49 Rancocas Road, Mount Holly, NJ 08060",Room G-22,08:00 AM-04:00 PM,,ho40382655,false,true,,,,poll64747086
Burlington County,Election Board,ocd-division/country:us/state:nj/county:burlington,Burlington County NJ,http://www.co.burlington.nj.us/192/County-Clerk,(201) 265-5062,countyclerk@co.burlington.nj.us,"County Office Building, 49 Rancocas Road",Room G-22,Mount Holly,NJ,08060-1397,800,1600,10/31/2016,11/4/2016,Yes,,20,"County Office Building, 49 Rancocas Road, Mount Holly, NJ 08060",Room G-22,08:00 AM-04:00 PM,,ho40382655,false,true,,,,poll64747086
Burlington County,Election Board,ocd-division/country:us/state:nj/county:burlington,Burlington County NJ,http://www.co.burlington.nj.us/192/County-Clerk,(201) 265-5062,countyclerk@co.burlington.nj.us,"County Office Building, 49 Rancocas Road",Room G-22,Mount Holly,NJ,08060-1397,800,1500,11/7/2016,11/7/2016,Yes,,21,"County Office Building, 49 Rancocas Road, Mount Holly, NJ 08060",Room G-22,08:00 AM-03:00 PM,,ho40382655,false,true,,,,poll64747086
Camden County,County Clerk,ocd-division/country:us/state:nj/county:camden,Camden County NJ,http://www.camdencounty.com/clerk,(856) 225-7219,countyclerk@camdencounty.com,"Courthouse, 520 Market Street",Room 102,Camden,NJ,08101-0150,830,1600,9/26/2016,9/30/2016,Yes,,22,"Courthouse, 520 Market Street, Camden, NJ 08101",Room 102,08:30 AM-04:00 PM,,ho5744342,false,true,,,,poll76867560
Camden County,County Clerk,ocd-division/country:us/state:nj/county:camden,Camden County NJ,http://www.camdencounty.com/clerk,(856) 225-7219,countyclerk@camdencounty.com,"Courthouse, 520 Market Street",Room 102,Camden,NJ,08101-0150,830,1600,10/3/2016,10/7/2016,Yes,,23,"Courthouse, 520 Market Street, Camden, NJ 08101",Room 102,08:30 AM-04:00 PM,,ho5744342,false,true,,,,poll76867560
Camden County,County Clerk,ocd-division/country:us/state:nj/county:camden,Camden County NJ,http://www.camdencounty.com/clerk,(856) 225-7219,countyclerk@camdencounty.com,"Courthouse, 520 Market Street",Room 102,Camden,NJ,08101-0150,830,1600,10/10/2016,10/14/2016,Yes,,24,"Courthouse, 520 Market Street, Camden, NJ 08101",Room 102,08:30 AM-04:00 PM,,ho5744342,false,true,,,,poll76867560
Camden County,County Clerk,ocd-division/country:us/state:nj/county:camden,Camden County NJ,http://www.camdencounty.com/clerk,(856) 225-7219,countyclerk@camdencounty.com,"Courthouse, 520 Market Street",Room 102,Camden,NJ,08101-0150,830,1600,10/17/2016,10/21/2016,Yes,,25,"Courthouse, 520 Market Street, Camden, NJ 08101",Room 102,08:30 AM-04:00 PM,,ho5744342,false,true,,,,poll76867560
Camden County,County Clerk,ocd-division/country:us/state:nj/county:camden,Camden County NJ,http://www.camdencounty.com/clerk,(856) 225-7219,countyclerk@camdencounty.com,"Courthouse, 520 Market Street",Room 102,Camden,NJ,08101-0150,830,1600,10/24/2016,10/28/2016,Yes,,26,"Courthouse, 520 Market Street, Camden, NJ 08101",Room 102,08:30 AM-04:00 PM,,ho5744342,false,true,,,,poll76867560
Camden County,County Clerk,ocd-division/country:us/state:nj/county:camden,Camden County NJ,http://www.camdencounty.com/clerk,(856) 225-7219,countyclerk@camdencounty.com,"Courthouse, 520 Market Street",Room 102,Camden,NJ,08101-0150,830,1600,10/31/2016,11/4/2016,Yes,,27,"Courthouse, 520 Market Street, Camden, NJ 08101",Room 102,08:30 AM-04:00 PM,,ho5744342,false,true,,,,poll76867560
Camden County,County Clerk,ocd-division/country:us/state:nj/county:camden,Camden County NJ,http://www.camdencounty.com/clerk,(856) 225-7219,countyclerk@camdencounty.com,"Courthouse, 520 Market Street",Room 102,Camden,NJ,08101-0150,830,1500,11/7/2016,11/7/2016,Yes,,28,"Courthouse, 520 Market Street, Camden, NJ 08101",Room 102,08:30 AM-03:00 PM,,ho5744342,false,true,,,,poll76867560
Camden County,Elections and Achive Center - Election Division,ocd-division/country:us/state:nj/county:camden,Camden County NJ,,(856) 225-7219,countyclerk@camdencounty.com,100 University Court,,Blackwood,NJ,8012,830,1600,9/26/2016,9/30/2016,Yes,,29,"100 University Court, Blackwood, NJ 08012",,08:30 AM-04:00 PM,,ho43996004,false,true,,,,poll15109550
Camden County,Elections and Achive Center - Election Division,ocd-division/country:us/state:nj/county:camden,Camden County NJ,,(856) 225-7219,countyclerk@camdencounty.com,100 University Court,,Blackwood,NJ,8012,830,1600,10/3/2016,10/7/2016,Yes,,30,"100 University Court, Blackwood, NJ 08012",,08:30 AM-04:00 PM,,ho43996004,false,true,,,,poll15109550
Camden County,Elections and Achive Center - Election Division,ocd-division/country:us/state:nj/county:camden,Camden County NJ,,(856) 225-7219,countyclerk@camdencounty.com,100 University Court,,Blackwood,NJ,8012,830,1600,10/10/2016,10/14/2016,Yes,,31,"100 University Court, Blackwood, NJ 08012",,08:30 AM-04:00 PM,,ho43996004,false,true,,,,poll15109550
Camden County,Elections and Achive Center - Election Division,ocd-division/country:us/state:nj/county:camden,Camden County NJ,,(856) 225-7219,countyclerk@camdencounty.com,100 University Court,,Blackwood,NJ,8012,830,1600,10/17/2016,10/21/2016,Yes,,32,"100 University Court, Blackwood, NJ 08012",,08:30 AM-04:00 PM,,ho43996004,false,true,,,,poll15109550
Camden County,Elections and Achive Center - Election Division,ocd-division/country:us/state:nj/county:camden,Camden County NJ,,(856) 225-7219,countyclerk@camdencounty.com,100 University Court,,Blackwood,NJ,8012,830,1600,10/24/2016,10/28/2016,Yes,,33,"100 University Court, Blackwood, NJ 08012",,08:30 AM-04:00 PM,,ho43996004,false,true,,,,poll15109550
Camden County,Elections and Achive Center - Election Division,ocd-division/country:us/state:nj/county:camden,Camden County NJ,,(856) 225-7219,countyclerk@camdencounty.com,100 University Court,,Blackwood,NJ,8012,830,1600,10/31/2016,11/4/2016,Yes,,34,"100 University Court, Blackwood, NJ 08012",,08:30 AM-04:00 PM,,ho43996004,false,true,,,,poll15109550
Camden County,Elections and Achive Center - Election Division,ocd-division/country:us/state:nj/county:camden,Camden County NJ,,(856) 225-7219,countyclerk@camdencounty.com,100 University Court,,Blackwood,NJ,8012,830,1500,11/7/2016,11/7/2016,Yes,,35,"100 University Court, Blackwood, NJ 08012",,08:30 AM-03:00 PM,,ho43996004,false,true,,,,poll15109550
Cape May County,Board of Elections,ocd-division/country:us/state:nj/county:cape_may,Cape May County NJ,http://www.capemaycountyvotes.com/,(609) 465-1050,coclerk@co.cape-may.nj.us,10 W. Mechanic Street,,Cape May Courthouse,NJ,08210-5000,830,1630,9/26/2016,9/30/2016,Yes,"There are limited hours for applying in person for absentee ballot at county clerk's office: Applicants may apply in person or by authorized messenger at the County Clerk’s Office:
Wednesday, November 2, 2016 8:30 a.m. to 4:30 p.m.
Thursday, November 3, 2016 8:30 a.m. to 4:30 p.m.
Friday, November 4, 2016 8:30 a.m. to 4:30 p.m.
Saturday, November 5, 2016 9:00 a.m. to 1:00 p.m.
Monday, November 7, 2016 8:30 a.m. to 3:00 p.m.  ",36,"10 W. Mechanic Street, Cape May Courthouse, NJ 08210",,08:30 AM-04:30 PM,,ho55731989,false,true,,,,poll32041484
Cape May County,Board of Elections,ocd-division/country:us/state:nj/county:cape_may,Cape May County NJ,http://www.capemaycountyvotes.com/,(609) 465-1050,coclerk@co.cape-may.nj.us,10 W. Mechanic Street,,Cape May Courthouse,NJ,08210-5000,830,1630,10/3/2016,10/7/2016,Yes,,37,"10 W. Mechanic Street, Cape May Courthouse, NJ 08210",,08:30 AM-04:30 PM,,ho55731989,false,true,,,,poll32041484
Cape May County,Board of Elections,ocd-division/country:us/state:nj/county:cape_may,Cape May County NJ,http://www.capemaycountyvotes.com/,(609) 465-1050,coclerk@co.cape-may.nj.us,10 W. Mechanic Street,,Cape May Courthouse,NJ,08210-5000,830,1630,10/10/2016,10/14/2016,Yes,,38,"10 W. Mechanic Street, Cape May Courthouse, NJ 08210",,08:30 AM-04:30 PM,,ho55731989,false,true,,,,poll32041484
Cape May County,Board of Elections,ocd-division/country:us/state:nj/county:cape_may,Cape May County NJ,http://www.capemaycountyvotes.com/,(609) 465-1050,coclerk@co.cape-may.nj.us,10 W. Mechanic Street,,Cape May Courthouse,NJ,08210-5000,830,1630,10/17/2016,10/21/2016,Yes,,39,"10 W. Mechanic Street, Cape May Courthouse, NJ 08210",,08:30 AM-04:30 PM,,ho55731989,false,true,,,,poll32041484
Cape May County,Board of Elections,ocd-division/country:us/state:nj/county:cape_may,Cape May County NJ,http://www.capemaycountyvotes.com/,(609) 465-1050,coclerk@co.cape-may.nj.us,10 W. Mechanic Street,,Cape May Courthouse,NJ,08210-5000,830,1630,10/24/2016,10/28/2016,Yes,,40,"10 W. Mechanic Street, Cape May Courthouse, NJ 08210",,08:30 AM-04:30 PM,,ho55731989,false,true,,,,poll32041484
Cape May County,Board of Elections,ocd-division/country:us/state:nj/county:cape_may,Cape May County NJ,http://www.capemaycountyvotes.com/,(609) 465-1050,coclerk@co.cape-may.nj.us,10 W. Mechanic Street,,Cape May Courthouse,NJ,08210-5000,830,1630,10/31/2016,11/4/2016,Yes,,41,"10 W. Mechanic Street, Cape May Courthouse, NJ 08210",,08:30 AM-04:30 PM,,ho55731989,false,true,,,,poll32041484
Cape May County,Board of Elections,ocd-division/country:us/state:nj/county:cape_may,Cape May County NJ,http://www.capemaycountyvotes.com/,(609) 465-1050,coclerk@co.cape-may.nj.us,10 W. Mechanic Street,,Cape May Courthouse,NJ,08210-5000,830,1500,11/7/2016,11/7/2016,Yes,"I couldn't get the BOE to tell me hours, so even though the clerk told  me they were open until 8pm on election day, I'm using the state standard deadline of  11/7 at 3pm.",42,"10 W. Mechanic Street, Cape May Courthouse, NJ 08210",,08:30 AM-03:00 PM,,ho55731989,false,true,,,,poll32041484
Cumberland County,Board of Elections,ocd-division/country:us/state:nj/county:cumberland,Cumberland County NJ,http://ccclerknj.com/election-information/,(856) 453-5801,,555 Shiloh Pike,,Bridgeton,NJ,08302-2665,830,1600,9/26/2016,9/30/2016,Yes,Cumberland anticipates adding hours as it gets closer to election day,43,"555 Shiloh Pike, Bridgeton, NJ 08302",,08:30 AM-04:00 PM,,ho49699362,false,true,,,,poll75801284
Cumberland County,Board of Elections,ocd-division/country:us/state:nj/county:cumberland,Cumberland County NJ,http://ccclerknj.com/election-information/,(856) 453-5801,,555 Shiloh Pike,,Bridgeton,NJ,08302-2665,830,1600,10/3/2016,10/7/2016,Yes,,44,"555 Shiloh Pike, Bridgeton, NJ 08302",,08:30 AM-04:00 PM,,ho49699362,false,true,,,,poll75801284
Cumberland County,Board of Elections,ocd-division/country:us/state:nj/county:cumberland,Cumberland County NJ,http://ccclerknj.com/election-information/,(856) 453-5801,,555 Shiloh Pike,,Bridgeton,NJ,08302-2665,830,1600,10/10/2016,10/14/2016,Yes,,45,"555 Shiloh Pike, Bridgeton, NJ 08302",,08:30 AM-04:00 PM,,ho49699362,false,true,,,,poll75801284
Cumberland County,Board of Elections,ocd-division/country:us/state:nj/county:cumberland,Cumberland County NJ,http://ccclerknj.com/election-information/,(856) 453-5801,,555 Shiloh Pike,,Bridgeton,NJ,08302-2665,830,1600,10/17/2016,10/21/2016,Yes,,46,"555 Shiloh Pike, Bridgeton, NJ 08302",,08:30 AM-04:00 PM,,ho49699362,false,true,,,,poll75801284
Cumberland County,Board of Elections,ocd-division/country:us/state:nj/county:cumberland,Cumberland County NJ,http://ccclerknj.com/election-information/,(856) 453-5801,,555 Shiloh Pike,,Bridgeton,NJ,08302-2665,830,1600,10/24/2016,10/28/2016,Yes,,47,"555 Shiloh Pike, Bridgeton, NJ 08302",,08:30 AM-04:00 PM,,ho49699362,false,true,,,,poll75801284
Cumberland County,Board of Elections,ocd-division/country:us/state:nj/county:cumberland,Cumberland County NJ,http://ccclerknj.com/election-information/,(856) 453-5801,,555 Shiloh Pike,,Bridgeton,NJ,08302-2665,830,1600,10/31/2016,11/4/2016,Yes,,48,"555 Shiloh Pike, Bridgeton, NJ 08302",,08:30 AM-04:00 PM,,ho49699362,false,true,,,,poll75801284
Cumberland County,Board of Elections,ocd-division/country:us/state:nj/county:cumberland,Cumberland County NJ,http://ccclerknj.com/election-information/,(856) 453-5801,,555 Shiloh Pike,,Bridgeton,NJ,08302-2665,830,1500,11/7/2016,11/7/2016,Yes,,49,"555 Shiloh Pike, Bridgeton, NJ 08302",,08:30 AM-03:00 PM,,ho49699362,false,true,,,,poll75801284
Essex County,Board of Elections,ocd-division/country:us/state:nj/county:essex,Essex County NJ,http://essexboardofelections.com/vote-by-mail/,(973) 621-4921,info@essexclerk.com,"Hall of Records, 465 Dr. Martin Luther King, Jr. Boulevard","Fourth Floor, Room 411",Newark,NJ,07101-0690,900,1600,9/26/2016,9/30/2016,Yes,,50,"Hall of Records, 465 Dr. Martin Luther King, Jr. Boulevard, Newark, NJ 07101","Fourth Floor, Room 411",09:00 AM-04:00 PM,,ho94556159,false,true,,,,poll19021388
Essex County,Board of Elections,ocd-division/country:us/state:nj/county:essex,Essex County NJ,http://essexboardofelections.com/vote-by-mail/,(973) 621-4921,info@essexclerk.com,"Hall of Records, 465 Dr. Martin Luther King, Jr. Boulevard","Fourth Floor, Room 411",Newark,NJ,07101-0690,900,1600,10/3/2016,10/7/2016,Yes,,51,"Hall of Records, 465 Dr. Martin Luther King, Jr. Boulevard, Newark, NJ 07101","Fourth Floor, Room 411",09:00 AM-04:00 PM,,ho94556159,false,true,,,,poll19021388
Essex County,Board of Elections,ocd-division/country:us/state:nj/county:essex,Essex County NJ,http://essexboardofelections.com/vote-by-mail/,(973) 621-4921,info@essexclerk.com,"Hall of Records, 465 Dr. Martin Luther King, Jr. Boulevard","Fourth Floor, Room 411",Newark,NJ,07101-0690,900,1600,10/10/2016,10/14/2016,Yes,,52,"Hall of Records, 465 Dr. Martin Luther King, Jr. Boulevard, Newark, NJ 07101","Fourth Floor, Room 411",09:00 AM-04:00 PM,,ho94556159,false,true,,,,poll19021388
Essex County,Board of Elections,ocd-division/country:us/state:nj/county:essex,Essex County NJ,http://essexboardofelections.com/vote-by-mail/,(973) 621-4921,info@essexclerk.com,"Hall of Records, 465 Dr. Martin Luther King, Jr. Boulevard","Fourth Floor, Room 411",Newark,NJ,07101-0690,900,1600,10/17/2016,10/21/2016,Yes,,53,"Hall of Records, 465 Dr. Martin Luther King, Jr. Boulevard, Newark, NJ 07101","Fourth Floor, Room 411",09:00 AM-04:00 PM,,ho94556159,false,true,,,,poll19021388
Essex County,Board of Elections,ocd-division/country:us/state:nj/county:essex,Essex County NJ,http://essexboardofelections.com/vote-by-mail/,(973) 621-4921,info@essexclerk.com,"Hall of Records, 465 Dr. Martin Luther King, Jr. Boulevard","Fourth Floor, Room 411",Newark,NJ,07101-0690,900,1600,10/24/2016,10/28/2016,Yes,,54,"Hall of Records, 465 Dr. Martin Luther King, Jr. Boulevard, Newark, NJ 07101","Fourth Floor, Room 411",09:00 AM-04:00 PM,,ho94556159,false,true,,,,poll19021388
Essex County,Board of Elections,ocd-division/country:us/state:nj/county:essex,Essex County NJ,http://essexboardofelections.com/vote-by-mail/,(973) 621-4921,info@essexclerk.com,"Hall of Records, 465 Dr. Martin Luther King, Jr. Boulevard","Fourth Floor, Room 411",Newark,NJ,07101-0690,900,1600,10/31/2016,11/4/2016,Yes,,55,"Hall of Records, 465 Dr. Martin Luther King, Jr. Boulevard, Newark, NJ 07101","Fourth Floor, Room 411",09:00 AM-04:00 PM,,ho94556159,false,true,,,,poll19021388
Essex County,Board of Elections,ocd-division/country:us/state:nj/county:essex,Essex County NJ,http://essexboardofelections.com/vote-by-mail/,(973) 621-4921,info@essexclerk.com,"Hall of Records, 465 Dr. Martin Luther King, Jr. Boulevard","Fourth Floor, Room 411",Newark,NJ,07101-0690,900,1500,11/7/2016,11/7/2016,Yes,,56,"Hall of Records, 465 Dr. Martin Luther King, Jr. Boulevard, Newark, NJ 07101","Fourth Floor, Room 411",09:00 AM-03:00 PM,,ho94556159,false,true,,,,poll19021388
Gloucester County,Clerk's Office - Election Division,ocd-division/country:us/state:nj/county:gloucester,Gloucester County NJ,http://www.gloucestercountynj.gov/depts/c/cclerk/elecserv/default.asp,(856) 384-4500,tpindale@co.gloucester.nj.us,550 Grove Road,,West Deptford,NJ,8066,830,1630,9/26/2016,9/30/2016,Yes,,57,"550 Grove Road, West Deptford, NJ 08066",,08:30 AM-04:30 PM,,ho308316,false,true,,,,poll41554570
Gloucester County,Clerk's Office - Election Division,ocd-division/country:us/state:nj/county:gloucester,Gloucester County NJ,http://www.gloucestercountynj.gov/depts/c/cclerk/elecserv/default.asp,(856) 384-4500,tpindale@co.gloucester.nj.us,550 Grove Road,,West Deptford,NJ,8066,830,1630,10/3/2016,10/7/2016,Yes,,58,"550 Grove Road, West Deptford, NJ 08066",,08:30 AM-04:30 PM,,ho308316,false,true,,,,poll41554570
Gloucester County,Clerk's Office - Election Division,ocd-division/country:us/state:nj/county:gloucester,Gloucester County NJ,http://www.gloucestercountynj.gov/depts/c/cclerk/elecserv/default.asp,(856) 384-4500,tpindale@co.gloucester.nj.us,550 Grove Road,,West Deptford,NJ,8066,830,1630,10/10/2016,10/14/2016,Yes,,59,"550 Grove Road, West Deptford, NJ 08066",,08:30 AM-04:30 PM,,ho308316,false,true,,,,poll41554570
Gloucester County,Clerk's Office - Election Division,ocd-division/country:us/state:nj/county:gloucester,Gloucester County NJ,http://www.gloucestercountynj.gov/depts/c/cclerk/elecserv/default.asp,(856) 384-4500,tpindale@co.gloucester.nj.us,550 Grove Road,,West Deptford,NJ,8066,830,1630,10/17/2016,10/21/2016,Yes,,60,"550 Grove Road, West Deptford, NJ 08066",,08:30 AM-04:30 PM,,ho308316,false,true,,,,poll41554570
Gloucester County,Clerk's Office - Election Division,ocd-division/country:us/state:nj/county:gloucester,Gloucester County NJ,http://www.gloucestercountynj.gov/depts/c/cclerk/elecserv/default.asp,(856) 384-4500,tpindale@co.gloucester.nj.us,550 Grove Road,,West Deptford,NJ,8066,830,1630,10/24/2016,10/28/2016,Yes,,61,"550 Grove Road, West Deptford, NJ 08066",,08:30 AM-04:30 PM,,ho308316,false,true,,,,poll41554570
Gloucester County,Clerk's Office - Election Division,ocd-division/country:us/state:nj/county:gloucester,Gloucester County NJ,http://www.gloucestercountynj.gov/depts/c/cclerk/elecserv/default.asp,(856) 384-4500,tpindale@co.gloucester.nj.us,550 Grove Road,,West Deptford,NJ,8066,830,1630,10/31/2016,11/4/2016,Yes,,62,"550 Grove Road, West Deptford, NJ 08066",,08:30 AM-04:30 PM,,ho308316,false,true,,,,poll41554570
Gloucester County,Clerk's Office - Election Division,ocd-division/country:us/state:nj/county:gloucester,Gloucester County NJ,http://www.gloucestercountynj.gov/depts/c/cclerk/elecserv/default.asp,(856) 384-4500,tpindale@co.gloucester.nj.us,550 Grove Road,,West Deptford,NJ,8066,900,1400,11/6/2016,11/6/2016,Yes,,63,"550 Grove Road, West Deptford, NJ 08066",,09:00 AM-02:00 PM,,ho308316,false,true,,,,poll41554570
Gloucester County,Clerk's Office - Election Division,ocd-division/country:us/state:nj/county:gloucester,Gloucester County NJ,http://www.gloucestercountynj.gov/depts/c/cclerk/elecserv/default.asp,(856) 384-4500,tpindale@co.gloucester.nj.us,550 Grove Road,,West Deptford,NJ,8066,830,1500,11/7/2016,11/7/2016,Yes,,64,"550 Grove Road, West Deptford, NJ 08066",,08:30 AM-03:00 PM,,ho308316,false,true,,,,poll41554570
Gloucester County,Clerk's Office - County Store,ocd-division/country:us/state:nj/county:gloucester,Gloucester County NJ,,,tpindale@co.gloucester.nj.us,1750 Deptford Center Rd,Located in the Deptford Mall (Upper level next to Boscov’s),Deptford Township,NJ,8096,1000,2100,10/3/2016,10/7/2016,Yes,,65,"1750 Deptford Center Rd, Deptford Township, NJ 08096",Located in the Deptford Mall (Upper level next to Boscov’s),10:00 AM-09:00 PM,,ho96617495,false,true,,,,poll93396293
Gloucester County,Clerk's Office - County Store,ocd-division/country:us/state:nj/county:gloucester,Gloucester County NJ,,,tpindale@co.gloucester.nj.us,1750 Deptford Center Rd,Located in the Deptford Mall (Upper level next to Boscov’s),Deptford Township,NJ,8096,1000,1730,10/8/2016,10/8/2016,Yes,,66,"1750 Deptford Center Rd, Deptford Township, NJ 08096",Located in the Deptford Mall (Upper level next to Boscov’s),10:00 AM-05:30 PM,,ho96617495,false,true,,,,poll93396293
Gloucester County,Clerk's Office - County Store,ocd-division/country:us/state:nj/county:gloucester,Gloucester County NJ,,,tpindale@co.gloucester.nj.us,1750 Deptford Center Rd,Located in the Deptford Mall (Upper level next to Boscov’s),Deptford Township,NJ,8096,1000,2100,10/10/2016,10/14/2016,Yes,,67,"1750 Deptford Center Rd, Deptford Township, NJ 08096",Located in the Deptford Mall (Upper level next to Boscov’s),10:00 AM-09:00 PM,,ho96617495,false,true,,,,poll93396293
Gloucester County,Clerk's Office - County Store,ocd-division/country:us/state:nj/county:gloucester,Gloucester County NJ,,,tpindale@co.gloucester.nj.us,1750 Deptford Center Rd,Located in the Deptford Mall (Upper level next to Boscov’s),Deptford Township,NJ,8096,1000,1730,10/15/2016,10/15/2016,Yes,,68,"1750 Deptford Center Rd, Deptford Township, NJ 08096",Located in the Deptford Mall (Upper level next to Boscov’s),10:00 AM-05:30 PM,,ho96617495,false,true,,,,poll93396293
Gloucester County,Clerk's Office - County Store,ocd-division/country:us/state:nj/county:gloucester,Gloucester County NJ,,,tpindale@co.gloucester.nj.us,1750 Deptford Center Rd,Located in the Deptford Mall (Upper level next to Boscov’s),Deptford Township,NJ,8096,1000,2100,10/17/2016,10/21/2016,Yes,,69,"1750 Deptford Center Rd, Deptford Township, NJ 08096",Located in the Deptford Mall (Upper level next to Boscov’s),10:00 AM-09:00 PM,,ho96617495,false,true,,,,poll93396293
Gloucester County,Clerk's Office - County Store,ocd-division/country:us/state:nj/county:gloucester,Gloucester County NJ,,,tpindale@co.gloucester.nj.us,1750 Deptford Center Rd,Located in the Deptford Mall (Upper level next to Boscov’s),Deptford Township,NJ,8096,1000,1730,10/22/2016,10/22/2016,Yes,,70,"1750 Deptford Center Rd, Deptford Township, NJ 08096",Located in the Deptford Mall (Upper level next to Boscov’s),10:00 AM-05:30 PM,,ho96617495,false,true,,,,poll93396293
Gloucester County,Clerk's Office - County Store,ocd-division/country:us/state:nj/county:gloucester,Gloucester County NJ,,,tpindale@co.gloucester.nj.us,1750 Deptford Center Rd,Located in the Deptford Mall (Upper level next to Boscov’s),Deptford Township,NJ,8096,1000,2100,10/24/2016,10/28/2016,Yes,,71,"1750 Deptford Center Rd, Deptford Township, NJ 08096",Located in the Deptford Mall (Upper level next to Boscov’s),10:00 AM-09:00 PM,,ho96617495,false,true,,,,poll93396293
Gloucester County,Clerk's Office - County Store,ocd-division/country:us/state:nj/county:gloucester,Gloucester County NJ,,,tpindale@co.gloucester.nj.us,1750 Deptford Center Rd,Located in the Deptford Mall (Upper level next to Boscov’s),Deptford Township,NJ,8096,1000,1730,10/29/2016,10/29/2016,Yes,,72,"1750 Deptford Center Rd, Deptford Township, NJ 08096",Located in the Deptford Mall (Upper level next to Boscov’s),10:00 AM-05:30 PM,,ho96617495,false,true,,,,poll93396293
Gloucester County,Clerk's Office - County Store,ocd-division/country:us/state:nj/county:gloucester,Gloucester County NJ,,,tpindale@co.gloucester.nj.us,1750 Deptford Center Rd,Located in the Deptford Mall (Upper level next to Boscov’s),Deptford Township,NJ,8096,1000,2100,10/31/2016,11/4/2016,Yes,,73,"1750 Deptford Center Rd, Deptford Township, NJ 08096",Located in the Deptford Mall (Upper level next to Boscov’s),10:00 AM-09:00 PM,,ho96617495,false,true,,,,poll93396293
Gloucester County,Clerk's Office - County Store,ocd-division/country:us/state:nj/county:gloucester,Gloucester County NJ,,,tpindale@co.gloucester.nj.us,1750 Deptford Center Rd,Located in the Deptford Mall (Upper level next to Boscov’s),Deptford Township,NJ,8096,1000,1730,11/5/2016,11/5/2016,Yes,,74,"1750 Deptford Center Rd, Deptford Township, NJ 08096",Located in the Deptford Mall (Upper level next to Boscov’s),10:00 AM-05:30 PM,,ho96617495,false,true,,,,poll93396293
Hudson County,Board of Elections,ocd-division/country:us/state:nj/county:hudson,Hudson County NJ,http://www.hudsoncountyclerk.org/elections/default.htm,(201) 369-3435,,"Hudson County Plaza, 257 Cornelison Avenue",4th Floor,Jersey City,NJ,7302,830,1630,9/26/2016,9/30/2016,Yes,,75,"Hudson County Plaza, 257 Cornelison Avenue, Jersey City, NJ 07302",4th Floor,08:30 AM-04:30 PM,,ho65124724,false,true,,,,poll88450949
Hudson County,Board of Elections,ocd-division/country:us/state:nj/county:hudson,Hudson County NJ,http://www.hudsoncountyclerk.org/elections/default.htm,(201) 369-3435,,"Hudson County Plaza, 257 Cornelison Avenue",4th Floor,Jersey City,NJ,7302,830,1630,10/3/2016,10/7/2016,Yes,,76,"Hudson County Plaza, 257 Cornelison Avenue, Jersey City, NJ 07302",4th Floor,08:30 AM-04:30 PM,,ho65124724,false,true,,,,poll88450949
Hudson County,Board of Elections,ocd-division/country:us/state:nj/county:hudson,Hudson County NJ,http://www.hudsoncountyclerk.org/elections/default.htm,(201) 369-3435,,"Hudson County Plaza, 257 Cornelison Avenue",4th Floor,Jersey City,NJ,7302,830,1630,10/10/2016,10/14/2016,Yes,,77,"Hudson County Plaza, 257 Cornelison Avenue, Jersey City, NJ 07302",4th Floor,08:30 AM-04:30 PM,,ho65124724,false,true,,,,poll88450949
Hudson County,Board of Elections,ocd-division/country:us/state:nj/county:hudson,Hudson County NJ,http://www.hudsoncountyclerk.org/elections/default.htm,(201) 369-3435,,"Hudson County Plaza, 257 Cornelison Avenue",4th Floor,Jersey City,NJ,7302,830,1630,10/17/2016,10/21/2016,Yes,,78,"Hudson County Plaza, 257 Cornelison Avenue, Jersey City, NJ 07302",4th Floor,08:30 AM-04:30 PM,,ho65124724,false,true,,,,poll88450949
Hudson County,Board of Elections,ocd-division/country:us/state:nj/county:hudson,Hudson County NJ,http://www.hudsoncountyclerk.org/elections/default.htm,(201) 369-3435,,"Hudson County Plaza, 257 Cornelison Avenue",4th Floor,Jersey City,NJ,7302,830,1630,10/24/2016,10/28/2016,Yes,,79,"Hudson County Plaza, 257 Cornelison Avenue, Jersey City, NJ 07302",4th Floor,08:30 AM-04:30 PM,,ho65124724,false,true,,,,poll88450949
Hudson County,Board of Elections,ocd-division/country:us/state:nj/county:hudson,Hudson County NJ,http://www.hudsoncountyclerk.org/elections/default.htm,(201) 369-3435,,"Hudson County Plaza, 257 Cornelison Avenue",4th Floor,Jersey City,NJ,7302,830,1630,10/31/2016,11/4/2016,Yes,,80,"Hudson County Plaza, 257 Cornelison Avenue, Jersey City, NJ 07302",4th Floor,08:30 AM-04:30 PM,,ho65124724,false,true,,,,poll88450949
Hudson County,Board of Elections,ocd-division/country:us/state:nj/county:hudson,Hudson County NJ,http://www.hudsoncountyclerk.org/elections/default.htm,(201) 369-3435,,"Hudson County Plaza, 257 Cornelison Avenue",4th Floor,Jersey City,NJ,7302,830,1500,11/7/2016,11/7/2016,Yes,,81,"Hudson County Plaza, 257 Cornelison Avenue, Jersey City, NJ 07302",4th Floor,08:30 AM-03:00 PM,,ho65124724,false,true,,,,poll88450949
Hunterdon County,County Clerk,ocd-division/country:us/state:nj/county:hunterdon,Hunterdon County NJ,http://www.co.hunterdon.nj.us/countyclerk.htm,(908) 788-1378,countyclerk@co.hunterdon.nj.us,"Hall of Records, 71 Main Street",,Flemington,NJ,8822,900,1300,9/24/2016,9/24/2016,Yes,"You can vote when you apply for a ballot or take it with you and return it to the BOE (same building). All ballots MUST be returned to the Board of
 Elections by the close of the polls at 8PM on November 8th, 2016. We
 offer Thursday evening and Saturday hours throughout October and
 November leading up to Election Day.",82,"Hall of Records, 71 Main Street, Flemington, NJ 08822",,09:00 AM-01:00 PM,,ho53166362,false,true,,,,poll93486248
Hunterdon County,County Clerk,ocd-division/country:us/state:nj/county:hunterdon,Hunterdon County NJ,http://www.co.hunterdon.nj.us/countyclerk.htm,(908) 788-1378,countyclerk@co.hunterdon.nj.us,"Hall of Records, 71 Main Street",,Flemington,NJ,8822,830,1630,9/26/2016,9/30/2016,Yes,,83,"Hall of Records, 71 Main Street, Flemington, NJ 08822",,08:30 AM-04:30 PM,,ho53166362,false,true,,,,poll93486248
Hunterdon County,County Clerk,ocd-division/country:us/state:nj/county:hunterdon,Hunterdon County NJ,http://www.co.hunterdon.nj.us/countyclerk.htm,(908) 788-1378,countyclerk@co.hunterdon.nj.us,"Hall of Records, 71 Main Street",,Flemington,NJ,8822,900,1300,10/1/2016,10/1/2016,Yes,,84,"Hall of Records, 71 Main Street, Flemington, NJ 08822",,09:00 AM-01:00 PM,,ho53166362,false,true,,,,poll93486248
Hunterdon County,County Clerk,ocd-division/country:us/state:nj/county:hunterdon,Hunterdon County NJ,http://www.co.hunterdon.nj.us/countyclerk.htm,(908) 788-1378,countyclerk@co.hunterdon.nj.us,"Hall of Records, 71 Main Street",,Flemington,NJ,8822,830,1630,10/3/2016,10/7/2016,Yes,,85,"Hall of Records, 71 Main Street, Flemington, NJ 08822",,08:30 AM-04:30 PM,,ho53166362,false,true,,,,poll93486248
Hunterdon County,County Clerk,ocd-division/country:us/state:nj/county:hunterdon,Hunterdon County NJ,http://www.co.hunterdon.nj.us/countyclerk.htm,(908) 788-1378,countyclerk@co.hunterdon.nj.us,"Hall of Records, 71 Main Street",,Flemington,NJ,8822,900,1300,10/8/2016,10/8/2016,Yes,,86,"Hall of Records, 71 Main Street, Flemington, NJ 08822",,09:00 AM-01:00 PM,,ho53166362,false,true,,,,poll93486248
Hunterdon County,County Clerk,ocd-division/country:us/state:nj/county:hunterdon,Hunterdon County NJ,http://www.co.hunterdon.nj.us/countyclerk.htm,(908) 788-1378,countyclerk@co.hunterdon.nj.us,"Hall of Records, 71 Main Street",,Flemington,NJ,8822,830,1630,10/10/2016,10/14/2016,Yes,,87,"Hall of Records, 71 Main Street, Flemington, NJ 08822",,08:30 AM-04:30 PM,,ho53166362,false,true,,,,poll93486248
Hunterdon County,County Clerk,ocd-division/country:us/state:nj/county:hunterdon,Hunterdon County NJ,http://www.co.hunterdon.nj.us/countyclerk.htm,(908) 788-1378,countyclerk@co.hunterdon.nj.us,"Hall of Records, 71 Main Street",,Flemington,NJ,8822,900,1300,10/15/2016,10/15/2016,Yes,,88,"Hall of Records, 71 Main Street, Flemington, NJ 08822",,09:00 AM-01:00 PM,,ho53166362,false,true,,,,poll93486248
Hunterdon County,County Clerk,ocd-division/country:us/state:nj/county:hunterdon,Hunterdon County NJ,http://www.co.hunterdon.nj.us/countyclerk.htm,(908) 788-1378,countyclerk@co.hunterdon.nj.us,"Hall of Records, 71 Main Street",,Flemington,NJ,8822,830,1630,10/17/2016,10/21/2016,Yes,,89,"Hall of Records, 71 Main Street, Flemington, NJ 08822",,08:30 AM-04:30 PM,,ho53166362,false,true,,,,poll93486248
Hunterdon County,County Clerk,ocd-division/country:us/state:nj/county:hunterdon,Hunterdon County NJ,http://www.co.hunterdon.nj.us/countyclerk.htm,(908) 788-1378,countyclerk@co.hunterdon.nj.us,"Hall of Records, 71 Main Street",,Flemington,NJ,8822,900,1300,10/22/2016,10/22/2016,Yes,,90,"Hall of Records, 71 Main Street, Flemington, NJ 08822",,09:00 AM-01:00 PM,,ho53166362,false,true,,,,poll93486248
Hunterdon County,County Clerk,ocd-division/country:us/state:nj/county:hunterdon,Hunterdon County NJ,http://www.co.hunterdon.nj.us/countyclerk.htm,(908) 788-1378,countyclerk@co.hunterdon.nj.us,"Hall of Records, 71 Main Street",,Flemington,NJ,8822,830,1630,10/24/2016,10/28/2016,Yes,,91,"Hall of Records, 71 Main Street, Flemington, NJ 08822",,08:30 AM-04:30 PM,,ho53166362,false,true,,,,poll93486248
Hunterdon County,County Clerk,ocd-division/country:us/state:nj/county:hunterdon,Hunterdon County NJ,http://www.co.hunterdon.nj.us/countyclerk.htm,(908) 788-1378,countyclerk@co.hunterdon.nj.us,"Hall of Records, 71 Main Street",,Flemington,NJ,8822,900,1300,10/29/2016,10/29/2016,Yes,,92,"Hall of Records, 71 Main Street, Flemington, NJ 08822",,09:00 AM-01:00 PM,,ho53166362,false,true,,,,poll93486248
Hunterdon County,County Clerk,ocd-division/country:us/state:nj/county:hunterdon,Hunterdon County NJ,http://www.co.hunterdon.nj.us/countyclerk.htm,(908) 788-1378,countyclerk@co.hunterdon.nj.us,"Hall of Records, 71 Main Street",,Flemington,NJ,8822,830,1630,10/31/2016,11/2/2016,Yes,,93,"Hall of Records, 71 Main Street, Flemington, NJ 08822",,08:30 AM-04:30 PM,,ho53166362,false,true,,,,poll93486248
Hunterdon County,County Clerk,ocd-division/country:us/state:nj/county:hunterdon,Hunterdon County NJ,http://www.co.hunterdon.nj.us/countyclerk.htm,(908) 788-1378,countyclerk@co.hunterdon.nj.us,"Hall of Records, 71 Main Street",,Flemington,NJ,8822,830,1900,11/3/2016,11/3/2016,Yes,,94,"Hall of Records, 71 Main Street, Flemington, NJ 08822",,08:30 AM-07:00 PM,,ho53166362,false,true,,,,poll93486248
Hunterdon County,County Clerk,ocd-division/country:us/state:nj/county:hunterdon,Hunterdon County NJ,http://www.co.hunterdon.nj.us/countyclerk.htm,(908) 788-1378,countyclerk@co.hunterdon.nj.us,"Hall of Records, 71 Main Street",,Flemington,NJ,8822,830,1630,11/4/2016,11/4/2016,Yes,,95,"Hall of Records, 71 Main Street, Flemington, NJ 08822",,08:30 AM-04:30 PM,,ho53166362,false,true,,,,poll93486248
Hunterdon County,County Clerk,ocd-division/country:us/state:nj/county:hunterdon,Hunterdon County NJ,http://www.co.hunterdon.nj.us/countyclerk.htm,(908) 788-1378,countyclerk@co.hunterdon.nj.us,"Hall of Records, 71 Main Street",,Flemington,NJ,8822,900,1500,11/5/2016,11/5/2016,Yes,,96,"Hall of Records, 71 Main Street, Flemington, NJ 08822",,09:00 AM-03:00 PM,,ho53166362,false,true,,,,poll93486248
Hunterdon County,County Clerk,ocd-division/country:us/state:nj/county:hunterdon,Hunterdon County NJ,http://www.co.hunterdon.nj.us/countyclerk.htm,(908) 788-1378,countyclerk@co.hunterdon.nj.us,"Hall of Records, 71 Main Street",,Flemington,NJ,8822,1100,1500,11/6/2016,11/6/2016,Yes,,97,"Hall of Records, 71 Main Street, Flemington, NJ 08822",,11:00 AM-03:00 PM,,ho53166362,false,true,,,,poll93486248
Hunterdon County,County Clerk,ocd-division/country:us/state:nj/county:hunterdon,Hunterdon County NJ,http://www.co.hunterdon.nj.us/countyclerk.htm,(908) 788-1378,countyclerk@co.hunterdon.nj.us,"Hall of Records, 71 Main Street",,Flemington,NJ,8822,830,1630,11/7/2016,11/7/2016,Yes,,98,"Hall of Records, 71 Main Street, Flemington, NJ 08822",,08:30 AM-04:30 PM,,ho53166362,false,true,,,,poll93486248
Hunterdon County,County Clerk,ocd-division/country:us/state:nj/county:hunterdon,Hunterdon County NJ,http://www.co.hunterdon.nj.us/countyclerk.htm,(908) 788-1378,countyclerk@co.hunterdon.nj.us,"Hall of Records, 71 Main Street",,Flemington,NJ,8822,830,2000,11/8/2016,11/8/2016,Yes,,99,"Hall of Records, 71 Main Street, Flemington, NJ 08822",,08:30 AM-08:00 PM,,ho53166362,false,true,,,,poll93486248
Mercer County,Board of Elections,ocd-division/country:us/state:nj/county:mercer,Mercer County NJ,http://www.state.nj.us/counties/mercer/departments/intendent/index.html,(609) 989-6494,,640 S. Broad Street,,Trenton,NJ,8650,830,1630,9/26/2016,9/30/2016,Yes,They anticipate changing/adding hours,100,"640 S. Broad Street, Trenton, NJ 08650",,08:30 AM-04:30 PM,,ho90668241,false,true,,,,poll68641705
Mercer County,Board of Elections,ocd-division/country:us/state:nj/county:mercer,Mercer County NJ,http://www.state.nj.us/counties/mercer/departments/intendent/index.html,(609) 989-6494,,640 S. Broad Street,,Trenton,NJ,8650,830,1630,10/3/2016,10/7/2016,Yes,,101,"640 S. Broad Street, Trenton, NJ 08650",,08:30 AM-04:30 PM,,ho90668241,false,true,,,,poll68641705
Mercer County,Board of Elections,ocd-division/country:us/state:nj/county:mercer,Mercer County NJ,http://www.state.nj.us/counties/mercer/departments/intendent/index.html,(609) 989-6494,,640 S. Broad Street,,Trenton,NJ,8650,830,1630,10/10/2016,10/14/2016,Yes,,102,"640 S. Broad Street, Trenton, NJ 08650",,08:30 AM-04:30 PM,,ho90668241,false,true,,,,poll68641705
Mercer County,Board of Elections,ocd-division/country:us/state:nj/county:mercer,Mercer County NJ,http://www.state.nj.us/counties/mercer/departments/intendent/index.html,(609) 989-6494,,640 S. Broad Street,,Trenton,NJ,8650,830,1630,10/17/2016,10/21/2016,Yes,,103,"640 S. Broad Street, Trenton, NJ 08650",,08:30 AM-04:30 PM,,ho90668241,false,true,,,,poll68641705
Mercer County,Board of Elections,ocd-division/country:us/state:nj/county:mercer,Mercer County NJ,http://www.state.nj.us/counties/mercer/departments/intendent/index.html,(609) 989-6494,,640 S. Broad Street,,Trenton,NJ,8650,830,1630,10/24/2016,10/28/2016,Yes,,104,"640 S. Broad Street, Trenton, NJ 08650",,08:30 AM-04:30 PM,,ho90668241,false,true,,,,poll68641705
Mercer County,Board of Elections,ocd-division/country:us/state:nj/county:mercer,Mercer County NJ,http://www.state.nj.us/counties/mercer/departments/intendent/index.html,(609) 989-6494,,640 S. Broad Street,,Trenton,NJ,8650,830,1630,10/31/2016,11/4/2016,Yes,,105,"640 S. Broad Street, Trenton, NJ 08650",,08:30 AM-04:30 PM,,ho90668241,false,true,,,,poll68641705
Mercer County,Board of Elections,ocd-division/country:us/state:nj/county:mercer,Mercer County NJ,http://www.state.nj.us/counties/mercer/departments/intendent/index.html,(609) 989-6494,,640 S. Broad Street,,Trenton,NJ,8650,900,1400,11/6/2016,11/6/2016,Yes,,106,"640 S. Broad Street, Trenton, NJ 08650",,09:00 AM-02:00 PM,,ho90668241,false,true,,,,poll68641705
Mercer County,Board of Elections,ocd-division/country:us/state:nj/county:mercer,Mercer County NJ,http://www.state.nj.us/counties/mercer/departments/intendent/index.html,(609) 989-6494,,640 S. Broad Street,,Trenton,NJ,8650,830,1500,11/7/2016,11/7/2016,Yes,,107,"640 S. Broad Street, Trenton, NJ 08650",,08:30 AM-03:00 PM,,ho90668241,false,true,,,,poll68641705
Middlesex County,Board of Elections,,Middlesex County NJ,http://www.co.middlesex.nj.us/Government/Departments/CS/Pages/County%20Clerk/County-Clerk---Elections.aspx,(732) 745-3471,elections@co.middlesex.nj.us,11 Kennedy Blvd.,,East Brunswick,NJ,8816,830,1615,9/26/2016,9/26/2016,Yes,,108,"11 Kennedy Blvd., East Brunswick, NJ 08816",,08:30 AM-04:15 PM,,ho41290549,false,true,,,,poll63296675
Middlesex County,Board of Elections,,Middlesex County NJ,http://www.co.middlesex.nj.us/Government/Departments/CS/Pages/County%20Clerk/County-Clerk---Elections.aspx,(732) 745-3471,elections@co.middlesex.nj.us,11 Kennedy Blvd.,,East Brunswick,NJ,8816,800,1830,9/27/2016,9/27/2016,Yes,,109,"11 Kennedy Blvd., East Brunswick, NJ 08816",,08:00 AM-06:30 PM,,ho41290549,false,true,,,,poll63296675
Middlesex County,Board of Elections,,Middlesex County NJ,http://www.co.middlesex.nj.us/Government/Departments/CS/Pages/County%20Clerk/County-Clerk---Elections.aspx,(732) 745-3471,elections@co.middlesex.nj.us,11 Kennedy Blvd.,,East Brunswick,NJ,8816,830,1615,9/28/2016,9/30/2016,Yes,,110,"11 Kennedy Blvd., East Brunswick, NJ 08816",,08:30 AM-04:15 PM,,ho41290549,false,true,,,,poll63296675
Middlesex County,Board of Elections,,Middlesex County NJ,http://www.co.middlesex.nj.us/Government/Departments/CS/Pages/County%20Clerk/County-Clerk---Elections.aspx,(732) 745-3471,elections@co.middlesex.nj.us,11 Kennedy Blvd.,,East Brunswick,NJ,8816,830,1615,10/3/2016,10/3/2016,Yes,,111,"11 Kennedy Blvd., East Brunswick, NJ 08816",,08:30 AM-04:15 PM,,ho41290549,false,true,,,,poll63296675
Middlesex County,Board of Elections,,Middlesex County NJ,http://www.co.middlesex.nj.us/Government/Departments/CS/Pages/County%20Clerk/County-Clerk---Elections.aspx,(732) 745-3471,elections@co.middlesex.nj.us,11 Kennedy Blvd.,,East Brunswick,NJ,8816,800,1830,10/4/2016,10/4/2016,Yes,,112,"11 Kennedy Blvd., East Brunswick, NJ 08816",,08:00 AM-06:30 PM,,ho41290549,false,true,,,,poll63296675
Middlesex County,Board of Elections,,Middlesex County NJ,http://www.co.middlesex.nj.us/Government/Departments/CS/Pages/County%20Clerk/County-Clerk---Elections.aspx,(732) 745-3471,elections@co.middlesex.nj.us,11 Kennedy Blvd.,,East Brunswick,NJ,8816,830,1615,10/5/2016,10/7/2016,Yes,,113,"11 Kennedy Blvd., East Brunswick, NJ 08816",,08:30 AM-04:15 PM,,ho41290549,false,true,,,,poll63296675
Middlesex County,Board of Elections,,Middlesex County NJ,http://www.co.middlesex.nj.us/Government/Departments/CS/Pages/County%20Clerk/County-Clerk---Elections.aspx,(732) 745-3471,elections@co.middlesex.nj.us,11 Kennedy Blvd.,,East Brunswick,NJ,8816,830,1615,10/10/2016,10/10/2016,Yes,,114,"11 Kennedy Blvd., East Brunswick, NJ 08816",,08:30 AM-04:15 PM,,ho41290549,false,true,,,,poll63296675
Middlesex County,Board of Elections,,Middlesex County NJ,http://www.co.middlesex.nj.us/Government/Departments/CS/Pages/County%20Clerk/County-Clerk---Elections.aspx,(732) 745-3471,elections@co.middlesex.nj.us,11 Kennedy Blvd.,,East Brunswick,NJ,8816,800,1830,10/11/2016,10/11/2016,Yes,,115,"11 Kennedy Blvd., East Brunswick, NJ 08816",,08:00 AM-06:30 PM,,ho41290549,false,true,,,,poll63296675
Middlesex County,Board of Elections,,Middlesex County NJ,http://www.co.middlesex.nj.us/Government/Departments/CS/Pages/County%20Clerk/County-Clerk---Elections.aspx,(732) 745-3471,elections@co.middlesex.nj.us,11 Kennedy Blvd.,,East Brunswick,NJ,8816,830,1615,10/12/2016,10/14/2016,Yes,,116,"11 Kennedy Blvd., East Brunswick, NJ 08816",,08:30 AM-04:15 PM,,ho41290549,false,true,,,,poll63296675
Middlesex County,Board of Elections,,Middlesex County NJ,http://www.co.middlesex.nj.us/Government/Departments/CS/Pages/County%20Clerk/County-Clerk---Elections.aspx,(732) 745-3471,elections@co.middlesex.nj.us,11 Kennedy Blvd.,,East Brunswick,NJ,8816,830,1615,10/17/2016,10/17/2016,Yes,,117,"11 Kennedy Blvd., East Brunswick, NJ 08816",,08:30 AM-04:15 PM,,ho41290549,false,true,,,,poll63296675
Middlesex County,Board of Elections,,Middlesex County NJ,http://www.co.middlesex.nj.us/Government/Departments/CS/Pages/County%20Clerk/County-Clerk---Elections.aspx,(732) 745-3471,elections@co.middlesex.nj.us,11 Kennedy Blvd.,,East Brunswick,NJ,8816,800,1830,10/18/2016,10/18/2016,Yes,,118,"11 Kennedy Blvd., East Brunswick, NJ 08816",,08:00 AM-06:30 PM,,ho41290549,false,true,,,,poll63296675
Middlesex County,Board of Elections,,Middlesex County NJ,http://www.co.middlesex.nj.us/Government/Departments/CS/Pages/County%20Clerk/County-Clerk---Elections.aspx,(732) 745-3471,elections@co.middlesex.nj.us,11 Kennedy Blvd.,,East Brunswick,NJ,8816,830,1615,10/19/2016,10/21/2016,Yes,,119,"11 Kennedy Blvd., East Brunswick, NJ 08816",,08:30 AM-04:15 PM,,ho41290549,false,true,,,,poll63296675
Middlesex County,Board of Elections,,Middlesex County NJ,http://www.co.middlesex.nj.us/Government/Departments/CS/Pages/County%20Clerk/County-Clerk---Elections.aspx,(732) 745-3471,elections@co.middlesex.nj.us,11 Kennedy Blvd.,,East Brunswick,NJ,8816,830,1615,10/24/2016,10/24/2016,Yes,,120,"11 Kennedy Blvd., East Brunswick, NJ 08816",,08:30 AM-04:15 PM,,ho41290549,false,true,,,,poll63296675
Middlesex County,Board of Elections,,Middlesex County NJ,http://www.co.middlesex.nj.us/Government/Departments/CS/Pages/County%20Clerk/County-Clerk---Elections.aspx,(732) 745-3471,elections@co.middlesex.nj.us,11 Kennedy Blvd.,,East Brunswick,NJ,8816,800,1830,10/25/2016,10/25/2016,Yes,,121,"11 Kennedy Blvd., East Brunswick, NJ 08816",,08:00 AM-06:30 PM,,ho41290549,false,true,,,,poll63296675
Middlesex County,Board of Elections,,Middlesex County NJ,http://www.co.middlesex.nj.us/Government/Departments/CS/Pages/County%20Clerk/County-Clerk---Elections.aspx,(732) 745-3471,elections@co.middlesex.nj.us,11 Kennedy Blvd.,,East Brunswick,NJ,8816,830,1615,10/26/2016,10/28/2016,Yes,,122,"11 Kennedy Blvd., East Brunswick, NJ 08816",,08:30 AM-04:15 PM,,ho41290549,false,true,,,,poll63296675
Middlesex County,Board of Elections,,Middlesex County NJ,http://www.co.middlesex.nj.us/Government/Departments/CS/Pages/County%20Clerk/County-Clerk---Elections.aspx,(732) 745-3471,elections@co.middlesex.nj.us,11 Kennedy Blvd.,,East Brunswick,NJ,8816,830,1615,10/31/2016,10/31/2016,Yes,,123,"11 Kennedy Blvd., East Brunswick, NJ 08816",,08:30 AM-04:15 PM,,ho41290549,false,true,,,,poll63296675
Middlesex County,Board of Elections,,Middlesex County NJ,http://www.co.middlesex.nj.us/Government/Departments/CS/Pages/County%20Clerk/County-Clerk---Elections.aspx,(732) 745-3471,elections@co.middlesex.nj.us,11 Kennedy Blvd.,,East Brunswick,NJ,8816,800,1830,11/1/2016,11/1/2016,Yes,,124,"11 Kennedy Blvd., East Brunswick, NJ 08816",,08:00 AM-06:30 PM,,ho41290549,false,true,,,,poll63296675
Middlesex County,Board of Elections,,Middlesex County NJ,http://www.co.middlesex.nj.us/Government/Departments/CS/Pages/County%20Clerk/County-Clerk---Elections.aspx,(732) 745-3471,elections@co.middlesex.nj.us,11 Kennedy Blvd.,,East Brunswick,NJ,8816,830,1615,11/2/2016,11/4/2016,Yes,,125,"11 Kennedy Blvd., East Brunswick, NJ 08816",,08:30 AM-04:15 PM,,ho41290549,false,true,,,,poll63296675
Middlesex County,Board of Elections,,Middlesex County NJ,http://www.co.middlesex.nj.us/Government/Departments/CS/Pages/County%20Clerk/County-Clerk---Elections.aspx,(732) 745-3471,elections@co.middlesex.nj.us,11 Kennedy Blvd.,,East Brunswick,NJ,8816,830,1615,11/7/2016,11/7/2016,Yes,,126,"11 Kennedy Blvd., East Brunswick, NJ 08816",,08:30 AM-04:15 PM,,ho41290549,false,true,,,,poll63296675
Middlesex County,Board of Elections,,Middlesex County NJ,http://www.co.middlesex.nj.us/Government/Departments/CS/Pages/County%20Clerk/County-Clerk---Elections.aspx,(732) 745-3471,elections@co.middlesex.nj.us,11 Kennedy Blvd.,,East Brunswick,NJ,8816,830,2000,11/8/2016,11/8/2016,Yes,,127,"11 Kennedy Blvd., East Brunswick, NJ 08816",,08:30 AM-08:00 PM,,ho41290549,false,true,,,,poll63296675
Monmouth County,County Clerk,ocd-division/country:us/state:nj/county:monmouth,Monmouth County NJ,http://www.monmouthcountyvotes.com/,(732) 431-7780,bertha.sumick@co.monmouth.nj.us,300 Halls Mill Road,,Freehold,NJ,7728,830,1630,9/26/2016,9/30/2016,Yes,Anticipate hours changing as election gets closer,128,"300 Halls Mill Road, Freehold, NJ 07728",,08:30 AM-04:30 PM,,ho73499220,false,true,,,,poll73959951
Monmouth County,County Clerk,ocd-division/country:us/state:nj/county:monmouth,Monmouth County NJ,http://www.monmouthcountyvotes.com/,(732) 431-7780,bertha.sumick@co.monmouth.nj.us,300 Halls Mill Road,,Freehold,NJ,7728,830,1630,10/3/2016,10/7/2016,Yes,,129,"300 Halls Mill Road, Freehold, NJ 07728",,08:30 AM-04:30 PM,,ho73499220,false,true,,,,poll73959951
Monmouth County,County Clerk,ocd-division/country:us/state:nj/county:monmouth,Monmouth County NJ,http://www.monmouthcountyvotes.com/,(732) 431-7780,bertha.sumick@co.monmouth.nj.us,300 Halls Mill Road,,Freehold,NJ,7728,830,1630,10/10/2016,10/14/2016,Yes,,130,"300 Halls Mill Road, Freehold, NJ 07728",,08:30 AM-04:30 PM,,ho73499220,false,true,,,,poll73959951
Monmouth County,County Clerk,ocd-division/country:us/state:nj/county:monmouth,Monmouth County NJ,http://www.monmouthcountyvotes.com/,(732) 431-7780,bertha.sumick@co.monmouth.nj.us,300 Halls Mill Road,,Freehold,NJ,7728,830,1630,10/17/2016,10/21/2016,Yes,,131,"300 Halls Mill Road, Freehold, NJ 07728",,08:30 AM-04:30 PM,,ho73499220,false,true,,,,poll73959951
Monmouth County,County Clerk,ocd-division/country:us/state:nj/county:monmouth,Monmouth County NJ,http://www.monmouthcountyvotes.com/,(732) 431-7780,bertha.sumick@co.monmouth.nj.us,300 Halls Mill Road,,Freehold,NJ,7728,830,1630,10/24/2016,10/28/2016,Yes,,132,"300 Halls Mill Road, Freehold, NJ 07728",,08:30 AM-04:30 PM,,ho73499220,false,true,,,,poll73959951
Monmouth County,County Clerk,ocd-division/country:us/state:nj/county:monmouth,Monmouth County NJ,http://www.monmouthcountyvotes.com/,(732) 431-7780,bertha.sumick@co.monmouth.nj.us,300 Halls Mill Road,,Freehold,NJ,7728,830,1630,10/31/2016,11/4/2016,Yes,,133,"300 Halls Mill Road, Freehold, NJ 07728",,08:30 AM-04:30 PM,,ho73499220,false,true,,,,poll73959951
Monmouth County,County Clerk,ocd-division/country:us/state:nj/county:monmouth,Monmouth County NJ,http://www.monmouthcountyvotes.com/,(732) 431-7780,bertha.sumick@co.monmouth.nj.us,300 Halls Mill Road,,Freehold,NJ,7728,830,1500,11/7/2016,11/7/2016,Yes,,134,"300 Halls Mill Road, Freehold, NJ 07728",,08:30 AM-03:00 PM,,ho73499220,false,true,,,,poll73959951
Morris County,County Clerk,ocd-division/country:us/state:nj/county:morris,Morris County NJ,http://morriselections.org/,(973) 285-6066,info@morriselections.org,10 Court Street,,Morristown,NJ,7963,800,1630,9/26/2016,9/30/2016,Yes,,135,"10 Court Street, Morristown, NJ 07963",,08:00 AM-04:30 PM,,ho29096159,false,true,,,,poll8604575
Morris County,County Clerk,ocd-division/country:us/state:nj/county:morris,Morris County NJ,http://morriselections.org/,(973) 285-6066,info@morriselections.org,10 Court Street,,Morristown,NJ,7963,800,1600,10/3/2016,10/7/2016,Yes,,136,"10 Court Street, Morristown, NJ 07963",,08:00 AM-04:00 PM,,ho29096159,false,true,,,,poll8604575
Morris County,County Clerk,ocd-division/country:us/state:nj/county:morris,Morris County NJ,http://morriselections.org/,(973) 285-6066,info@morriselections.org,10 Court Street,,Morristown,NJ,7963,800,1600,10/10/2016,10/14/2016,Yes,,137,"10 Court Street, Morristown, NJ 07963",,08:00 AM-04:00 PM,,ho29096159,false,true,,,,poll8604575
Morris County,County Clerk,ocd-division/country:us/state:nj/county:morris,Morris County NJ,http://morriselections.org/,(973) 285-6066,info@morriselections.org,10 Court Street,,Morristown,NJ,7963,800,1600,10/17/2016,10/17/2016,Yes,,138,"10 Court Street, Morristown, NJ 07963",,08:00 AM-04:00 PM,,ho29096159,false,true,,,,poll8604575
Morris County,County Clerk,ocd-division/country:us/state:nj/county:morris,Morris County NJ,http://morriselections.org/,(973) 285-6066,info@morriselections.org,10 Court Street,,Morristown,NJ,7963,800,2100,10/18/2016,10/18/2016,Yes,,139,"10 Court Street, Morristown, NJ 07963",,08:00 AM-09:00 PM,,ho29096159,false,true,,,,poll8604575
Morris County,County Clerk,ocd-division/country:us/state:nj/county:morris,Morris County NJ,http://morriselections.org/,(973) 285-6066,info@morriselections.org,10 Court Street,,Morristown,NJ,7963,800,1600,10/19,10/21/2016,Yes,,140,"10 Court Street, Morristown, NJ 07963",,08:00 AM-04:00 PM,,ho29096159,false,true,,,,poll8604575
Morris County,County Clerk,ocd-division/country:us/state:nj/county:morris,Morris County NJ,http://morriselections.org/,(973) 285-6066,info@morriselections.org,10 Court Street,,Morristown,NJ,7963,800,1600,10/24/2016,10/28/2016,Yes,,141,"10 Court Street, Morristown, NJ 07963",,08:00 AM-04:00 PM,,ho29096159,false,true,,,,poll8604575
Morris County,County Clerk,ocd-division/country:us/state:nj/county:morris,Morris County NJ,http://morriselections.org/,(973) 285-6066,info@morriselections.org,10 Court Street,,Morristown,NJ,7963,800,1600,10/31/2016,11/1/2016,Yes,,142,"10 Court Street, Morristown, NJ 07963",,08:00 AM-04:00 PM,,ho29096159,false,true,,,,poll8604575
Morris County,County Clerk,ocd-division/country:us/state:nj/county:morris,Morris County NJ,http://morriselections.org/,(973) 285-6066,info@morriselections.org,10 Court Street,,Morristown,NJ,7963,800,1900,11/2/2016,11/2/2016,Yes,,143,"10 Court Street, Morristown, NJ 07963",,08:00 AM-07:00 PM,,ho29096159,false,true,,,,poll8604575
Morris County,County Clerk,ocd-division/country:us/state:nj/county:morris,Morris County NJ,http://morriselections.org/,(973) 285-6066,info@morriselections.org,10 Court Street,,Morristown,NJ,7963,800,1600,11/3/2016,11/4/2016,Yes,,144,"10 Court Street, Morristown, NJ 07963",,08:00 AM-04:00 PM,,ho29096159,false,true,,,,poll8604575
Morris County,County Clerk,ocd-division/country:us/state:nj/county:morris,Morris County NJ,http://morriselections.org/,(973) 285-6066,info@morriselections.org,10 Court Street,,Morristown,NJ,7963,800,1200,11/5/2016,11/5/2016,Yes,,145,"10 Court Street, Morristown, NJ 07963",,08:00 AM-12:00 PM,,ho29096159,false,true,,,,poll8604575
Morris County,County Clerk,ocd-division/country:us/state:nj/county:morris,Morris County NJ,http://morriselections.org/,(973) 285-6066,info@morriselections.org,10 Court Street,,Morristown,NJ,7963,800,1500,11/7/2016,11/7/2016,Yes,,146,"10 Court Street, Morristown, NJ 07963",,08:00 AM-03:00 PM,,ho29096159,false,true,,,,poll8604575
Ocean County,Board of Elections,ocd-division/country:us/state:nj/county:ocean,Ocean County NJ,http://www.clerk.co.ocean.nj.us/,(732) 929-2167,scolabella@co.ocean.nj.us,"Courthouse, 118 Washington Street",,Toms River,NJ,8754,800,1630,9/24/2016,9/24/2016,Yes,,147,"Courthouse, 118 Washington Street, Toms River, NJ 08754",,08:00 AM-04:30 PM,,ho47032245,false,true,,,,poll65814467
Ocean County,Board of Elections,ocd-division/country:us/state:nj/county:ocean,Ocean County NJ,http://www.clerk.co.ocean.nj.us/,(732) 929-2167,scolabella@co.ocean.nj.us,"Courthouse, 118 Washington Street",,Toms River,NJ,8754,800,1630,9/26/2016,9/30/2016,Yes,,148,"Courthouse, 118 Washington Street, Toms River, NJ 08754",,08:00 AM-04:30 PM,,ho47032245,false,true,,,,poll65814467
Ocean County,Board of Elections,ocd-division/country:us/state:nj/county:ocean,Ocean County NJ,http://www.clerk.co.ocean.nj.us/,(732) 929-2167,scolabella@co.ocean.nj.us,"Courthouse, 118 Washington Street",,Toms River,NJ,8754,800,1630,10/3/2016,10/7/2016,Yes,,149,"Courthouse, 118 Washington Street, Toms River, NJ 08754",,08:00 AM-04:30 PM,,ho47032245,false,true,,,,poll65814467
Ocean County,Board of Elections,ocd-division/country:us/state:nj/county:ocean,Ocean County NJ,http://www.clerk.co.ocean.nj.us/,(732) 929-2167,scolabella@co.ocean.nj.us,"Courthouse, 118 Washington Street",,Toms River,NJ,8754,800,1630,10/10/2016,10/14/2016,Yes,,150,"Courthouse, 118 Washington Street, Toms River, NJ 08754",,08:00 AM-04:30 PM,,ho47032245,false,true,,,,poll65814467
Ocean County,Board of Elections,ocd-division/country:us/state:nj/county:ocean,Ocean County NJ,http://www.clerk.co.ocean.nj.us/,(732) 929-2167,scolabella@co.ocean.nj.us,"Courthouse, 118 Washington Street",,Toms River,NJ,8754,800,1630,10/17/2016,10/21/2016,Yes,,151,"Courthouse, 118 Washington Street, Toms River, NJ 08754",,08:00 AM-04:30 PM,,ho47032245,false,true,,,,poll65814467
Ocean County,Board of Elections,ocd-division/country:us/state:nj/county:ocean,Ocean County NJ,http://www.clerk.co.ocean.nj.us/,(732) 929-2167,scolabella@co.ocean.nj.us,"Courthouse, 118 Washington Street",,Toms River,NJ,8754,800,1630,10/24/2016,10/28/2016,Yes,,152,"Courthouse, 118 Washington Street, Toms River, NJ 08754",,08:00 AM-04:30 PM,,ho47032245,false,true,,,,poll65814467
Ocean County,Board of Elections,ocd-division/country:us/state:nj/county:ocean,Ocean County NJ,http://www.clerk.co.ocean.nj.us/,(732) 929-2167,scolabella@co.ocean.nj.us,"Courthouse, 118 Washington Street",,Toms River,NJ,8754,800,1630,10/31/2016,11/4/2016,Yes,,153,"Courthouse, 118 Washington Street, Toms River, NJ 08754",,08:00 AM-04:30 PM,,ho47032245,false,true,,,,poll65814467
Ocean County,Board of Elections,ocd-division/country:us/state:nj/county:ocean,Ocean County NJ,http://www.clerk.co.ocean.nj.us/,(732) 929-2167,scolabella@co.ocean.nj.us,"Courthouse, 118 Washington Street",,Toms River,NJ,8754,800,1500,11/7/2016,11/7/2016,Yes,,154,"Courthouse, 118 Washington Street, Toms River, NJ 08754",,08:00 AM-03:00 PM,,ho47032245,false,true,,,,poll65814467
Ocean County,Board of Elections,ocd-division/country:us/state:nj/county:ocean,Ocean County NJ,http://www.clerk.co.ocean.nj.us/,(732) 929-2167,scolabella@co.ocean.nj.us,"Courthouse, 118 Washington Street",,Toms River,NJ,8754,800,2000,11/8/2016,11/8/2016,Yes,,155,"Courthouse, 118 Washington Street, Toms River, NJ 08754",,08:00 AM-08:00 PM,,ho47032245,false,true,,,,poll65814467
Passaic County,Board of Elections,ocd-division/country:us/state:nj/county:passaic,Passaic County NJ,http://www.passaiccountynj.org/index.aspx?NID=211,(973) 881-4000,kcorrado@passaiccountynj.org,"401 Grand Street, Room 123",,Paterson,NJ,7505,830,1630,9/26/2016,9/30/2016,Yes,,156,"401 Grand Street, Room 123, Paterson, NJ 07505",,08:30 AM-04:30 PM,,ho23309558,false,true,,,,poll7281238
Passaic County,Board of Elections,ocd-division/country:us/state:nj/county:passaic,Passaic County NJ,http://www.passaiccountynj.org/index.aspx?NID=211,(973) 881-4000,kcorrado@passaiccountynj.org,"401 Grand Street, Room 123",,Paterson,NJ,7505,830,1630,10/3/2016,10/7/2016,Yes,,157,"401 Grand Street, Room 123, Paterson, NJ 07505",,08:30 AM-04:30 PM,,ho23309558,false,true,,,,poll7281238
Passaic County,Board of Elections,ocd-division/country:us/state:nj/county:passaic,Passaic County NJ,http://www.passaiccountynj.org/index.aspx?NID=211,(973) 881-4000,kcorrado@passaiccountynj.org,"401 Grand Street, Room 123",,Paterson,NJ,7505,830,1630,10/10/2016,10/14/2016,Yes,,158,"401 Grand Street, Room 123, Paterson, NJ 07505",,08:30 AM-04:30 PM,,ho23309558,false,true,,,,poll7281238
Passaic County,Board of Elections,ocd-division/country:us/state:nj/county:passaic,Passaic County NJ,http://www.passaiccountynj.org/index.aspx?NID=211,(973) 881-4000,kcorrado@passaiccountynj.org,"401 Grand Street, Room 123",,Paterson,NJ,7505,830,1630,10/17/2016,10/21/2016,Yes,,159,"401 Grand Street, Room 123, Paterson, NJ 07505",,08:30 AM-04:30 PM,,ho23309558,false,true,,,,poll7281238
Passaic County,Board of Elections,ocd-division/country:us/state:nj/county:passaic,Passaic County NJ,http://www.passaiccountynj.org/index.aspx?NID=211,(973) 881-4000,kcorrado@passaiccountynj.org,"401 Grand Street, Room 123",,Paterson,NJ,7505,830,1630,10/24/2016,10/28/2016,Yes,,160,"401 Grand Street, Room 123, Paterson, NJ 07505",,08:30 AM-04:30 PM,,ho23309558,false,true,,,,poll7281238
Passaic County,Board of Elections,ocd-division/country:us/state:nj/county:passaic,Passaic County NJ,http://www.passaiccountynj.org/index.aspx?NID=211,(973) 881-4000,kcorrado@passaiccountynj.org,"401 Grand Street, Room 123",,Paterson,NJ,7505,830,1630,10/31/2016,11/4/2016,Yes,,161,"401 Grand Street, Room 123, Paterson, NJ 07505",,08:30 AM-04:30 PM,,ho23309558,false,true,,,,poll7281238
Passaic County,Board of Elections,ocd-division/country:us/state:nj/county:passaic,Passaic County NJ,http://www.passaiccountynj.org/index.aspx?NID=211,(973) 881-4000,kcorrado@passaiccountynj.org,"401 Grand Street, Room 123",,Paterson,NJ,7505,830,1500,11/7/2016,11/7/2016,Yes,,162,"401 Grand Street, Room 123, Paterson, NJ 07505",,08:30 AM-03:00 PM,,ho23309558,false,true,,,,poll7281238
Passaic County,Board of Elections,ocd-division/country:us/state:nj/county:passaic,Passaic County NJ,http://www.passaiccountynj.org/index.aspx?NID=211,(973) 881-4000,kcorrado@passaiccountynj.org,"401 Grand Street, Room 123",,Paterson,NJ,7505,830,2000,11/8/2016,11/8/2016,Yes,,163,"401 Grand Street, Room 123, Paterson, NJ 07505",,08:30 AM-08:00 PM,,ho23309558,false,true,,,,poll7281238
Salem County,County Clerk,ocd-division/country:us/state:nj/county:salem,Salem County NJ,http://salemcountyclerk.org/election-services/,(856) 935-7510,,"110 Fifth Street, Suite 200",,Salem,NJ,8079,830,1630,9/26/2016,9/30/2016,Yes,,164,"110 Fifth Street, Suite 200, Salem, NJ 08079",,08:30 AM-04:30 PM,,ho23975656,false,true,,,,poll49717595
Salem County,County Clerk,ocd-division/country:us/state:nj/county:salem,Salem County NJ,http://salemcountyclerk.org/election-services/,(856) 935-7510,,"110 Fifth Street, Suite 200",,Salem,NJ,8079,830,1630,10/3/2016,10/7/2016,Yes,,165,"110 Fifth Street, Suite 200, Salem, NJ 08079",,08:30 AM-04:30 PM,,ho23975656,false,true,,,,poll49717595
Salem County,County Clerk,ocd-division/country:us/state:nj/county:salem,Salem County NJ,http://salemcountyclerk.org/election-services/,(856) 935-7510,,"110 Fifth Street, Suite 200",,Salem,NJ,8079,830,1630,10/10/2016,10/14/2016,Yes,,166,"110 Fifth Street, Suite 200, Salem, NJ 08079",,08:30 AM-04:30 PM,,ho23975656,false,true,,,,poll49717595
Salem County,County Clerk,ocd-division/country:us/state:nj/county:salem,Salem County NJ,http://salemcountyclerk.org/election-services/,(856) 935-7510,,"110 Fifth Street, Suite 200",,Salem,NJ,8079,830,1630,10/17/2016,10/21/2016,Yes,,167,"110 Fifth Street, Suite 200, Salem, NJ 08079",,08:30 AM-04:30 PM,,ho23975656,false,true,,,,poll49717595
Salem County,County Clerk,ocd-division/country:us/state:nj/county:salem,Salem County NJ,http://salemcountyclerk.org/election-services/,(856) 935-7510,,"110 Fifth Street, Suite 200",,Salem,NJ,8079,830,1630,10/24/2016,10/28/2016,Yes,,168,"110 Fifth Street, Suite 200, Salem, NJ 08079",,08:30 AM-04:30 PM,,ho23975656,false,true,,,,poll49717595
Salem County,County Clerk,ocd-division/country:us/state:nj/county:salem,Salem County NJ,http://salemcountyclerk.org/election-services/,(856) 935-7510,,"110 Fifth Street, Suite 200",,Salem,NJ,8079,830,1630,10/31/2016,11/4/2016,Yes,,169,"110 Fifth Street, Suite 200, Salem, NJ 08079",,08:30 AM-04:30 PM,,ho23975656,false,true,,,,poll49717595
Salem County,County Clerk,ocd-division/country:us/state:nj/county:salem,Salem County NJ,http://salemcountyclerk.org/election-services/,(856) 935-7510,,"110 Fifth Street, Suite 200",,Salem,NJ,8079,830,1500,11/7/2016,11/7/2016,Yes,,170,"110 Fifth Street, Suite 200, Salem, NJ 08079",,08:30 AM-03:00 PM,,ho23975656,false,true,,,,poll49717595
Somerset County,County Clerk,ocd-division/country:us/state:nj/county:somerset,Somerset County NJ,http://www.co.somerset.nj.us/elections/index.htm,(908) 231-7013,electionbd@co.somerset.nj.us,"Administration Building, 20 Grove Street",,Somerville,NJ,8876,815,1600,9/26/2016,9/30/2016,Yes,Anticipate adding Saturday hours,171,"Administration Building, 20 Grove Street, Somerville, NJ 08876",,08:15 AM-04:00 PM,,ho52254109,false,true,,,,poll9352916
Somerset County,County Clerk,ocd-division/country:us/state:nj/county:somerset,Somerset County NJ,http://www.co.somerset.nj.us/elections/index.htm,(908) 231-7013,electionbd@co.somerset.nj.us,"Administration Building, 20 Grove Street",,Somerville,NJ,8876,815,1600,10/3/2016,10/7/2016,Yes,,172,"Administration Building, 20 Grove Street, Somerville, NJ 08876",,08:15 AM-04:00 PM,,ho52254109,false,true,,,,poll9352916
Somerset County,County Clerk,ocd-division/country:us/state:nj/county:somerset,Somerset County NJ,http://www.co.somerset.nj.us/elections/index.htm,(908) 231-7013,electionbd@co.somerset.nj.us,"Administration Building, 20 Grove Street",,Somerville,NJ,8876,815,1600,10/10/2016,10/14/2016,Yes,,173,"Administration Building, 20 Grove Street, Somerville, NJ 08876",,08:15 AM-04:00 PM,,ho52254109,false,true,,,,poll9352916
Somerset County,County Clerk,ocd-division/country:us/state:nj/county:somerset,Somerset County NJ,http://www.co.somerset.nj.us/elections/index.htm,(908) 231-7013,electionbd@co.somerset.nj.us,"Administration Building, 20 Grove Street",,Somerville,NJ,8876,815,1600,10/17/2016,10/21/2016,Yes,,174,"Administration Building, 20 Grove Street, Somerville, NJ 08876",,08:15 AM-04:00 PM,,ho52254109,false,true,,,,poll9352916
Somerset County,County Clerk,ocd-division/country:us/state:nj/county:somerset,Somerset County NJ,http://www.co.somerset.nj.us/elections/index.htm,(908) 231-7013,electionbd@co.somerset.nj.us,"Administration Building, 20 Grove Street",,Somerville,NJ,8876,815,1600,10/24/2016,10/28/2016,Yes,,175,"Administration Building, 20 Grove Street, Somerville, NJ 08876",,08:15 AM-04:00 PM,,ho52254109,false,true,,,,poll9352916
Somerset County,County Clerk,ocd-division/country:us/state:nj/county:somerset,Somerset County NJ,http://www.co.somerset.nj.us/elections/index.htm,(908) 231-7013,electionbd@co.somerset.nj.us,"Administration Building, 20 Grove Street",,Somerville,NJ,8876,815,1600,10/31/2016,11/4/2016,Yes,,176,"Administration Building, 20 Grove Street, Somerville, NJ 08876",,08:15 AM-04:00 PM,,ho52254109,false,true,,,,poll9352916
Somerset County,County Clerk,ocd-division/country:us/state:nj/county:somerset,Somerset County NJ,http://www.co.somerset.nj.us/elections/index.htm,(908) 231-7013,electionbd@co.somerset.nj.us,"Administration Building, 20 Grove Street",,Somerville,NJ,8876,815,1500,11/7/2016,11/7/2016,Yes,,177,"Administration Building, 20 Grove Street, Somerville, NJ 08876",,08:15 AM-03:00 PM,,ho52254109,false,true,,,,poll9352916
Sussex County,Board of Elections,ocd-division/country:us/state:nj/county:sussex,Sussex County NJ,http://sussexcountyclerk.org/elections/,(973) 579-0900,info@sussexcountyclerk.org,"83 Spring Street, Suite 305",,Newton,NJ,07860-2080,800,1600,9/26/2016,9/30/2016,Yes,,178,"83 Spring Street, Suite 305, Newton, NJ 07860",,08:00 AM-04:00 PM,,ho3599878,false,true,,,,poll48528316
Sussex County,Board of Elections,ocd-division/country:us/state:nj/county:sussex,Sussex County NJ,http://sussexcountyclerk.org/elections/,(973) 579-0900,info@sussexcountyclerk.org,"83 Spring Street, Suite 305",,Newton,NJ,07860-2080,800,1600,10/3/2016,10/7/2016,Yes,,179,"83 Spring Street, Suite 305, Newton, NJ 07860",,08:00 AM-04:00 PM,,ho3599878,false,true,,,,poll48528316
Sussex County,Board of Elections,ocd-division/country:us/state:nj/county:sussex,Sussex County NJ,http://sussexcountyclerk.org/elections/,(973) 579-0900,info@sussexcountyclerk.org,"83 Spring Street, Suite 305",,Newton,NJ,07860-2080,800,1600,10/10/2016,10/14/2016,Yes,,180,"83 Spring Street, Suite 305, Newton, NJ 07860",,08:00 AM-04:00 PM,,ho3599878,false,true,,,,poll48528316
Sussex County,Board of Elections,ocd-division/country:us/state:nj/county:sussex,Sussex County NJ,http://sussexcountyclerk.org/elections/,(973) 579-0900,info@sussexcountyclerk.org,"83 Spring Street, Suite 305",,Newton,NJ,07860-2080,800,1600,10/17/2016,10/21/2016,Yes,,181,"83 Spring Street, Suite 305, Newton, NJ 07860",,08:00 AM-04:00 PM,,ho3599878,false,true,,,,poll48528316
Sussex County,Board of Elections,ocd-division/country:us/state:nj/county:sussex,Sussex County NJ,http://sussexcountyclerk.org/elections/,(973) 579-0900,info@sussexcountyclerk.org,"83 Spring Street, Suite 305",,Newton,NJ,07860-2080,800,1600,10/24/2016,10/28/2016,Yes,,182,"83 Spring Street, Suite 305, Newton, NJ 07860",,08:00 AM-04:00 PM,,ho3599878,false,true,,,,poll48528316
Sussex County,Board of Elections,ocd-division/country:us/state:nj/county:sussex,Sussex County NJ,http://sussexcountyclerk.org/elections/,(973) 579-0900,info@sussexcountyclerk.org,"83 Spring Street, Suite 305",,Newton,NJ,07860-2080,800,1600,10/31/2016,11/4/2016,Yes,,183,"83 Spring Street, Suite 305, Newton, NJ 07860",,08:00 AM-04:00 PM,,ho3599878,false,true,,,,poll48528316
Sussex County,Board of Elections,ocd-division/country:us/state:nj/county:sussex,Sussex County NJ,http://sussexcountyclerk.org/elections/,(973) 579-0900,info@sussexcountyclerk.org,"83 Spring Street, Suite 305",,Newton,NJ,07860-2080,800,1500,11/7/2016,11/7/2016,Yes,,184,"83 Spring Street, Suite 305, Newton, NJ 07860",,08:00 AM-03:00 PM,,ho3599878,false,true,,,,poll48528316
Union County,County Clerk,ocd-division/country:us/state:nj/county:union,Union County NJ,http://ucnj.org/county-clerk/,(908) 527-4123,lbobish@ucnj.org,"2 Broad Street, Room 113",,Elizabeth,NJ,07201-2299,830,1600,9/26/2016,9/30/2016,Yes,,185,"2 Broad Street, Room 113, Elizabeth, NJ 07201",,08:30 AM-04:00 PM,,ho51129102,false,true,,,,poll94638000
Union County,County Clerk,ocd-division/country:us/state:nj/county:union,Union County NJ,http://ucnj.org/county-clerk/,(908) 527-4123,lbobish@ucnj.org,"2 Broad Street, Room 113",,Elizabeth,NJ,07201-2299,830,1600,10/3/2016,10/7/2016,Yes,,186,"2 Broad Street, Room 113, Elizabeth, NJ 07201",,08:30 AM-04:00 PM,,ho51129102,false,true,,,,poll94638000
Union County,County Clerk,ocd-division/country:us/state:nj/county:union,Union County NJ,http://ucnj.org/county-clerk/,(908) 527-4123,lbobish@ucnj.org,"2 Broad Street, Room 113",,Elizabeth,NJ,07201-2299,830,1600,10/10/2016,10/14/2016,Yes,,187,"2 Broad Street, Room 113, Elizabeth, NJ 07201",,08:30 AM-04:00 PM,,ho51129102,false,true,,,,poll94638000
Union County,County Clerk,ocd-division/country:us/state:nj/county:union,Union County NJ,http://ucnj.org/county-clerk/,(908) 527-4123,lbobish@ucnj.org,"2 Broad Street, Room 113",,Elizabeth,NJ,07201-2299,830,1600,10/17/2016,10/21/2016,Yes,,188,"2 Broad Street, Room 113, Elizabeth, NJ 07201",,08:30 AM-04:00 PM,,ho51129102,false,true,,,,poll94638000
Union County,County Clerk,ocd-division/country:us/state:nj/county:union,Union County NJ,http://ucnj.org/county-clerk/,(908) 527-4123,lbobish@ucnj.org,"2 Broad Street, Room 113",,Elizabeth,NJ,07201-2299,830,1600,10/24/2016,10/28/2016,Yes,,189,"2 Broad Street, Room 113, Elizabeth, NJ 07201",,08:30 AM-04:00 PM,,ho51129102,false,true,,,,poll94638000
Union County,County Clerk,ocd-division/country:us/state:nj/county:union,Union County NJ,http://ucnj.org/county-clerk/,(908) 527-4123,lbobish@ucnj.org,"2 Broad Street, Room 113",,Elizabeth,NJ,07201-2299,830,1600,10/31/2016,11/4/2016,Yes,,190,"2 Broad Street, Room 113, Elizabeth, NJ 07201",,08:30 AM-04:00 PM,,ho51129102,false,true,,,,poll94638000
Union County,County Clerk,ocd-division/country:us/state:nj/county:union,Union County NJ,http://ucnj.org/county-clerk/,(908) 527-4123,lbobish@ucnj.org,"2 Broad Street, Room 113",,Elizabeth,NJ,07201-2299,830,1500,11/7/2016,11/7/2016,Yes,,191,"2 Broad Street, Room 113, Elizabeth, NJ 07201",,08:30 AM-03:00 PM,,ho51129102,false,true,,,,poll94638000
Warren County,County Clerk,ocd-division/country:us/state:nj/county:warren,Warren County NJ,http://www.co.warren.nj.us/countyclerk/,(908) 475-6211,wduffy@co.warren.nj.us,"Courthouse, 413 Second Street",,Belvidere,NJ,07823-1500,800,1630,9/26/2016,9/30/2016,Yes,,192,"Courthouse, 413 Second Street, Belvidere, NJ 07823",,08:00 AM-04:30 PM,,ho25045755,false,true,,,,poll70194107
Warren County,County Clerk,ocd-division/country:us/state:nj/county:warren,Warren County NJ,http://www.co.warren.nj.us/countyclerk/,(908) 475-6211,wduffy@co.warren.nj.us,"Courthouse, 413 Second Street",,Belvidere,NJ,07823-1500,800,1630,10/3/2016,10/7/2016,Yes,,193,"Courthouse, 413 Second Street, Belvidere, NJ 07823",,08:00 AM-04:30 PM,,ho25045755,false,true,,,,poll70194107
Warren County,County Clerk,ocd-division/country:us/state:nj/county:warren,Warren County NJ,http://www.co.warren.nj.us/countyclerk/,(908) 475-6211,wduffy@co.warren.nj.us,"Courthouse, 413 Second Street",,Belvidere,NJ,07823-1500,800,1630,10/10/2016,10/14/2016,Yes,,194,"Courthouse, 413 Second Street, Belvidere, NJ 07823",,08:00 AM-04:30 PM,,ho25045755,false,true,,,,poll70194107
Warren County,County Clerk,ocd-division/country:us/state:nj/county:warren,Warren County NJ,http://www.co.warren.nj.us/countyclerk/,(908) 475-6211,wduffy@co.warren.nj.us,"Courthouse, 413 Second Street",,Belvidere,NJ,07823-1500,800,1630,10/17/2016,10/21/2016,Yes,,195,"Courthouse, 413 Second Street, Belvidere, NJ 07823",,08:00 AM-04:30 PM,,ho25045755,false,true,,,,poll70194107
Warren County,County Clerk,ocd-division/country:us/state:nj/county:warren,Warren County NJ,http://www.co.warren.nj.us/countyclerk/,(908) 475-6211,wduffy@co.warren.nj.us,"Courthouse, 413 Second Street",,Belvidere,NJ,07823-1500,800,1630,10/24/2016,10/28/2016,Yes,,196,"Courthouse, 413 Second Street, Belvidere, NJ 07823",,08:00 AM-04:30 PM,,ho25045755,false,true,,,,poll70194107
Warren County,County Clerk,ocd-division/country:us/state:nj/county:warren,Warren County NJ,http://www.co.warren.nj.us/countyclerk/,(908) 475-6211,wduffy@co.warren.nj.us,"Courthouse, 413 Second Street",,Belvidere,NJ,07823-1500,800,1630,10/31/2016,11/4/2016,Yes,,197,"Courthouse, 413 Second Street, Belvidere, NJ 07823",,08:00 AM-04:30 PM,,ho25045755,false,true,,,,poll70194107
Warren County,County Clerk,ocd-division/country:us/state:nj/county:warren,Warren County NJ,http://www.co.warren.nj.us/countyclerk/,(908) 475-6211,wduffy@co.warren.nj.us,"Courthouse, 413 Second Street",,Belvidere,NJ,07823-1500,900,1400,11/5/2016,11/5/2016,Yes,,198,"Courthouse, 413 Second Street, Belvidere, NJ 07823",,09:00 AM-02:00 PM,,ho25045755,false,true,,,,poll70194107
Warren County,County Clerk,ocd-division/country:us/state:nj/county:warren,Warren County NJ,http://www.co.warren.nj.us/countyclerk/,(908) 475-6211,wduffy@co.warren.nj.us,"Courthouse, 413 Second Street",,Belvidere,NJ,07823-1500,800,1500,11/7/2016,11/7/2016,Yes,,199,"Courthouse, 413 Second Street, Belvidere, NJ 07823",,08:00 AM-03:00 PM,,ho25045755,false,true,,,,poll70194107
