name,location_name,address1,address2,address_line3,city,state,zip_code,dirs,voter_services,start_date,end_date,start_time,end_time,days_times_open,ev_id,locality_id,county,index,address_line,directions,hours,photo_uri,hours_open_id,is_drop_box,is_early_voting,latitude,longitude,latlng_source,id
Adams County Auditor's Office,Adams County Auditor's Office,210 W Broadway Ave.,Ste 200,,Ritzville,WA,98512,Up stairs take right Ste 200,VSPC,10/19/16,10/21/16,08:30:00 - 07:00,16:30:00 - 07:00,8:30  a.m. to 4:30  p.m. Ballots are accepted from 7 a.m. until 8 p.m. on election day.,53050010142,5313001,Adams County,1,"210 W Broadway Ave., Ritzville, WA , 98512",Ste 200 Up stairs take right Ste 200,08:30 AM-04:30 PM,,ho17038836,false,true,,,,53050010142
Adams County Auditor's Office,Adams County Auditor's Office,210 W Broadway Ave.,Ste 200,,Ritzville,WA,98512,Up stairs take right Ste 200,VSPC,10/24/16,10/28/16,08:30:00 - 07:00,16:30:00 - 07:00,8:30  a.m. to 4:30  p.m. Ballots are accepted from 7 a.m. until 8 p.m. on election day.,53050010142,5313001,Adams County,2,"210 W Broadway Ave., Ritzville, WA , 98512",Ste 200 Up stairs take right Ste 200,08:30 AM-04:30 PM,,ho17038836,false,true,,,,53050010142
Adams County Auditor's Office,Adams County Auditor's Office,210 W Broadway Ave.,Ste 200,,Ritzville,WA,98512,Up stairs take right Ste 200,VSPC,10/31/16,11/4/16,08:30:00 - 07:00,16:30:00 - 07:00,8:30  a.m. to 4:30  p.m. Ballots are accepted from 7 a.m. until 8 p.m. on election day.,53050010142,5313001,Adams County,3,"210 W Broadway Ave., Ritzville, WA , 98512",Ste 200 Up stairs take right Ste 200,08:30 AM-04:30 PM,,ho17038836,false,true,,,,53050010142
Adams County Auditor's Office,Adams County Auditor's Office,210 W Broadway Ave.,Ste 200,,Ritzville,WA,98512,Up stairs take right Ste 200,VSPC,11/7/16,11/7/16,08:30:00 - 08:00,16:30:00 - 08:00,8:30  a.m. to 4:30  p.m. Ballots are accepted from 7 a.m. until 8 p.m. on election day.,53050010142,5313001,Adams County,5,"210 W Broadway Ave., Ritzville, WA , 98512",Ste 200 Up stairs take right Ste 200,08:30 AM-04:30 PM,,ho17038836,false,true,,,,53050010142
Asotin County Auditor's Office,Asotin County Auditor's Office,135 Second St.,,,Asotin,WA,99402,,VSPC,10/19/16,10/21/16,08:00:00 - 07:00,17:00:00 - 07:00,8 a.m. to 5 p.m. Open until 8 p.m. on Election Day.,53050020158,5313002,Asotin County,6,"135 Second St., Asotin, WA , 99402",,08:00 AM-05:00 PM,,ho36301951,false,true,,,,53050020158
Asotin County Auditor's Office,Asotin County Auditor's Office,135 Second St.,,,Asotin,WA,99402,,VSPC,10/24/16,10/28/16,08:00:00 - 07:00,17:00:00 - 07:00,8 a.m. to 5 p.m. Open until 8 p.m. on Election Day.,53050020158,5313002,Asotin County,7,"135 Second St., Asotin, WA , 99402",,08:00 AM-05:00 PM,,ho36301951,false,true,,,,53050020158
Asotin County Auditor's Office,Asotin County Auditor's Office,135 Second St.,,,Asotin,WA,99402,,VSPC,10/31/16,11/4/16,08:00:00 - 07:00,17:00:00 - 07:00,8 a.m. to 5 p.m. Open until 8 p.m. on Election Day.,53050020158,5313002,Asotin County,8,"135 Second St., Asotin, WA , 99402",,08:00 AM-05:00 PM,,ho36301951,false,true,,,,53050020158
Asotin County Auditor's Office,Asotin County Auditor's Office,135 Second St.,,,Asotin,WA,99402,,VSPC,11/7/16,11/7/16,08:00:00 - 08:00,17:00:00 - 08:00,8 a.m. to 5 p.m. Open until 8 p.m. on Election Day.,53050020158,5313002,Asotin County,10,"135 Second St., Asotin, WA , 99402",,08:00 AM-05:00 PM,,ho36301951,false,true,,,,53050020158
Richland Auditor's Office,Richland Auditor's Office,101 Wellsian Way Ste E,Ste E,,Richland,WA,99352,In the Fred Meyer Plaza.,VSPC,10/19/16,10/21/16,08:00:00 - 07:00,17:00:00 - 07:00,8 a.m. to 5 p.m. Replacement Ballots Available. Election Day Hours -- 7am - 8pm.,53050030054,5313003,Benton County,11,"101 Wellsian Way Ste E, Richland, WA , 99352",Ste E In the Fred Meyer Plaza.,08:00 AM-05:00 PM,,ho97229421,false,true,,,,53050030054
Richland Auditor's Office,Richland Auditor's Office,101 Wellsian Way Ste E,Ste E,,Richland,WA,99352,In the Fred Meyer Plaza.,VSPC,10/24/16,10/28/16,08:00:00 - 07:00,17:00:00 - 07:00,8 a.m. to 5 p.m. Replacement Ballots Available. Election Day Hours -- 7am - 8pm.,53050030054,5313003,Benton County,12,"101 Wellsian Way Ste E, Richland, WA , 99352",Ste E In the Fred Meyer Plaza.,08:00 AM-05:00 PM,,ho97229421,false,true,,,,53050030054
Richland Auditor's Office,Richland Auditor's Office,101 Wellsian Way Ste E,Ste E,,Richland,WA,99352,In the Fred Meyer Plaza.,VSPC,10/31/16,11/4/16,08:00:00 - 07:00,17:00:00 - 07:00,8 a.m. to 5 p.m. Replacement Ballots Available. Election Day Hours -- 7am - 8pm.,53050030054,5313003,Benton County,13,"101 Wellsian Way Ste E, Richland, WA , 99352",Ste E In the Fred Meyer Plaza.,08:00 AM-05:00 PM,,ho97229421,false,true,,,,53050030054
Richland Auditor's Office,Richland Auditor's Office,101 Wellsian Way Ste E,Ste E,,Richland,WA,99352,In the Fred Meyer Plaza.,VSPC,11/7/16,11/7/16,08:00:00 - 08:00,17:00:00 - 08:00,8 a.m. to 5 p.m. Replacement Ballots Available. Election Day Hours -- 7am - 8pm.,53050030054,5313003,Benton County,15,"101 Wellsian Way Ste E, Richland, WA , 99352",Ste E In the Fred Meyer Plaza.,08:00 AM-05:00 PM,,ho97229421,false,true,,,,53050030054
Prosser Auditor's Office,Prosser Auditor's Office,620 Market St,,,Prosser,WA,99350,,VSPC,10/19/16,10/21/16,08:00:00 - 07:00,17:00:00 - 07:00,"8 a.m. to 5 p.m. Open until 8 p.m. on Election Day.""",53050030055,5313003,Benton County,16,"620 Market St, Prosser, WA , 99350",,08:00 AM-05:00 PM,,ho61142164,false,true,,,,53050030055
Prosser Auditor's Office,Prosser Auditor's Office,620 Market St,,,Prosser,WA,99350,,VSPC,10/24/16,10/28/16,08:00:00 - 07:00,17:00:00 - 07:00,"8 a.m. to 5 p.m. Open until 8 p.m. on Election Day.""",53050030055,5313003,Benton County,17,"620 Market St, Prosser, WA , 99350",,08:00 AM-05:00 PM,,ho61142164,false,true,,,,53050030055
Prosser Auditor's Office,Prosser Auditor's Office,620 Market St,,,Prosser,WA,99350,,VSPC,10/31/16,11/4/16,08:00:00 - 07:00,17:00:00 - 07:00,"8 a.m. to 5 p.m. Open until 8 p.m. on Election Day.""",53050030055,5313003,Benton County,18,"620 Market St, Prosser, WA , 99350",,08:00 AM-05:00 PM,,ho61142164,false,true,,,,53050030055
Prosser Auditor's Office,Prosser Auditor's Office,620 Market St,,,Prosser,WA,99350,,VSPC,11/7/16,11/7/16,08:00:00 - 08:00,17:00:00 - 08:00,"8 a.m. to 5 p.m. Open until 8 p.m. on Election Day.""",53050030055,5313003,Benton County,20,"620 Market St, Prosser, WA , 99350",,08:00 AM-05:00 PM,,ho61142164,false,true,,,,53050030055
Kennewick Auditor's Office,Kennewick Auditor's Office,5600 W Canal Dr,,,Kennewick,WA,99336,,VSPC,10/19/16,10/21/16,08:00:00 - 07:00,17:00:00 - 07:00,"8a.m. to 5 p.m. Open until 8 p.m. on Election Day.""",53050030056,5313003,Benton County,21,"5600 W Canal Dr, Kennewick, WA , 99336",,08:00 AM-05:00 PM,,ho52407813,false,true,,,,53050030056
Kennewick Auditor's Office,Kennewick Auditor's Office,5600 W Canal Dr,,,Kennewick,WA,99336,,VSPC,10/24/16,10/28/16,08:00:00 - 07:00,17:00:00 - 07:00,"8a.m. to 5 p.m. Open until 8 p.m. on Election Day.""",53050030056,5313003,Benton County,22,"5600 W Canal Dr, Kennewick, WA , 99336",,08:00 AM-05:00 PM,,ho52407813,false,true,,,,53050030056
Kennewick Auditor's Office,Kennewick Auditor's Office,5600 W Canal Dr,,,Kennewick,WA,99336,,VSPC,10/31/16,11/4/16,08:00:00 - 07:00,17:00:00 - 07:00,"8a.m. to 5 p.m. Open until 8 p.m. on Election Day.""",53050030056,5313003,Benton County,23,"5600 W Canal Dr, Kennewick, WA , 99336",,08:00 AM-05:00 PM,,ho52407813,false,true,,,,53050030056
Kennewick Auditor's Office,Kennewick Auditor's Office,5600 W Canal Dr,,,Kennewick,WA,99336,,VSPC,11/7/16,11/7/16,08:00:00 - 08:00,17:00:00 - 08:00,"8a.m. to 5 p.m. Open until 8 p.m. on Election Day.""",53050030056,5313003,Benton County,25,"5600 W Canal Dr, Kennewick, WA , 99336",,08:00 AM-05:00 PM,,ho52407813,false,true,,,,53050030056
Chelan County Auditor - Elections,Chelan County Auditor - Elections,350 Orondo Ave,Level 3,,Wenatchee,WA,98801,Located in Auditor's Office Level 3,VSPC,10/21/16,10/21/16,09:00:00 - 07:00,17:00:00 - 07:00,"9 a.m. to 5 p.m. Open until 8 p.m. on Election Day.""",53050040014,5313004,Chelan County,26,"350 Orondo Ave, Wenatchee, WA , 98801",Level 3 Located in Auditor's Office Level 3,09:00 AM-05:00 PM,,ho45835133,false,true,,,,53050040014
Chelan County Auditor - Elections,Chelan County Auditor - Elections,350 Orondo Ave,Level 3,,Wenatchee,WA,98801,Located in Auditor's Office Level 3,VSPC,10/24/16,10/28/16,09:00:00 - 07:00,17:00:00 - 07:00,"9 a.m. to 5 p.m. Open until 8 p.m. on Election Day.""",53050040014,5313004,Chelan County,27,"350 Orondo Ave, Wenatchee, WA , 98801",Level 3 Located in Auditor's Office Level 3,09:00 AM-05:00 PM,,ho45835133,false,true,,,,53050040014
Chelan County Auditor - Elections,Chelan County Auditor - Elections,350 Orondo Ave,Level 3,,Wenatchee,WA,98801,Located in Auditor's Office Level 3,VSPC,10/31/16,11/4/16,09:00:00 - 07:00,17:00:00 - 07:00,"9 a.m. to 5 p.m. Open until 8 p.m. on Election Day.""",53050040014,5313004,Chelan County,28,"350 Orondo Ave, Wenatchee, WA , 98801",Level 3 Located in Auditor's Office Level 3,09:00 AM-05:00 PM,,ho45835133,false,true,,,,53050040014
Chelan County Auditor - Elections,Chelan County Auditor - Elections,350 Orondo Ave,Level 3,,Wenatchee,WA,98801,Located in Auditor's Office Level 3,VSPC,11/7/16,11/7/16,09:00:00 - 08:00,17:00:00 - 08:00,"9 a.m. to 5 p.m. Open until 8 p.m. on Election Day.""",53050040014,5313004,Chelan County,29,"350 Orondo Ave, Wenatchee, WA , 98801",Level 3 Located in Auditor's Office Level 3,09:00 AM-05:00 PM,,ho45835133,false,true,,,,53050040014
Clallam County Auditor's Office,Clallam County Auditor's Office,223 E 4th St,Suite 1,,Port Angeles,WA,98362,,VSPC,10/19/16,10/21/16,08:30:00 - 07:00,16:30:00 - 07:00,"Office hours are 8:30 a.m. - 4:30 p.m. On Election Day we are open 8:30 a.m. - 8:00 p.m.""",53050050284,5313005,Clallam County,30,"223 E 4th St, Port Angeles, WA , 98362",Suite 1,08:30 AM-04:30 PM,,ho90193532,false,true,,,,53050050284
Clallam County Auditor's Office,Clallam County Auditor's Office,223 E 4th St,Suite 1,,Port Angeles,WA,98362,,VSPC,10/24/16,10/28/16,08:30:00 - 07:00,16:30:00 - 07:00,"Office hours are 8:30 a.m. - 4:30 p.m. On Election Day we are open 8:30 a.m. - 8:00 p.m.""",53050050284,5313005,Clallam County,31,"223 E 4th St, Port Angeles, WA , 98362",Suite 1,08:30 AM-04:30 PM,,ho90193532,false,true,,,,53050050284
Clallam County Auditor's Office,Clallam County Auditor's Office,223 E 4th St,Suite 1,,Port Angeles,WA,98362,,VSPC,10/31/16,11/4/16,08:30:00 - 07:00,16:30:00 - 07:00,"Office hours are 8:30 a.m. - 4:30 p.m. On Election Day we are open 8:30 a.m. - 8:00 p.m.""",53050050284,5313005,Clallam County,32,"223 E 4th St, Port Angeles, WA , 98362",Suite 1,08:30 AM-04:30 PM,,ho90193532,false,true,,,,53050050284
Clallam County Auditor's Office,Clallam County Auditor's Office,223 E 4th St,Suite 1,,Port Angeles,WA,98362,,VSPC,11/7/16,11/7/16,08:30:00 - 08:00,16:30:00 - 08:00,"Office hours are 8:30 a.m. - 4:30 p.m. On Election Day we are open 8:30 a.m. - 8:00 p.m.""",53050050284,5313005,Clallam County,33,"223 E 4th St, Port Angeles, WA , 98362",Suite 1,08:30 AM-04:30 PM,,ho90193532,false,true,,,,53050050284
Clark County Elections Office,Clark County Elections Office,1408 Franklin Street,,,Vancouver,WA,98660,,VSPC,10/21/16,10/21/16,08:00:00 - 07:00,17:00:00 - 07:00,8  a.m. to 5  p.m. 7 am to 8 pm ELECTION DAY ONLY,53050060242,5313006,Clark County,34,"1408 Franklin Street, Vancouver, WA , 98660",,08:00 AM-05:00 PM,,ho78282783,false,true,,,,53050060242
Clark County Elections Office,Clark County Elections Office,1408 Franklin Street,,,Vancouver,WA,98660,,VSPC,10/24/16,10/28/16,08:00:00 - 07:00,17:00:00 - 07:00,8  a.m. to 5  p.m. 7 am to 8 pm ELECTION DAY ONLY,53050060242,5313006,Clark County,35,"1408 Franklin Street, Vancouver, WA , 98660",,08:00 AM-05:00 PM,,ho78282783,false,true,,,,53050060242
Clark County Elections Office,Clark County Elections Office,1408 Franklin Street,,,Vancouver,WA,98660,,VSPC,10/31/16,11/4/16,08:00:00 - 07:00,17:00:00 - 07:00,8  a.m. to 5  p.m. 7 am to 8 pm ELECTION DAY ONLY,53050060242,5313006,Clark County,36,"1408 Franklin Street, Vancouver, WA , 98660",,08:00 AM-05:00 PM,,ho78282783,false,true,,,,53050060242
Clark County Elections Office,Clark County Elections Office,1408 Franklin Street,,,Vancouver,WA,98660,,VSPC,11/7/16,11/7/16,08:00:00 - 08:00,17:00:00 - 08:00,8  a.m. to 5  p.m. 7 am to 8 pm ELECTION DAY ONLY,53050060242,5313006,Clark County,38,"1408 Franklin Street, Vancouver, WA , 98660",,08:00 AM-05:00 PM,,ho78282783,false,true,,,,53050060242
Columbia County Auditor's Office,Columbia County Auditor's Office,341 East Main Street,,,Dayton,WA,99328,,VSPC,10/19/16,10/21/16,08:30:00 - 07:00,16:30:00 - 07:00,"8:30 a.m. to 4:30 p.m. Open until 8 p.m. on Election Day.""",53050070159,5313007,Columbia County,39,"341 East Main Street, Dayton, WA , 99328",,08:30 AM-04:30 PM,,ho23531275,false,true,,,,53050070159
Columbia County Auditor's Office,Columbia County Auditor's Office,341 East Main Street,,,Dayton,WA,99328,,VSPC,10/24/16,10/28/16,08:30:00 - 07:00,16:30:00 - 07:00,"8:30 a.m. to 4:30 p.m. Open until 8 p.m. on Election Day.""",53050070159,5313007,Columbia County,40,"341 East Main Street, Dayton, WA , 99328",,08:30 AM-04:30 PM,,ho23531275,false,true,,,,53050070159
Columbia County Auditor's Office,Columbia County Auditor's Office,341 East Main Street,,,Dayton,WA,99328,,VSPC,10/31/16,11/4/16,08:30:00 - 07:00,16:30:00 - 07:00,"8:30 a.m. to 4:30 p.m. Open until 8 p.m. on Election Day.""",53050070159,5313007,Columbia County,41,"341 East Main Street, Dayton, WA , 99328",,08:30 AM-04:30 PM,,ho23531275,false,true,,,,53050070159
Columbia County Auditor's Office,Columbia County Auditor's Office,341 East Main Street,,,Dayton,WA,99328,,VSPC,11/7/16,11/7/16,08:30:00 - 08:00,16:30:00 - 08:00,"8:30 a.m. to 4:30 p.m. Open until 8 p.m. on Election Day.""",53050070159,5313007,Columbia County,43,"341 East Main Street, Dayton, WA , 99328",,08:30 AM-04:30 PM,,ho23531275,false,true,,,,53050070159
Cowlitz County Auditor's Office,Cowlitz County Auditor's Office,207 4th Avenue N.,Rm 107,,Kelso,WA,98626,,VSPC,10/19/16,10/21/16,08:30:00 - 07:00,17:00:00 - 07:00,8:30 a.m. to 5 p.m. Open until 8 p.m. on Election Day.,53050080157,5313008,Cowlitz County,44,"207 4th Avenue N., Kelso, WA , 98626",Rm 107,08:30 AM-05:00 PM,,ho4564031,false,true,,,,53050080157
Cowlitz County Auditor's Office,Cowlitz County Auditor's Office,207 4th Avenue N.,Rm 107,,Kelso,WA,98626,,VSPC,10/24/16,10/28/16,08:30:00 - 07:00,17:00:00 - 07:00,8:30 a.m. to 5 p.m. Open until 8 p.m. on Election Day.,53050080157,5313008,Cowlitz County,45,"207 4th Avenue N., Kelso, WA , 98626",Rm 107,08:30 AM-05:00 PM,,ho4564031,false,true,,,,53050080157
Cowlitz County Auditor's Office,Cowlitz County Auditor's Office,207 4th Avenue N.,Rm 107,,Kelso,WA,98626,,VSPC,10/31/16,11/4/16,08:30:00 - 07:00,17:00:00 - 07:00,8:30 a.m. to 5 p.m. Open until 8 p.m. on Election Day.,53050080157,5313008,Cowlitz County,46,"207 4th Avenue N., Kelso, WA , 98626",Rm 107,08:30 AM-05:00 PM,,ho4564031,false,true,,,,53050080157
Cowlitz County Auditor's Office,Cowlitz County Auditor's Office,207 4th Avenue N.,Rm 107,,Kelso,WA,98626,,VSPC,11/7/16,11/7/16,08:30:00 - 08:00,17:00:00 - 08:00,8:30 a.m. to 5 p.m. Open until 8 p.m. on Election Day.,53050080157,5313008,Cowlitz County,48,"207 4th Avenue N., Kelso, WA , 98626",Rm 107,08:30 AM-05:00 PM,,ho4564031,false,true,,,,53050080157
Douglas County Auditor's Office,Douglas County Auditor's Office,213 S Rainier St,,,Waterville,WA,98858,,VSPC,10/19/16,10/21/16,08:30:00 - 07:00,16:30:00 - 07:00,"8:30 a.m. to 4:30 p.m. Open until 8 p.m. on Election Day.""",53050090160,5313009,Douglas County,49,"213 S Rainier St, Waterville, WA , 98858",,08:30 AM-04:30 PM,,ho48500091,false,true,,,,53050090160
Douglas County Auditor's Office,Douglas County Auditor's Office,213 S Rainier St,,,Waterville,WA,98858,,VSPC,10/24/16,10/28/16,08:30:00 - 07:00,16:30:00 - 07:00,"8:30 a.m. to 4:30 p.m. Open until 8 p.m. on Election Day.""",53050090160,5313009,Douglas County,50,"213 S Rainier St, Waterville, WA , 98858",,08:30 AM-04:30 PM,,ho48500091,false,true,,,,53050090160
Douglas County Auditor's Office,Douglas County Auditor's Office,213 S Rainier St,,,Waterville,WA,98858,,VSPC,10/31/16,11/4/16,08:30:00 - 07:00,16:30:00 - 07:00,"8:30 a.m. to 4:30 p.m. Open until 8 p.m. on Election Day.""",53050090160,5313009,Douglas County,51,"213 S Rainier St, Waterville, WA , 98858",,08:30 AM-04:30 PM,,ho48500091,false,true,,,,53050090160
Douglas County Auditor's Office,Douglas County Auditor's Office,213 S Rainier St,,,Waterville,WA,98858,,VSPC,11/7/16,11/7/16,08:30:00 - 08:00,16:30:00 - 08:00,"8:30 a.m. to 4:30 p.m. Open until 8 p.m. on Election Day.""",53050090160,5313009,Douglas County,53,"213 S Rainier St, Waterville, WA , 98858",,08:30 AM-04:30 PM,,ho48500091,false,true,,,,53050090160
Ferry County Courthouse,Ferry County Courthouse,350 E. Delaware Ave,,,Republic ,WA,99166,,VSPC,10/19/16,10/21/16,08:00:00 - 07:00,16:00:00 - 07:00,8  a.m. to 4  p.m. Phone number (509)775-5200.Office is open from 7 a.m. to 8 p.m. on Election Day only.,53050100005,5313010,Ferry County,54,"350 E. Delaware Ave, Republic , WA , 99166",,08:00 AM-04:00 PM,,ho40002157,false,true,,,,53050100005
Ferry County Courthouse,Ferry County Courthouse,350 E. Delaware Ave,,,Republic ,WA,99166,,VSPC,10/24/16,10/28/16,08:00:00 - 07:00,16:00:00 - 07:00,8  a.m. to 4  p.m. Phone number (509)775-5200.Office is open from 7 a.m. to 8 p.m. on Election Day only.,53050100005,5313010,Ferry County,55,"350 E. Delaware Ave, Republic , WA , 99166",,08:00 AM-04:00 PM,,ho40002157,false,true,,,,53050100005
Ferry County Courthouse,Ferry County Courthouse,350 E. Delaware Ave,,,Republic ,WA,99166,,VSPC,10/31/16,11/4/16,08:00:00 - 07:00,16:00:00 - 07:00,8  a.m. to 4  p.m. Phone number (509)775-5200.Office is open from 7 a.m. to 8 p.m. on Election Day only.,53050100005,5313010,Ferry County,56,"350 E. Delaware Ave, Republic , WA , 99166",,08:00 AM-04:00 PM,,ho40002157,false,true,,,,53050100005
Ferry County Courthouse,Ferry County Courthouse,350 E. Delaware Ave,,,Republic ,WA,99166,,VSPC,11/7/16,11/7/16,08:00:00 - 08:00,16:00:00 - 08:00,8  a.m. to 4  p.m. Phone number (509)775-5200.Office is open from 7 a.m. to 8 p.m. on Election Day only.,53050100005,5313010,Ferry County,58,"350 E. Delaware Ave, Republic , WA , 99166",,08:00 AM-04:00 PM,,ho40002157,false,true,,,,53050100005
Franklin County Auditor's Office,Franklin County Auditor's Office,1016 N. 4th Ave,,,Pasco,WA,99301,,VSPC,10/19/16,10/21/16,08:30:00 - 07:00,17:00:00 - 07:00,8:30 a.m. to 5 p.m. Open until 8 p.m. on Election Day.,53050110149,5313011,Franklin County,59,"1016 N. 4th Ave, Pasco, WA , 99301",,08:30 AM-05:00 PM,,ho27306155,false,true,,,,53050110149
Franklin County Auditor's Office,Franklin County Auditor's Office,1016 N. 4th Ave,,,Pasco,WA,99301,,VSPC,10/24/16,10/28/16,08:30:00 - 07:00,17:00:00 - 07:00,8:30 a.m. to 5 p.m. Open until 8 p.m. on Election Day.,53050110149,5313011,Franklin County,60,"1016 N. 4th Ave, Pasco, WA , 99301",,08:30 AM-05:00 PM,,ho27306155,false,true,,,,53050110149
Franklin County Auditor's Office,Franklin County Auditor's Office,1016 N. 4th Ave,,,Pasco,WA,99301,,VSPC,10/31/16,11/4/16,08:30:00 - 07:00,17:00:00 - 07:00,8:30 a.m. to 5 p.m. Open until 8 p.m. on Election Day.,53050110149,5313011,Franklin County,61,"1016 N. 4th Ave, Pasco, WA , 99301",,08:30 AM-05:00 PM,,ho27306155,false,true,,,,53050110149
Franklin County Auditor's Office,Franklin County Auditor's Office,1016 N. 4th Ave,,,Pasco,WA,99301,,VSPC,11/7/16,11/7/16,08:30:00 - 08:00,17:00:00 - 08:00,8:30 a.m. to 5 p.m. Open until 8 p.m. on Election Day.,53050110149,5313011,Franklin County,63,"1016 N. 4th Ave, Pasco, WA , 99301",,08:30 AM-05:00 PM,,ho27306155,false,true,,,,53050110149
Garfield County Auditor's Office Voter Service Center (VSPC),Garfield County Auditor's Office,789 Main St,,,Pomeroy,WA,99347,,VSPC,10/19/16,10/21/16,08:30:00 - 07:00,17:00:00 - 07:00,8:30 a.m. to 5 p.m. Open until 8 p.m. on Election Day.,53050120161,5313012,Garfield County,64,"789 Main St, Pomeroy, WA , 99347",,08:30 AM-05:00 PM,,ho49453018,false,true,,,,53050120161
Garfield County Auditor's Office Voter Service Center (VSPC),Garfield County Auditor's Office,789 Main St,,,Pomeroy,WA,99347,,VSPC,10/24/16,10/28/16,08:30:00 - 07:00,17:00:00 - 07:00,8:30 a.m. to 5 p.m. Open until 8 p.m. on Election Day.,53050120161,5313012,Garfield County,65,"789 Main St, Pomeroy, WA , 99347",,08:30 AM-05:00 PM,,ho49453018,false,true,,,,53050120161
Garfield County Auditor's Office Voter Service Center (VSPC),Garfield County Auditor's Office,789 Main St,,,Pomeroy,WA,99347,,VSPC,10/31/16,11/4/16,08:30:00 - 07:00,17:00:00 - 07:00,8:30 a.m. to 5 p.m. Open until 8 p.m. on Election Day.,53050120161,5313012,Garfield County,66,"789 Main St, Pomeroy, WA , 99347",,08:30 AM-05:00 PM,,ho49453018,false,true,,,,53050120161
Garfield County Auditor's Office Voter Service Center (VSPC),Garfield County Auditor's Office,789 Main St,,,Pomeroy,WA,99347,,VSPC,11/7/16,11/7/16,08:30:00 - 08:00,17:00:00 - 08:00,8:30 a.m. to 5 p.m. Open until 8 p.m. on Election Day.,53050120161,5313012,Garfield County,68,"789 Main St, Pomeroy, WA , 99347",,08:30 AM-05:00 PM,,ho49453018,false,true,,,,53050120161
Grant County Auditor's Office,Grant County Auditor's Office,35 C St NW,,,Ephrata,WA,98823,,VSPC,10/19/16,10/21/16,08:00:00 - 07:00,17:00:00 - 07:00,8 a.m. to 5 p.m. Open until 8 p.m. on Election Day.,53050130162,5313013,Grant County,69,"35 C St NW, Ephrata, WA , 98823",,08:00 AM-05:00 PM,,ho78733546,false,true,,,,53050130162
Grant County Auditor's Office,Grant County Auditor's Office,35 C St NW,,,Ephrata,WA,98823,,VSPC,10/24/16,10/28/16,08:00:00 - 07:00,17:00:00 - 07:00,8 a.m. to 5 p.m. Open until 8 p.m. on Election Day.,53050130162,5313013,Grant County,70,"35 C St NW, Ephrata, WA , 98823",,08:00 AM-05:00 PM,,ho78733546,false,true,,,,53050130162
Grant County Auditor's Office,Grant County Auditor's Office,35 C St NW,,,Ephrata,WA,98823,,VSPC,10/31/16,11/4/16,08:00:00 - 07:00,17:00:00 - 07:00,8 a.m. to 5 p.m. Open until 8 p.m. on Election Day.,53050130162,5313013,Grant County,71,"35 C St NW, Ephrata, WA , 98823",,08:00 AM-05:00 PM,,ho78733546,false,true,,,,53050130162
Grant County Auditor's Office,Grant County Auditor's Office,35 C St NW,,,Ephrata,WA,98823,,VSPC,11/7/16,11/7/16,08:00:00 - 08:00,17:00:00 - 08:00,8 a.m. to 5 p.m. Open until 8 p.m. on Election Day.,53050130162,5313013,Grant County,73,"35 C St NW, Ephrata, WA , 98823",,08:00 AM-05:00 PM,,ho78733546,false,true,,,,53050130162
Grays Harbor County Auditor,Grays Harbor County Auditor,100 W Broadway,Ste 2,,Montesano,WA,98563,The Auditor's Office is located on the first floor of the Grays Harbor County Admin Building next to the courthouse. Handicapped parking is available at the rear of the building.,VSPC,10/19/16,10/21/16,09:00:00 - 07:00,16:30:00 - 07:00,9 a.m. to 4:30 p.m. Open until 8 p.m. on Election Day.,53050140135,5313014,Grays Harbor County,74,"100 W Broadway, Montesano, WA , 98563",Ste 2 The Auditor's Office is located on the first floor of the Grays Harbor County Admin Building next to the courthouse. Handicapped parking is available at the rear of the building.,09:00 AM-04:30 PM,,ho79782906,false,true,,,,53050140135
Grays Harbor County Auditor,Grays Harbor County Auditor,100 W Broadway,Ste 2,,Montesano,WA,98563,The Auditor's Office is located on the first floor of the Grays Harbor County Admin Building next to the courthouse. Handicapped parking is available at the rear of the building.,VSPC,10/24/16,10/28/16,09:00:00 - 07:00,16:30:00 - 07:00,9 a.m. to 4:30 p.m. Open until 8 p.m. on Election Day.,53050140135,5313014,Grays Harbor County,75,"100 W Broadway, Montesano, WA , 98563",Ste 2 The Auditor's Office is located on the first floor of the Grays Harbor County Admin Building next to the courthouse. Handicapped parking is available at the rear of the building.,09:00 AM-04:30 PM,,ho79782906,false,true,,,,53050140135
Grays Harbor County Auditor,Grays Harbor County Auditor,100 W Broadway,Ste 2,,Montesano,WA,98563,The Auditor's Office is located on the first floor of the Grays Harbor County Admin Building next to the courthouse. Handicapped parking is available at the rear of the building.,VSPC,10/31/16,11/4/16,09:00:00 - 07:00,16:30:00 - 07:00,9 a.m. to 4:30 p.m. Open until 8 p.m. on Election Day.,53050140135,5313014,Grays Harbor County,76,"100 W Broadway, Montesano, WA , 98563",Ste 2 The Auditor's Office is located on the first floor of the Grays Harbor County Admin Building next to the courthouse. Handicapped parking is available at the rear of the building.,09:00 AM-04:30 PM,,ho79782906,false,true,,,,53050140135
Grays Harbor County Auditor,Grays Harbor County Auditor,100 W Broadway,Ste 2,,Montesano,WA,98563,The Auditor's Office is located on the first floor of the Grays Harbor County Admin Building next to the courthouse. Handicapped parking is available at the rear of the building.,VSPC,11/7/16,11/7/16,09:00:00 - 08:00,16:30:00 - 08:00,9 a.m. to 4:30 p.m. Open until 8 p.m. on Election Day.,53050140135,5313014,Grays Harbor County,78,"100 W Broadway, Montesano, WA , 98563",Ste 2 The Auditor's Office is located on the first floor of the Grays Harbor County Admin Building next to the courthouse. Handicapped parking is available at the rear of the building.,09:00 AM-04:30 PM,,ho79782906,false,true,,,,53050140135
Island County Auditor's Office Voter Service Center (VSPC),Island County Auditor's Office,400 North Main Street,,,Coupeville,WA,98239,,VSPC,10/19/16,10/20/16,09:00:00 - 07:00,16:00:00 - 07:00,"Office is open Monday through Thursday 9:00 a.m. to 4:00 p.m.On Election Day only, the office is open until 8:00 p.m.",53050150163,5313015,Island County,79,"400 North Main Street, Coupeville, WA , 98239",,09:00 AM-04:00 PM,,ho42090491,false,true,,,,53050150163
Island County Auditor's Office Voter Service Center (VSPC),Island County Auditor's Office,400 North Main Street,,,Coupeville,WA,98239,,VSPC,10/24/16,10/27/16,09:00:00 - 07:00,16:00:00 - 07:00,"Office is open Monday through Thursday 9:00 a.m. to 4:00 p.m.On Election Day only, the office is open until 8:00 p.m.",53050150163,5313015,Island County,80,"400 North Main Street, Coupeville, WA , 98239",,09:00 AM-04:00 PM,,ho42090491,false,true,,,,53050150163
Island County Auditor's Office Voter Service Center (VSPC),Island County Auditor's Office,400 North Main Street,,,Coupeville,WA,98239,,VSPC,10/31/16,11/3/16,09:00:00 - 07:00,16:00:00 - 07:00,"Office is open Monday through Thursday 9:00 a.m. to 4:00 p.m.On Election Day only, the office is open until 8:00 p.m.",53050150163,5313015,Island County,81,"400 North Main Street, Coupeville, WA , 98239",,09:00 AM-04:00 PM,,ho42090491,false,true,,,,53050150163
Island County Auditor's Office Voter Service Center (VSPC),Island County Auditor's Office,400 North Main Street,,,Coupeville,WA,98239,,VSPC,11/7/16,11/7/16,09:00:00 - 08:00,16:00:00 - 08:00,"Office is open Monday through Thursday 9:00 a.m. to 4:00 p.m.On Election Day only, the office is open until 8:00 p.m.",53050150163,5313015,Island County,82,"400 North Main Street, Coupeville, WA , 98239",,09:00 AM-04:00 PM,,ho42090491,false,true,,,,53050150163
Jefferson County Auditor,Jefferson County Auditor,1820 Jefferson St,,,Port Townsend,WA,98368,Jefferson & Cass Streets. Auditor's Office is located on the first floor of the County Courthouse.,VSPC,10/19/16,10/21/16,08:30:00 - 07:00,16:30:00 - 07:00,8:30 a.m. to 4:30 p.m. Election Day hours are 8 a.m. to 8 p.m.,53050160241,5313016,Jefferson County,83,"1820 Jefferson St, Port Townsend, WA , 98368",Jefferson & Cass Streets. Auditor's Office is located on the first floor of the County Courthouse.,08:30 AM-04:30 PM,,ho34798750,false,true,,,,53050160241
Jefferson County Auditor,Jefferson County Auditor,1820 Jefferson St,,,Port Townsend,WA,98368,Jefferson & Cass Streets. Auditor's Office is located on the first floor of the County Courthouse.,VSPC,10/24/16,10/28/16,08:30:00 - 07:00,16:30:00 - 07:00,8:30 a.m. to 4:30 p.m. Election Day hours are 8 a.m. to 8 p.m.,53050160241,5313016,Jefferson County,84,"1820 Jefferson St, Port Townsend, WA , 98368",Jefferson & Cass Streets. Auditor's Office is located on the first floor of the County Courthouse.,08:30 AM-04:30 PM,,ho34798750,false,true,,,,53050160241
Jefferson County Auditor,Jefferson County Auditor,1820 Jefferson St,,,Port Townsend,WA,98368,Jefferson & Cass Streets. Auditor's Office is located on the first floor of the County Courthouse.,VSPC,10/31/16,11/4/16,08:30:00 - 07:00,16:30:00 - 07:00,8:30 a.m. to 4:30 p.m. Election Day hours are 8 a.m. to 8 p.m.,53050160241,5313016,Jefferson County,85,"1820 Jefferson St, Port Townsend, WA , 98368",Jefferson & Cass Streets. Auditor's Office is located on the first floor of the County Courthouse.,08:30 AM-04:30 PM,,ho34798750,false,true,,,,53050160241
Jefferson County Auditor,Jefferson County Auditor,1820 Jefferson St,,,Port Townsend,WA,98368,Jefferson & Cass Streets. Auditor's Office is located on the first floor of the County Courthouse.,VSPC,11/7/16,11/7/16,08:30:00 - 08:00,16:30:00 - 08:00,8:30 a.m. to 4:30 p.m. Election Day hours are 8 a.m. to 8 p.m.,53050160241,5313016,Jefferson County,87,"1820 Jefferson St, Port Townsend, WA , 98368",Jefferson & Cass Streets. Auditor's Office is located on the first floor of the County Courthouse.,08:30 AM-04:30 PM,,ho34798750,false,true,,,,53050160241
(Renton) King County Elections Office Voter Service Center (VSPC),King County Elections Office,919 SW Grady Way,,,Renton,WA,98057,,VSPC,10/24/16,10/28/16,08:30:00 - 07:00,16:30:00 - 07:00,"Open the following hours: -Weekdays, July 18-29, 8:30 a.m. - 4:30 p.m. -¢äSaturday, July 30, 10 a.m. - 3 p.m.¢äMonday, August 1, 8:30 a.m. - 7 p.m.¢äTuesday, August 2, 8:30 a.m. - 8 p.m.",53050170433,5313017,King County,88,"919 SW Grady Way, Renton, WA , 98057",,08:30 AM-04:30 PM,,ho35678031,false,true,,,,53050170433
(Renton) King County Elections Office Voter Service Center (VSPC),King County Elections Office,919 SW Grady Way,,,Renton,WA,98057,,VSPC,10/31/16,11/4/16,08:30:00 - 07:00,16:30:00 - 07:00,"Open the following hours: -Weekdays, July 18-29, 8:30 a.m. - 4:30 p.m. -¢äSaturday, July 30, 10 a.m. - 3 p.m.¢äMonday, August 1, 8:30 a.m. - 7 p.m.¢äTuesday, August 2, 8:30 a.m. - 8 p.m.",53050170433,5313017,King County,89,"919 SW Grady Way, Renton, WA , 98057",,08:30 AM-04:30 PM,,ho35678031,false,true,,,,53050170433
(Renton) King County Elections Office Voter Service Center (VSPC),King County Elections Office,919 SW Grady Way,,,Renton,WA,98057,,VSPC,11/7/16,11/7/16,08:30:00 - 08:00,16:30:00 - 08:00,"Open the following hours: -Weekdays, July 18-29, 8:30 a.m. - 4:30 p.m. -¢äSaturday, July 30, 10 a.m. - 3 p.m.¢äMonday, August 1, 8:30 a.m. - 7 p.m.¢äTuesday, August 2, 8:30 a.m. - 8 p.m.",53050170433,5313017,King County,90,"919 SW Grady Way, Renton, WA , 98057",,08:30 AM-04:30 PM,,ho35678031,false,true,,,,53050170433
South Kitsap Voter Service Center (VSPC),County Administration Building,619 Division St,,,Port Orchard,WA,98366,,VSPC,10/21/16,10/21/16,08:00:00 - 07:00,16:30:00 - 07:00,8  a.m. to 4:30  p.m. Open 7 a.m. to 8 p.m. Election Day,53050180329,5313018,Kitsap County,91,"619 Division St, Port Orchard, WA , 98366",,08:00 AM-04:30 PM,,ho30103080,false,true,,,,53050180329
South Kitsap Voter Service Center (VSPC),County Administration Building,619 Division St,,,Port Orchard,WA,98366,,VSPC,10/24/16,10/28/16,08:00:00 - 07:00,16:30:00 - 07:00,8  a.m. to 4:30  p.m. Open 7 a.m. to 8 p.m. Election Day,53050180329,5313018,Kitsap County,92,"619 Division St, Port Orchard, WA , 98366",,08:00 AM-04:30 PM,,ho30103080,false,true,,,,53050180329
South Kitsap Voter Service Center (VSPC),County Administration Building,619 Division St,,,Port Orchard,WA,98366,,VSPC,10/31/16,11/4/16,08:00:00 - 07:00,16:30:00 - 07:00,8  a.m. to 4:30  p.m. Open 7 a.m. to 8 p.m. Election Day,53050180329,5313018,Kitsap County,93,"619 Division St, Port Orchard, WA , 98366",,08:00 AM-04:30 PM,,ho30103080,false,true,,,,53050180329
South Kitsap Voter Service Center (VSPC),County Administration Building,619 Division St,,,Port Orchard,WA,98366,,VSPC,11/7/16,11/7/16,08:00:00 - 08:00,16:30:00 - 08:00,8  a.m. to 4:30  p.m. Open 7 a.m. to 8 p.m. Election Day,53050180329,5313018,Kitsap County,95,"619 Division St, Port Orchard, WA , 98366",,08:00 AM-04:30 PM,,ho30103080,false,true,,,,53050180329
Kittitas County Auditor's Office Voter Service Center (VSPC),Kittitas County Auditor's Office,205 W 5th,Ste 105,,Ellensburg,WA,98926,,VSPC,10/19/16,10/21/16,09:00:00 - 07:00,17:00:00 - 07:00,9 a.m. to 5 p.m. Open until 8 p.m. on Election Day.,53050190204,5313019,Kittitas County,96,"205 W 5th, Ellensburg, WA , 98926",Ste 105,09:00 AM-05:00 PM,,ho90703629,false,true,,,,53050190204
Kittitas County Auditor's Office Voter Service Center (VSPC),Kittitas County Auditor's Office,205 W 5th,Ste 105,,Ellensburg,WA,98926,,VSPC,10/24/16,10/28/16,09:00:00 - 07:00,17:00:00 - 07:00,9 a.m. to 5 p.m. Open until 8 p.m. on Election Day.,53050190204,5313019,Kittitas County,97,"205 W 5th, Ellensburg, WA , 98926",Ste 105,09:00 AM-05:00 PM,,ho90703629,false,true,,,,53050190204
Kittitas County Auditor's Office Voter Service Center (VSPC),Kittitas County Auditor's Office,205 W 5th,Ste 105,,Ellensburg,WA,98926,,VSPC,10/31/16,11/4/16,09:00:00 - 07:00,17:00:00 - 07:00,9 a.m. to 5 p.m. Open until 8 p.m. on Election Day.,53050190204,5313019,Kittitas County,98,"205 W 5th, Ellensburg, WA , 98926",Ste 105,09:00 AM-05:00 PM,,ho90703629,false,true,,,,53050190204
Kittitas County Auditor's Office Voter Service Center (VSPC),Kittitas County Auditor's Office,205 W 5th,Ste 105,,Ellensburg,WA,98926,,VSPC,11/7/16,11/7/16,09:00:00 - 08:00,17:00:00 - 08:00,9 a.m. to 5 p.m. Open until 8 p.m. on Election Day.,53050190204,5313019,Kittitas County,100,"205 W 5th, Ellensburg, WA , 98926",Ste 105,09:00 AM-05:00 PM,,ho90703629,false,true,,,,53050190204
Auditor's Office,Auditor's Office,205 S. Columbus Ave.,Rm 203,,Goldendale,WA,98620,"The Auditor's Office is located in Room 203 of the County Courthouse building. Enter the main doors, come up the stairs and turn left.",VSPC,10/21/16,10/21/16,08:30:00 - 07:00,17:00:00 - 07:00,8:30  a.m. to 5  p.m. Office is open from 8:30 a.m. to 8 p.m. on Election Day.,53050200144,5313020,Klickitat County,101,"205 S. Columbus Ave., Goldendale, WA , 98620","Rm 203 The Auditor's Office is located in Room 203 of the County Courthouse building. Enter the main doors, come up the stairs and turn left.",08:30 AM-05:00 PM,,ho51541762,false,true,,,,53050200144
Auditor's Office,Auditor's Office,205 S. Columbus Ave.,Rm 203,,Goldendale,WA,98620,"The Auditor's Office is located in Room 203 of the County Courthouse building. Enter the main doors, come up the stairs and turn left.",VSPC,10/24/16,10/28/16,08:30:00 - 07:00,17:00:00 - 07:00,8:30  a.m. to 5  p.m. Office is open from 8:30 a.m. to 8 p.m. on Election Day.,53050200144,5313020,Klickitat County,102,"205 S. Columbus Ave., Goldendale, WA , 98620","Rm 203 The Auditor's Office is located in Room 203 of the County Courthouse building. Enter the main doors, come up the stairs and turn left.",08:30 AM-05:00 PM,,ho51541762,false,true,,,,53050200144
Auditor's Office,Auditor's Office,205 S. Columbus Ave.,Rm 203,,Goldendale,WA,98620,"The Auditor's Office is located in Room 203 of the County Courthouse building. Enter the main doors, come up the stairs and turn left.",VSPC,10/31/16,11/4/16,08:30:00 - 07:00,17:00:00 - 07:00,8:30  a.m. to 5  p.m. Office is open from 8:30 a.m. to 8 p.m. on Election Day.,53050200144,5313020,Klickitat County,103,"205 S. Columbus Ave., Goldendale, WA , 98620","Rm 203 The Auditor's Office is located in Room 203 of the County Courthouse building. Enter the main doors, come up the stairs and turn left.",08:30 AM-05:00 PM,,ho51541762,false,true,,,,53050200144
Auditor's Office,Auditor's Office,205 S. Columbus Ave.,Rm 203,,Goldendale,WA,98620,"The Auditor's Office is located in Room 203 of the County Courthouse building. Enter the main doors, come up the stairs and turn left.",VSPC,11/7/16,11/7/16,08:30:00 - 08:00,17:00:00 - 08:00,8:30  a.m. to 5  p.m. Office is open from 8:30 a.m. to 8 p.m. on Election Day.,53050200144,5313020,Klickitat County,105,"205 S. Columbus Ave., Goldendale, WA , 98620","Rm 203 The Auditor's Office is located in Room 203 of the County Courthouse building. Enter the main doors, come up the stairs and turn left.",08:30 AM-05:00 PM,,ho51541762,false,true,,,,53050200144
Lewis County Auditor's Office Voter Service Center (VSPC),Lewis County Auditor's Office,351 N.W. North St.,,,Chehalis,WA,98532,Take exit 77 from I-5. Auditor's Office is at the west end of the Historic Courthouse.,VSPC,10/19/16,10/21/16,08:00:00 - 07:00,16:30:00 - 07:00,8 a.m. to 4:30 p.m. Open until 8 p.m. on Election Day.,53050210143,5313021,Lewis County,106,"351 N.W. North St., Chehalis, WA , 98532",Take exit 77 from I-5. Auditor's Office is at the west end of the Historic Courthouse.,08:00 AM-04:30 PM,,ho21414748,false,true,,,,53050210143
Lewis County Auditor's Office Voter Service Center (VSPC),Lewis County Auditor's Office,351 N.W. North St.,,,Chehalis,WA,98532,Take exit 77 from I-5. Auditor's Office is at the west end of the Historic Courthouse.,VSPC,10/24/16,10/28/16,08:00:00 - 07:00,16:30:00 - 07:00,8 a.m. to 4:30 p.m. Open until 8 p.m. on Election Day.,53050210143,5313021,Lewis County,107,"351 N.W. North St., Chehalis, WA , 98532",Take exit 77 from I-5. Auditor's Office is at the west end of the Historic Courthouse.,08:00 AM-04:30 PM,,ho21414748,false,true,,,,53050210143
Lewis County Auditor's Office Voter Service Center (VSPC),Lewis County Auditor's Office,351 N.W. North St.,,,Chehalis,WA,98532,Take exit 77 from I-5. Auditor's Office is at the west end of the Historic Courthouse.,VSPC,10/31/16,11/4/16,08:00:00 - 07:00,16:30:00 - 07:00,8 a.m. to 4:30 p.m. Open until 8 p.m. on Election Day.,53050210143,5313021,Lewis County,108,"351 N.W. North St., Chehalis, WA , 98532",Take exit 77 from I-5. Auditor's Office is at the west end of the Historic Courthouse.,08:00 AM-04:30 PM,,ho21414748,false,true,,,,53050210143
Lewis County Auditor's Office Voter Service Center (VSPC),Lewis County Auditor's Office,351 N.W. North St.,,,Chehalis,WA,98532,Take exit 77 from I-5. Auditor's Office is at the west end of the Historic Courthouse.,VSPC,11/7/16,11/7/16,08:00:00 - 08:00,16:30:00 - 08:00,8 a.m. to 4:30 p.m. Open until 8 p.m. on Election Day.,53050210143,5313021,Lewis County,110,"351 N.W. North St., Chehalis, WA , 98532",Take exit 77 from I-5. Auditor's Office is at the west end of the Historic Courthouse.,08:00 AM-04:30 PM,,ho21414748,false,true,,,,53050210143
Election Office,Election Office,450 Logan,,,Davenport,WA,99122,,VSPC,10/19/16,10/21/16,09:00:00 - 07:00,16:00:00 - 07:00,9 a.m. to 4 p.m. Open until 8 p.m. on Election Day.,53050220004,5313022,Lincoln County,111,"450 Logan, Davenport, WA , 99122",,09:00 AM-04:00 PM,,ho20104182,false,true,,,,53050220004
Election Office,Election Office,450 Logan,,,Davenport,WA,99122,,VSPC,10/24/16,10/28/16,09:00:00 - 07:00,16:00:00 - 07:00,9 a.m. to 4 p.m. Open until 8 p.m. on Election Day.,53050220004,5313022,Lincoln County,112,"450 Logan, Davenport, WA , 99122",,09:00 AM-04:00 PM,,ho20104182,false,true,,,,53050220004
Election Office,Election Office,450 Logan,,,Davenport,WA,99122,,VSPC,10/31/16,11/4/16,09:00:00 - 07:00,16:00:00 - 07:00,9 a.m. to 4 p.m. Open until 8 p.m. on Election Day.,53050220004,5313022,Lincoln County,113,"450 Logan, Davenport, WA , 99122",,09:00 AM-04:00 PM,,ho20104182,false,true,,,,53050220004
Election Office,Election Office,450 Logan,,,Davenport,WA,99122,,VSPC,11/7/16,11/7/16,09:00:00 - 08:00,16:00:00 - 08:00,9 a.m. to 4 p.m. Open until 8 p.m. on Election Day.,53050220004,5313022,Lincoln County,115,"450 Logan, Davenport, WA , 99122",,09:00 AM-04:00 PM,,ho20104182,false,true,,,,53050220004
Mason County Auditor's Office Voter Service Center (VSPC),Mason County Auditor's Office,411 N 5th Street,,,Shelton,WA,98584,,VSPC,10/19/16,10/21/16,08:30:00 - 07:00,16:30:00 - 07:00,8:30 a.m. to 4:30 p.m. Open until 8 p.m. on Election Day.,53050230137,5313023,Mason County,116,"411 N 5th Street, Shelton, WA , 98584",,08:30 AM-04:30 PM,,ho92540161,false,true,,,,53050230137
Mason County Auditor's Office Voter Service Center (VSPC),Mason County Auditor's Office,411 N 5th Street,,,Shelton,WA,98584,,VSPC,10/24/16,10/28/16,08:30:00 - 07:00,16:30:00 - 07:00,8:30 a.m. to 4:30 p.m. Open until 8 p.m. on Election Day.,53050230137,5313023,Mason County,117,"411 N 5th Street, Shelton, WA , 98584",,08:30 AM-04:30 PM,,ho92540161,false,true,,,,53050230137
Mason County Auditor's Office Voter Service Center (VSPC),Mason County Auditor's Office,411 N 5th Street,,,Shelton,WA,98584,,VSPC,10/31/16,11/4/16,08:30:00 - 07:00,16:30:00 - 07:00,8:30 a.m. to 4:30 p.m. Open until 8 p.m. on Election Day.,53050230137,5313023,Mason County,118,"411 N 5th Street, Shelton, WA , 98584",,08:30 AM-04:30 PM,,ho92540161,false,true,,,,53050230137
Mason County Auditor's Office Voter Service Center (VSPC),Mason County Auditor's Office,411 N 5th Street,,,Shelton,WA,98584,,VSPC,11/7/16,11/7/16,08:30:00 - 08:00,16:30:00 - 08:00,8:30 a.m. to 4:30 p.m. Open until 8 p.m. on Election Day.,53050230137,5313023,Mason County,120,"411 N 5th Street, Shelton, WA , 98584",,08:30 AM-04:30 PM,,ho92540161,false,true,,,,53050230137
Okanogan County Auditor Voter Service Center (VSPC),Okanogan County Auditor,149 3rd Ave N,,,Okanogan,WA,98840,"Room 104, 1st floor",VSPC,10/21/16,10/21/16,08:00:00 - 07:00,16:30:00 - 07:00,8 a.m. to 4:30 p.m. Election Day only 8 AM to 8 PM.,53050240185,5313024,Okanogan County,121,"149 3rd Ave N, Okanogan, WA , 98840","Room 104, 1st floor",08:00 AM-04:30 PM,,ho33861883,false,true,,,,53050240185
Okanogan County Auditor Voter Service Center (VSPC),Okanogan County Auditor,149 3rd Ave N,,,Okanogan,WA,98840,"Room 104, 1st floor",VSPC,10/24/16,10/28/16,08:00:00 - 07:00,16:30:00 - 07:00,8 a.m. to 4:30 p.m. Election Day only 8 AM to 8 PM.,53050240185,5313024,Okanogan County,122,"149 3rd Ave N, Okanogan, WA , 98840","Room 104, 1st floor",08:00 AM-04:30 PM,,ho33861883,false,true,,,,53050240185
Okanogan County Auditor Voter Service Center (VSPC),Okanogan County Auditor,149 3rd Ave N,,,Okanogan,WA,98840,"Room 104, 1st floor",VSPC,10/31/16,11/4/16,08:00:00 - 07:00,16:30:00 - 07:00,8 a.m. to 4:30 p.m. Election Day only 8 AM to 8 PM.,53050240185,5313024,Okanogan County,123,"149 3rd Ave N, Okanogan, WA , 98840","Room 104, 1st floor",08:00 AM-04:30 PM,,ho33861883,false,true,,,,53050240185
Okanogan County Auditor Voter Service Center (VSPC),Okanogan County Auditor,149 3rd Ave N,,,Okanogan,WA,98840,"Room 104, 1st floor",VSPC,11/7/16,11/7/16,08:00:00 - 08:00,16:30:00 - 08:00,8 a.m. to 4:30 p.m. Election Day only 8 AM to 8 PM.,53050240185,5313024,Okanogan County,125,"149 3rd Ave N, Okanogan, WA , 98840","Room 104, 1st floor",08:00 AM-04:30 PM,,ho33861883,false,true,,,,53050240185
Pacific County Courthouse,Pacific County Courthouse,300 Memorial Drive,,,South Bend,WA,98586,"The Auditor's Office is located to the right, inside the main entrance.  ",VSPC,10/19/16,10/21/16,08:30:00 - 07:00,16:30:00 - 07:00,8:30  a.m. to 4:30  p.m. Ballots are accepted until 8 PM on election day.,53050250039,5313025,Pacific County,126,"300 Memorial Drive, South Bend, WA , 98586","The Auditor's Office is located to the right, inside the main entrance.  ",08:30 AM-04:30 PM,,ho41563888,false,true,,,,53050250039
Pacific County Courthouse,Pacific County Courthouse,300 Memorial Drive,,,South Bend,WA,98586,"The Auditor's Office is located to the right, inside the main entrance.  ",VSPC,10/24/16,10/28/16,08:30:00 - 07:00,16:30:00 - 07:00,8:30  a.m. to 4:30  p.m. Ballots are accepted until 8 PM on election day.,53050250039,5313025,Pacific County,127,"300 Memorial Drive, South Bend, WA , 98586","The Auditor's Office is located to the right, inside the main entrance.  ",08:30 AM-04:30 PM,,ho41563888,false,true,,,,53050250039
Pacific County Courthouse,Pacific County Courthouse,300 Memorial Drive,,,South Bend,WA,98586,"The Auditor's Office is located to the right, inside the main entrance.  ",VSPC,10/31/16,11/4/16,08:30:00 - 07:00,16:30:00 - 07:00,8:30  a.m. to 4:30  p.m. Ballots are accepted until 8 PM on election day.,53050250039,5313025,Pacific County,128,"300 Memorial Drive, South Bend, WA , 98586","The Auditor's Office is located to the right, inside the main entrance.  ",08:30 AM-04:30 PM,,ho41563888,false,true,,,,53050250039
Pacific County Courthouse,Pacific County Courthouse,300 Memorial Drive,,,South Bend,WA,98586,"The Auditor's Office is located to the right, inside the main entrance.  ",VSPC,11/7/16,11/7/16,08:30:00 - 08:00,16:30:00 - 08:00,8:30  a.m. to 4:30  p.m. Ballots are accepted until 8 PM on election day.,53050250039,5313025,Pacific County,130,"300 Memorial Drive, South Bend, WA , 98586","The Auditor's Office is located to the right, inside the main entrance.  ",08:30 AM-04:30 PM,,ho41563888,false,true,,,,53050250039
Pend Oreille County Auditor's Office,Pend Oreille County Auditor's Office,625 West 4th Street,,,Newport,WA,99156,"The Auditor's Office is located in the County Court House, 1ST Floor",VSPC,10/19/16,10/21/16,08:00:00 - 07:00,16:30:00 - 07:00,8 a.m. to 4:30 p.m. Open until 8 p.m. on Election Day.,53050260045,5313026,Pend Oreille County,131,"625 West 4th Street, Newport, WA , 99156","The Auditor's Office is located in the County Court House, 1ST Floor",08:00 AM-04:30 PM,,ho49918331,false,true,,,,53050260045
Pend Oreille County Auditor's Office,Pend Oreille County Auditor's Office,625 West 4th Street,,,Newport,WA,99156,"The Auditor's Office is located in the County Court House, 1ST Floor",VSPC,10/24/16,10/28/16,08:00:00 - 07:00,16:30:00 - 07:00,8 a.m. to 4:30 p.m. Open until 8 p.m. on Election Day.,53050260045,5313026,Pend Oreille County,132,"625 West 4th Street, Newport, WA , 99156","The Auditor's Office is located in the County Court House, 1ST Floor",08:00 AM-04:30 PM,,ho49918331,false,true,,,,53050260045
Pend Oreille County Auditor's Office,Pend Oreille County Auditor's Office,625 West 4th Street,,,Newport,WA,99156,"The Auditor's Office is located in the County Court House, 1ST Floor",VSPC,10/31/16,11/4/16,08:00:00 - 07:00,16:30:00 - 07:00,8 a.m. to 4:30 p.m. Open until 8 p.m. on Election Day.,53050260045,5313026,Pend Oreille County,133,"625 West 4th Street, Newport, WA , 99156","The Auditor's Office is located in the County Court House, 1ST Floor",08:00 AM-04:30 PM,,ho49918331,false,true,,,,53050260045
Pend Oreille County Auditor's Office,Pend Oreille County Auditor's Office,625 West 4th Street,,,Newport,WA,99156,"The Auditor's Office is located in the County Court House, 1ST Floor",VSPC,11/7/16,11/7/16,08:00:00 - 08:00,16:30:00 - 08:00,8 a.m. to 4:30 p.m. Open until 8 p.m. on Election Day.,53050260045,5313026,Pend Oreille County,135,"625 West 4th Street, Newport, WA , 99156","The Auditor's Office is located in the County Court House, 1ST Floor",08:00 AM-04:30 PM,,ho49918331,false,true,,,,53050260045
Clover Park Technical College - Rotunda Bldg 3,Clover Park Technical College - Rotunda Bldg 3 (Enter from Lakeview Ave SW),4500 Steilacoom Blvd SW,,,Lakewood,WA,98499,Enter from Lakeview Ave SW. Building 3 is the circular building located on the left side of the entrance into Clover Park.,VSPC,11/7/16,11/7/16,07:00:00 - 08:00,20:00:00 - 08:00,"Monday through Friday 7 a.m. to 8 p.m. Open until 8 p.m. on Election Day. **Data said it started on 11/5, but office hours don't include Saturday",53050270322,5313027,Pierce County,136,"4500 Steilacoom Blvd SW, Lakewood, WA , 98499",Enter from Lakeview Ave SW. Building 3 is the circular building located on the left side of the entrance into Clover Park.,07:00 AM-08:00 PM,,ho98601286,false,true,,,,53050270322
Pierce County Election Center,Pierce County Election Center,2501 S 35th St,Suite C,,Tacoma,WA,98409,Located west of the Pierce County Annex.,VSPC,10/21/16,10/21/16,08:30:00 - 07:00,16:30:00 - 07:00,"8:30  a.m. to 4:30  p.m. Open 7 a.m. to 8 p.m. on Election Day.Voting center offers touch screen accessible voting, replacement ballots, and Vote-By-Mail ballot deposit box.",53050270324,5313027,Pierce County,137,"2501 S 35th St, Tacoma, WA , 98409",Suite C Located west of the Pierce County Annex.,08:30 AM-04:30 PM,,ho39736075,false,true,,,,53050270324
Pierce County Election Center,Pierce County Election Center,2501 S 35th St,Suite C,,Tacoma,WA,98409,Located west of the Pierce County Annex.,VSPC,10/24/16,10/28/16,08:30:00 - 07:00,16:30:00 - 07:00,"8:30  a.m. to 4:30  p.m. Open 7 a.m. to 8 p.m. on Election Day.Voting center offers touch screen accessible voting, replacement ballots, and Vote-By-Mail ballot deposit box.",53050270324,5313027,Pierce County,138,"2501 S 35th St, Tacoma, WA , 98409",Suite C Located west of the Pierce County Annex.,08:30 AM-04:30 PM,,ho39736075,false,true,,,,53050270324
Pierce County Election Center,Pierce County Election Center,2501 S 35th St,Suite C,,Tacoma,WA,98409,Located west of the Pierce County Annex.,VSPC,10/31/16,11/4/16,08:30:00 - 07:00,16:30:00 - 07:00,"8:30  a.m. to 4:30  p.m. Open 7 a.m. to 8 p.m. on Election Day.Voting center offers touch screen accessible voting, replacement ballots, and Vote-By-Mail ballot deposit box.",53050270324,5313027,Pierce County,139,"2501 S 35th St, Tacoma, WA , 98409",Suite C Located west of the Pierce County Annex.,08:30 AM-04:30 PM,,ho39736075,false,true,,,,53050270324
Pierce County Election Center,Pierce County Election Center,2501 S 35th St,Suite C,,Tacoma,WA,98409,Located west of the Pierce County Annex.,VSPC,11/7/16,11/7/16,08:30:00 - 08:00,16:30:00 - 08:00,"8:30  a.m. to 4:30  p.m. Open 7 a.m. to 8 p.m. on Election Day.Voting center offers touch screen accessible voting, replacement ballots, and Vote-By-Mail ballot deposit box.",53050270324,5313027,Pierce County,141,"2501 S 35th St, Tacoma, WA , 98409",Suite C Located west of the Pierce County Annex.,08:30 AM-04:30 PM,,ho39736075,false,true,,,,53050270324
Pierce County Annex Voting Center,Pierce County Annex Voting Center,2401 S. 35th St.,,,Tacoma,WA,98409,,VSPC,11/4/16,11/4/16,07:00:00 - 08:00,20:00:00 - 08:00,7 a.m. to 8 p.m. Open until 8 p.m. on Election Day.,53050270492,5313027,Pierce County,142,"2401 S. 35th St., Tacoma, WA , 98409",,07:00 AM-08:00 PM,,ho28693518,false,true,,,,53050270492
Pierce County Annex Voting Center,Pierce County Annex Voting Center,2401 S. 35th St.,,,Tacoma,WA,98409,,VSPC,11/7/16,11/7/16,07:00:00 - 08:00,20:00:00 - 08:00,7 a.m. to 8 p.m. Open until 8 p.m. on Election Day.,53050270492,5313027,Pierce County,143,"2401 S. 35th St., Tacoma, WA , 98409",,07:00 AM-08:00 PM,,ho28693518,false,true,,,,53050270492
Elections Office,Elections Office,55 Second Street,Suite A,,Friday Harbor,WA,98250,,VSPC,10/21/16,10/21/16,08:00:00 - 07:00,16:30:00 - 07:00,8  a.m. to 4:30  p.m. *Open 8 AM to 4:30 PM weekdays**Open 8 AM to 8 PM Election Day*,53050280403,5313028,San Juan County,144,"55 Second Street, Friday Harbor, WA , 98250",Suite A,08:00 AM-04:30 PM,,ho51864788,false,true,,,,53050280403
Elections Office,Elections Office,55 Second Street,Suite A,,Friday Harbor,WA,98250,,VSPC,10/24/16,10/28/16,08:00:00 - 07:00,16:30:00 - 07:00,8  a.m. to 4:30  p.m. *Open 8 AM to 4:30 PM weekdays**Open 8 AM to 8 PM Election Day*,53050280403,5313028,San Juan County,145,"55 Second Street, Friday Harbor, WA , 98250",Suite A,08:00 AM-04:30 PM,,ho51864788,false,true,,,,53050280403
Elections Office,Elections Office,55 Second Street,Suite A,,Friday Harbor,WA,98250,,VSPC,10/31/16,11/4/16,08:00:00 - 07:00,16:30:00 - 07:00,8  a.m. to 4:30  p.m. *Open 8 AM to 4:30 PM weekdays**Open 8 AM to 8 PM Election Day*,53050280403,5313028,San Juan County,146,"55 Second Street, Friday Harbor, WA , 98250",Suite A,08:00 AM-04:30 PM,,ho51864788,false,true,,,,53050280403
Elections Office,Elections Office,55 Second Street,Suite A,,Friday Harbor,WA,98250,,VSPC,11/7/16,11/7/16,08:00:00 - 08:00,16:30:00 - 08:00,8  a.m. to 4:30  p.m. *Open 8 AM to 4:30 PM weekdays**Open 8 AM to 8 PM Election Day*,53050280403,5313028,San Juan County,148,"55 Second Street, Friday Harbor, WA , 98250",Suite A,08:00 AM-04:30 PM,,ho51864788,false,true,,,,53050280403
Skagit County Auditor's Office,Skagit County Auditor's Office,700 S 2nd St,#201,,Mt Vernon,WA,98273,Skagit County Elections Department in the Skagit County Auditor's Office.,VSPC,10/19/16,10/21/16,08:30:00 - 07:00,16:30:00 - 07:00,8:30 a.m. to 4:30 p.m. Open until 8 p.m. on Election Day.,53050290164,5313029,Skagit County,149,"700 S 2nd St, Mt Vernon, WA , 98273",#201 Skagit County Elections Department in the Skagit County Auditor's Office.,08:30 AM-04:30 PM,,ho41744120,false,true,,,,53050290164
Skagit County Auditor's Office,Skagit County Auditor's Office,700 S 2nd St,#201,,Mt Vernon,WA,98273,Skagit County Elections Department in the Skagit County Auditor's Office.,VSPC,10/24/16,10/28/16,08:30:00 - 07:00,16:30:00 - 07:00,8:30 a.m. to 4:30 p.m. Open until 8 p.m. on Election Day.,53050290164,5313029,Skagit County,150,"700 S 2nd St, Mt Vernon, WA , 98273",#201 Skagit County Elections Department in the Skagit County Auditor's Office.,08:30 AM-04:30 PM,,ho41744120,false,true,,,,53050290164
Skagit County Auditor's Office,Skagit County Auditor's Office,700 S 2nd St,#201,,Mt Vernon,WA,98273,Skagit County Elections Department in the Skagit County Auditor's Office.,VSPC,10/31/16,11/4/16,08:30:00 - 07:00,16:30:00 - 07:00,8:30 a.m. to 4:30 p.m. Open until 8 p.m. on Election Day.,53050290164,5313029,Skagit County,151,"700 S 2nd St, Mt Vernon, WA , 98273",#201 Skagit County Elections Department in the Skagit County Auditor's Office.,08:30 AM-04:30 PM,,ho41744120,false,true,,,,53050290164
Skagit County Auditor's Office,Skagit County Auditor's Office,700 S 2nd St,#201,,Mt Vernon,WA,98273,Skagit County Elections Department in the Skagit County Auditor's Office.,VSPC,11/7/16,11/7/16,08:30:00 - 08:00,16:30:00 - 08:00,8:30 a.m. to 4:30 p.m. Open until 8 p.m. on Election Day.,53050290164,5313029,Skagit County,153,"700 S 2nd St, Mt Vernon, WA , 98273",#201 Skagit County Elections Department in the Skagit County Auditor's Office.,08:30 AM-04:30 PM,,ho41744120,false,true,,,,53050290164
Skamania County Auditor's Office,Skamania County Auditor's Office,240 NW Vancouver Ave,,,Stevenson,WA,98648,,VSPC,10/19/16,10/20/16,07:30:00 - 07:00,17:30:00 - 07:00,"On Election Day, we are open 7:30 am to 8:00 pm.Office is open Monday through Thursday 7:30 am to 5:30 pm.",53050300043,5313030,Skamania County,154,"240 NW Vancouver Ave, Stevenson, WA , 98648",,07:30 AM-05:30 PM,,ho60665431,false,true,,,,53050300043
County Auditor's Office - accessible voting,County Auditor's Office - accessible voting,3000 Rockefeller Ave,,,Everett,WA,98201,,VSPC,10/19/16,10/21/16,09:00:00 - 07:00,17:00:00 - 07:00,9 am - 5pm.  On Election Day voting available 8am - 8pm.,53050310238,5313031,Snohomish County,155,"3000 Rockefeller Ave, Everett, WA , 98201",,09:00 AM-05:00 PM,,ho54585901,false,true,,,,53050310238
County Auditor's Office - accessible voting,County Auditor's Office - accessible voting,3000 Rockefeller Ave,,,Everett,WA,98201,,VSPC,10/24/16,10/28/16,09:00:00 - 07:00,17:00:00 - 07:00,Machine voting available Monday - Friday 9 am - 5pm.  On Election Day voting available 8am - 8pm.,53050310238,5313031,Snohomish County,156,"3000 Rockefeller Ave, Everett, WA , 98201",,09:00 AM-05:00 PM,,ho54585901,false,true,,,,53050310238
County Auditor's Office - accessible voting,County Auditor's Office - accessible voting,3000 Rockefeller Ave,,,Everett,WA,98201,,VSPC,10/31/16,11/4/16,09:00:00 - 07:00,17:00:00 - 07:00,Machine voting available Monday - Friday 9 am - 5pm.  On Election Day voting available 8am - 8pm.,53050310238,5313031,Snohomish County,157,"3000 Rockefeller Ave, Everett, WA , 98201",,09:00 AM-05:00 PM,,ho54585901,false,true,,,,53050310238
County Auditor's Office - accessible voting,County Auditor's Office - accessible voting,3000 Rockefeller Ave,,,Everett,WA,98201,,VSPC,11/7/16,11/7/16,09:00:00 - 08:00,17:00:00 - 08:00,Machine voting available Monday - Friday 9 am - 5pm.  On Election Day voting available 8am - 8pm.,53050310238,5313031,Snohomish County,159,"3000 Rockefeller Ave, Everett, WA , 98201",,09:00 AM-05:00 PM,,ho54585901,false,true,,,,53050310238
Elections Office Voter Service Center (VSPC),Elections Office,1033 W Gardner Ave,,,Spokane,WA,99201,Located 1/2 block west of Monroe St and one block south of Boone Ave.,VSPC,10/19/16,10/21/16,08:30:00 - 07:00,16:00:00 - 07:00,"Open Monday through Friday, except holidays, 8:30 am to 4:00 pm. Open Election Day from 7:00 am to 8:00 pm.",53050320034,5313032,Spokane County,160,"1033 W Gardner Ave, Spokane, WA , 99201",Located 1/2 block west of Monroe St and one block south of Boone Ave.,08:30 AM-04:00 PM,,ho35549135,false,true,,,,53050320034
Elections Office Voter Service Center (VSPC),Elections Office,1033 W Gardner Ave,,,Spokane,WA,99201,Located 1/2 block west of Monroe St and one block south of Boone Ave.,VSPC,10/24/16,10/28/16,08:30:00 - 07:00,16:00:00 - 07:00,"Open Monday through Friday, except holidays, 8:30 am to 4:00 pm. Open Election Day from 7:00 am to 8:00 pm.",53050320034,5313032,Spokane County,161,"1033 W Gardner Ave, Spokane, WA , 99201",Located 1/2 block west of Monroe St and one block south of Boone Ave.,08:30 AM-04:00 PM,,ho35549135,false,true,,,,53050320034
Elections Office Voter Service Center (VSPC),Elections Office,1033 W Gardner Ave,,,Spokane,WA,99201,Located 1/2 block west of Monroe St and one block south of Boone Ave.,VSPC,10/31/16,11/4/16,08:30:00 - 07:00,16:00:00 - 07:00,"Open Monday through Friday, except holidays, 8:30 am to 4:00 pm. Open Election Day from 7:00 am to 8:00 pm.",53050320034,5313032,Spokane County,162,"1033 W Gardner Ave, Spokane, WA , 99201",Located 1/2 block west of Monroe St and one block south of Boone Ave.,08:30 AM-04:00 PM,,ho35549135,false,true,,,,53050320034
Elections Office Voter Service Center (VSPC),Elections Office,1033 W Gardner Ave,,,Spokane,WA,99201,Located 1/2 block west of Monroe St and one block south of Boone Ave.,VSPC,11/7/16,11/7/16,08:30:00 - 08:00,16:00:00 - 08:00,"Open Monday through Friday, except holidays, 8:30 am to 4:00 pm. Open Election Day from 7:00 am to 8:00 pm.",53050320034,5313032,Spokane County,163,"1033 W Gardner Ave, Spokane, WA , 99201",Located 1/2 block west of Monroe St and one block south of Boone Ave.,08:30 AM-04:00 PM,,ho35549135,false,true,,,,53050320034
Stevens County Auditor's Office,Stevens County Auditor's Office,215 S Oak St,#104,,Colville,WA,99114,,VSPC,10/19/16,10/21/16,09:00:00 - 07:00,15:30:00 - 07:00,9 a.m. to 3:30 p.m. Open until 8 p.m. on Election Day.,53050330165,5313033,Stevens County,164,"215 S Oak St, Colville, WA , 99114",#104,09:00 AM-03:30 PM,,ho55093954,false,true,,,,53050330165
Stevens County Auditor's Office,Stevens County Auditor's Office,215 S Oak St,#104,,Colville,WA,99114,,VSPC,10/24/16,10/28/16,09:00:00 - 07:00,15:30:00 - 07:00,9 a.m. to 3:30 p.m. Open until 8 p.m. on Election Day.,53050330165,5313033,Stevens County,165,"215 S Oak St, Colville, WA , 99114",#104,09:00 AM-03:30 PM,,ho55093954,false,true,,,,53050330165
Stevens County Auditor's Office,Stevens County Auditor's Office,215 S Oak St,#104,,Colville,WA,99114,,VSPC,10/31/16,11/4/16,09:00:00 - 07:00,15:30:00 - 07:00,9 a.m. to 3:30 p.m. Open until 8 p.m. on Election Day.,53050330165,5313033,Stevens County,166,"215 S Oak St, Colville, WA , 99114",#104,09:00 AM-03:30 PM,,ho55093954,false,true,,,,53050330165
Stevens County Auditor's Office,Stevens County Auditor's Office,215 S Oak St,#104,,Colville,WA,99114,,VSPC,11/7/16,11/7/16,09:00:00 - 08:00,15:30:00 - 08:00,9 a.m. to 3:30 p.m. Open until 8 p.m. on Election Day.,53050330165,5313033,Stevens County,168,"215 S Oak St, Colville, WA , 99114",#104,09:00 AM-03:30 PM,,ho55093954,false,true,,,,53050330165
Thurston County Courthouse,Thurston County Courthouse,2000 Lakeridge Drive SW,,,Olympia,WA,98502,,VSPC,10/19/16,10/21/16,08:00:00 - 07:00,16:30:00 - 07:00,"The Auditor's Office is open M-F, 8:00 a.m. to 4:30 p.m., except on Election Day when hours are extended to 8:00 a.m. to 8:00 p.m.  Voters may pick up replacement ballots, use an AutoMARK, return their ballots, etc.",53050340114,5313034,Thurston County,169,"2000 Lakeridge Drive SW, Olympia, WA , 98502",,08:00 AM-04:30 PM,,ho78963995,false,true,,,,53050340114
Thurston County Courthouse,Thurston County Courthouse,2000 Lakeridge Drive SW,,,Olympia,WA,98502,,VSPC,10/24/16,10/28/16,08:00:00 - 07:00,16:30:00 - 07:00,"The Auditor's Office is open M-F, 8:00 a.m. to 4:30 p.m., except on Election Day when hours are extended to 8:00 a.m. to 8:00 p.m.  Voters may pick up replacement ballots, use an AutoMARK, return their ballots, etc.",53050340114,5313034,Thurston County,170,"2000 Lakeridge Drive SW, Olympia, WA , 98502",,08:00 AM-04:30 PM,,ho78963995,false,true,,,,53050340114
Thurston County Courthouse,Thurston County Courthouse,2000 Lakeridge Drive SW,,,Olympia,WA,98502,,VSPC,10/31/16,11/4/16,08:00:00 - 07:00,16:30:00 - 07:00,"The Auditor's Office is open M-F, 8:00 a.m. to 4:30 p.m., except on Election Day when hours are extended to 8:00 a.m. to 8:00 p.m.  Voters may pick up replacement ballots, use an AutoMARK, return their ballots, etc.",53050340114,5313034,Thurston County,171,"2000 Lakeridge Drive SW, Olympia, WA , 98502",,08:00 AM-04:30 PM,,ho78963995,false,true,,,,53050340114
Thurston County Courthouse,Thurston County Courthouse,2000 Lakeridge Drive SW,,,Olympia,WA,98502,,VSPC,11/7/16,11/7/16,08:00:00 - 08:00,16:30:00 - 08:00,"The Auditor's Office is open M-F, 8:00 a.m. to 4:30 p.m., except on Election Day when hours are extended to 8:00 a.m. to 8:00 p.m.  Voters may pick up replacement ballots, use an AutoMARK, return their ballots, etc.",53050340114,5313034,Thurston County,172,"2000 Lakeridge Drive SW, Olympia, WA , 98502",,08:00 AM-04:30 PM,,ho78963995,false,true,,,,53050340114
Wahkiakum County Auditor's Office Voter Service Center (VSPC),Wahkiakum County Auditor's Office,"64 Main Street, 2nd Floor",2nd Floor,,Cathlamet,WA,98612,,VSPC,10/19/16,10/21/16,08:00:00 - 07:00,16:00:00 - 07:00,8 a.m. to 4 p.m. Ballot drop box can be found at the front counter. Ballots are accepted until 8pm of Election Day.,53050350040,5313035,Wahkiakum County,173,"64 Main Street, 2nd Floor, Cathlamet, WA , 98612",2nd Floor,08:00 AM-04:00 PM,,ho70090042,false,true,,,,53050350040
Wahkiakum County Auditor's Office Voter Service Center (VSPC),Wahkiakum County Auditor's Office,"64 Main Street, 2nd Floor",2nd Floor,,Cathlamet,WA,98612,,VSPC,10/24/16,10/28/16,08:00:00 - 07:00,16:00:00 - 07:00,8 a.m. to 4 p.m. Ballot drop box can be found at the front counter. Ballots are accepted until 8pm of Election Day.,53050350040,5313035,Wahkiakum County,174,"64 Main Street, 2nd Floor, Cathlamet, WA , 98612",2nd Floor,08:00 AM-04:00 PM,,ho70090042,false,true,,,,53050350040
Wahkiakum County Auditor's Office Voter Service Center (VSPC),Wahkiakum County Auditor's Office,"64 Main Street, 2nd Floor",2nd Floor,,Cathlamet,WA,98612,,VSPC,10/31/16,11/4/16,08:00:00 - 07:00,16:00:00 - 07:00,8 a.m. to 4 p.m. Ballot drop box can be found at the front counter. Ballots are accepted until 8pm of Election Day.,53050350040,5313035,Wahkiakum County,175,"64 Main Street, 2nd Floor, Cathlamet, WA , 98612",2nd Floor,08:00 AM-04:00 PM,,ho70090042,false,true,,,,53050350040
Wahkiakum County Auditor's Office Voter Service Center (VSPC),Wahkiakum County Auditor's Office,"64 Main Street, 2nd Floor",2nd Floor,,Cathlamet,WA,98612,,VSPC,11/7/16,11/7/16,08:00:00 - 08:00,16:00:00 - 08:00,8 a.m. to 4 p.m. Ballot drop box can be found at the front counter. Ballots are accepted until 8pm of Election Day.,53050350040,5313035,Wahkiakum County,177,"64 Main Street, 2nd Floor, Cathlamet, WA , 98612",2nd Floor,08:00 AM-04:00 PM,,ho70090042,false,true,,,,53050350040
Walla Walla County Elections Center,Walla Walla County Elections Center,310 W. Poplar St.,,,Walla Walla,WA,99362,,VSPC,10/21/16,10/21/16,09:00:00 - 07:00,16:00:00 - 07:00,9 a.m. to 4 p.m. Open until 8 p.m. on Election Day.,53050360377,5313036,Walla Walla County,178,"310 W. Poplar St., Walla Walla, WA , 99362",,09:00 AM-04:00 PM,,ho35655424,false,true,,,,53050360377
Walla Walla County Elections Center,Walla Walla County Elections Center,310 W. Poplar St.,,,Walla Walla,WA,99362,,VSPC,10/24/16,10/28/16,09:00:00 - 07:00,16:00:00 - 07:00,9 a.m. to 4 p.m. Open until 8 p.m. on Election Day.,53050360377,5313036,Walla Walla County,179,"310 W. Poplar St., Walla Walla, WA , 99362",,09:00 AM-04:00 PM,,ho35655424,false,true,,,,53050360377
Walla Walla County Elections Center,Walla Walla County Elections Center,310 W. Poplar St.,,,Walla Walla,WA,99362,,VSPC,10/31/16,11/4/16,09:00:00 - 07:00,16:00:00 - 07:00,9 a.m. to 4 p.m. Open until 8 p.m. on Election Day.,53050360377,5313036,Walla Walla County,180,"310 W. Poplar St., Walla Walla, WA , 99362",,09:00 AM-04:00 PM,,ho35655424,false,true,,,,53050360377
Walla Walla County Elections Center,Walla Walla County Elections Center,310 W. Poplar St.,,,Walla Walla,WA,99362,,VSPC,11/7/16,11/7/16,09:00:00 - 08:00,16:00:00 - 08:00,9 a.m. to 4 p.m. Open until 8 p.m. on Election Day.,53050360377,5313036,Walla Walla County,182,"310 W. Poplar St., Walla Walla, WA , 99362",,09:00 AM-04:00 PM,,ho35655424,false,true,,,,53050360377
Whatcom County Auditor's Office,Whatcom County Auditor's Office,311 Grand Ave,,,Bellingham,WA,98225,,VSPC,10/19/16,10/21/16,08:30:00 - 07:00,16:30:00 - 07:00,"Open: 8:30 a.m. - 4:30 p.m., Monday - Friday Election Day Only:  8:30 a.m. - 8:00 p.m.",53050370228,5313037,Whatcom County,183,"311 Grand Ave, Bellingham, WA , 98225",,08:30 AM-04:30 PM,,ho28029347,false,true,,,,53050370228
Whatcom County Auditor's Office,Whatcom County Auditor's Office,311 Grand Ave,,,Bellingham,WA,98225,,VSPC,10/24/16,10/28/16,08:30:00 - 07:00,16:30:00 - 07:00,"Open: 8:30 a.m. - 4:30 p.m., Monday - Friday Election Day Only:  8:30 a.m. - 8:00 p.m.",53050370228,5313037,Whatcom County,184,"311 Grand Ave, Bellingham, WA , 98225",,08:30 AM-04:30 PM,,ho28029347,false,true,,,,53050370228
Whatcom County Auditor's Office,Whatcom County Auditor's Office,311 Grand Ave,,,Bellingham,WA,98225,,VSPC,10/31/16,11/4/16,08:30:00 - 07:00,16:30:00 - 07:00,"Open: 8:30 a.m. - 4:30 p.m., Monday - Friday Election Day Only:  8:30 a.m. - 8:00 p.m.",53050370228,5313037,Whatcom County,185,"311 Grand Ave, Bellingham, WA , 98225",,08:30 AM-04:30 PM,,ho28029347,false,true,,,,53050370228
Whatcom County Auditor's Office,Whatcom County Auditor's Office,311 Grand Ave,,,Bellingham,WA,98225,,VSPC,11/7/16,11/7/16,08:30:00 - 08:00,16:30:00 - 08:00,"Open: 8:30 a.m. - 4:30 p.m., Monday - Friday Election Day Only:  8:30 a.m. - 8:00 p.m.",53050370228,5313037,Whatcom County,186,"311 Grand Ave, Bellingham, WA , 98225",,08:30 AM-04:30 PM,,ho28029347,false,true,,,,53050370228
Whitman County Elections Center,Whitman County Elections Center,N 304 Main St,,,Colfax,WA,99111,,VSPC,10/21/16,10/21/16,09:00:00 - 07:00,17:00:00 - 07:00,"Auditor's Office open 9 AM to 5 PM except on Election Day, the hours are 8 AM to 8 PM.",53050380049,5313038,Whitman County,187,"N 304 Main St, Colfax, WA , 99111",,09:00 AM-05:00 PM,,ho77490450,false,true,,,,53050380049
Whitman County Elections Center,Whitman County Elections Center,N 304 Main St,,,Colfax,WA,99111,,VSPC,10/24/16,10/28/16,09:00:00 - 07:00,17:00:00 - 07:00,"Auditor's Office open 9 AM to 5 PM except on Election Day, the hours are 8 AM to 8 PM.",53050380049,5313038,Whitman County,188,"N 304 Main St, Colfax, WA , 99111",,09:00 AM-05:00 PM,,ho77490450,false,true,,,,53050380049
Whitman County Elections Center,Whitman County Elections Center,N 304 Main St,,,Colfax,WA,99111,,VSPC,10/31/16,11/4/16,09:00:00 - 07:00,17:00:00 - 07:00,"Auditor's Office open 9 AM to 5 PM except on Election Day, the hours are 8 AM to 8 PM.",53050380049,5313038,Whitman County,189,"N 304 Main St, Colfax, WA , 99111",,09:00 AM-05:00 PM,,ho77490450,false,true,,,,53050380049
Whitman County Elections Center,Whitman County Elections Center,N 304 Main St,,,Colfax,WA,99111,,VSPC,11/7/16,11/7/16,09:00:00 - 08:00,17:00:00 - 08:00,"Auditor's Office open 9 AM to 5 PM except on Election Day, the hours are 8 AM to 8 PM.",53050380049,5313038,Whitman County,191,"N 304 Main St, Colfax, WA , 99111",,09:00 AM-05:00 PM,,ho77490450,false,true,,,,53050380049
Yakima County Auditor's Office Voter Service Center (VSPC),Yakima County Auditor's Office,128 N 2nd St,Rm 117,,Yakima,WA,98901,,VSPC,10/19/16,10/21/16,09:00:00 - 07:00,16:00:00 - 07:00,9 a.m. to 4 p.m. Open until 8 p.m. on Election Day.,53050390303,5313039,Yakima County,192,"128 N 2nd St, Yakima, WA , 98901",Rm 117,09:00 AM-04:00 PM,,ho84018027,false,true,,,,53050390303
Yakima County Auditor's Office Voter Service Center (VSPC),Yakima County Auditor's Office,128 N 2nd St,Rm 117,,Yakima,WA,98901,,VSPC,10/24/16,10/28/16,09:00:00 - 07:00,16:00:00 - 07:00,9 a.m. to 4 p.m. Open until 8 p.m. on Election Day.,53050390303,5313039,Yakima County,193,"128 N 2nd St, Yakima, WA , 98901",Rm 117,09:00 AM-04:00 PM,,ho84018027,false,true,,,,53050390303
Yakima County Auditor's Office Voter Service Center (VSPC),Yakima County Auditor's Office,128 N 2nd St,Rm 117,,Yakima,WA,98901,,VSPC,10/31/16,11/4/16,09:00:00 - 07:00,16:00:00 - 07:00,9 a.m. to 4 p.m. Open until 8 p.m. on Election Day.,53050390303,5313039,Yakima County,194,"128 N 2nd St, Yakima, WA , 98901",Rm 117,09:00 AM-04:00 PM,,ho84018027,false,true,,,,53050390303
Yakima County Auditor's Office Voter Service Center (VSPC),Yakima County Auditor's Office,128 N 2nd St,Rm 117,,Yakima,WA,98901,,VSPC,11/7/16,11/7/16,09:00:00 - 08:00,16:00:00 - 08:00,9 a.m. to 4 p.m. Open until 8 p.m. on Election Day.,53050390303,5313039,Yakima County,196,"128 N 2nd St, Yakima, WA , 98901",Rm 117,09:00 AM-04:00 PM,,ho84018027,false,true,,,,53050390303
Skamania County Auditor's Office,Skamania County Auditor's Office,240 NW Vancouver Ave,,,Stevenson,WA,98648,,VSPC,10/24/16,10/27/16,07:30:00 - 07:00,17:30:00 - 07:00,9 a.m. to 4 p.m. Open until 8 p.m. on Election Day.,53050390303,5313039,Yakima County,197,"240 NW Vancouver Ave, Stevenson, WA , 98648",,07:30 AM-05:30 PM,,ho60665431,false,true,,,,53050390303
Skamania County Auditor's Office,Skamania County Auditor's Office,240 NW Vancouver Ave,,,Stevenson,WA,98648,,VSPC,10/31/16,11/3/16,07:30:00 - 07:00,17:30:00 - 07:00,9 a.m. to 4 p.m. Open until 8 p.m. on Election Day.,53050390303,5313039,Yakima County,198,"240 NW Vancouver Ave, Stevenson, WA , 98648",,07:30 AM-05:30 PM,,ho60665431,false,true,,,,53050390303
Skamania County Auditor's Office,Skamania County Auditor's Office,240 NW Vancouver Ave,,,Stevenson,WA,98648,,VSPC,11/7/16,11/7/16,07:30:00 - 08:00,17:30:00 - 08:00,9 a.m. to 4 p.m. Open until 8 p.m. on Election Day.,53050390303,5313039,Yakima County,199,"240 NW Vancouver Ave, Stevenson, WA , 98648",,07:30 AM-05:30 PM,,ho60665431,false,true,,,,53050390303
