county,officer,email,blank,phone,fax,address_one,address_two,city,state,zip,times,start_date,end_date,time_zone,index,address_line,directions,hours,photo_uri,hours_open_id,is_drop_box,is_early_voting,latitude,longitude,latlng_source,id
ALLEN,Sherrie L Riebel,coclerk@allencounty.org,,6203651407,6203651441,1 N Washington,,Lola,KS,66749,8:00-5:00,10/11/2016,10/14/2016,central,1,"1 N Washington, Lola, KS 66749",,8:00 AM-5:00 PM,,ho46088214,false,True,,,,poll0001
ANDERSON,Phyllis Gettler,AN_county_clerk@wan.kdor.state.ks.us,,7854486841,7854483205,100 E 4th,,Garnett,KS,66032,8:00-5:00,10/11/2016,10/14/2016,central,6,"100 E 4th, Garnett, KS 66032",,8:00 AM-5:00 PM,,ho22014036,false,True,,,,poll0006
ATCHISON,Pauline M Lee,AT_county_clerk@wan.kdor.state.ks.us,,9133671653,9133670227,423 N 5th,,Atchison,KS,66002-1861,8:30-5:00,10/11/2016,10/14/2016,central,11,"423 N 5th, Atchison, KS 66002-1861",,8:30 AM-5:00 PM,,ho94568803,false,True,,,,poll0011
BARBER,Debbie Wesley,BA_county_clerk@wan.kdor.state.ks.us,,6208863961,6208865425,120 E Washington,,Medicine Lodge,KS,67104,8:30-5:00,10/11/2016,10/14/2016,central,16,"120 E Washington, Medicine Lodge, KS 67104",,8:30 AM-5:00 PM,,ho13751350,false,True,,,,poll0016
BARTON,Donna Zimmerman,clerk@bartoncounty.org,,6207931835,6207931990,1400 Main Street,Room 202,Great Bend,KS,67530,8:00-5:00,10/11/2016,10/14/2016,central,21,"1400 Main Street Room 202, Great Bend, KS 67530",,8:00 AM-5:00 PM,,ho92877893,false,True,,,,poll0021
BOURBON,Kendell Mason,countyclerk@bourboncountyks.org,,6202233800,6202235832,210 S National,,Ft Scott,KS,66701,8:30-4:30,10/11/2016,10/14/2016,central,26,"210 S National, Ft Scott, KS 66701",,8:30 AM-4:30 PM,,ho49681936,false,True,,,,poll0026
BROWN,Melissa Gormley,BR_county_clerk@wan.kdor.state.ks.us,,7857422581,7857427705,601 Oregon St,,Hiawatha,KS,66434,8:00-5:00,10/11/2016,10/14/2016,central,31,"601 Oregon St, Hiawatha, KS 66434",,8:00 AM-5:00 PM,,ho11298506,false,True,,,,poll0031
BUTLER,Don Engels,dengels@bucoks.com,,3163224233,3163211011,205 W Central,,El Dorado,KS,67042,8:00-5:00,10/11/2016,10/14/2016,central,36,"205 W Central, El Dorado, KS 67042",,8:00 AM-5:00 PM,,ho90630924,false,True,,,,poll0036
CHASE,Brande Studer,clerk@chasecountyks.com,,6202736423,6202736617,300 Pearl St,,Cottonwood Falls,KS,66845-0547,8:00-5:00,10/11/2016,10/14/2016,central,41,"300 Pearl St, Cottonwood Falls, KS 66845-0547",,8:00 AM-5:00 PM,,ho18175681,false,True,,,,poll0041
CHAUTAUQUA,Janice A. Fine,cqclerk@gmail.com,,6207255800,6207255801,215 N Chautauqua,,Sedan,KS,67361,8:00-4:00,10/11/2016,10/14/2016,central,46,"215 N Chautauqua, Sedan, KS 67361",,8:00 AM-4:00 PM,,ho76569633,false,True,,,,poll0046
CHEROKEE,Rodney Edmondson,rodney.clerk@cherokeecounty-ks.gov,,6204292042,6204291042,110 W. Maple St,#31,Columbus,KS,66725,8:00-5:00,10/11/2016,10/14/2016,central,51,"110 W. Maple St #31, Columbus, KS 66725",,8:00 AM-5:00 PM,,ho12349079,false,True,,,,poll0051
CHEYENNE,Deb Lindsten,CN_county_clerk@wan.kdor.state.ks.us,,7853328800,7853328825,212 Washington St,,St Francis,KS,67756,8:00-12:00 ,10/11/2016,10/14/2016,central,56,"212 Washington St, St Francis, KS 67756",,8:00 AM-12:00 PM,,ho65099163,false,True,,,,poll0056
CHEYENNE,Deb Lindsten,CN_county_clerk@wan.kdor.state.ks.us,,7853328800,7853328825,212 Washington St,,St Francis,KS,67756,1:00-5:00,10/11/2016,10/14/2016,central,57,"212 Washington St, St Francis, KS 67756",,1:00 AM-5:00 PM,,ho65099163,false,True,,,,poll0057
CLARK,Rebecca Mishler,cacoclrk@ucom.net,,6206352813,6206352051,913 Highland,,Ashland,KS,67831,8:00-5:00,10/11/2016,10/14/2016,central,66,"913 Highland, Ashland, KS 67831",,8:00 AM-5:00 PM,,ho83974220,false,True,,,,poll0066
CLAY,Kayla Wang,cyclerk@claycountykansas.org,,7856322552,7856325856,712 5th Street,Suite 102,Clay Center,KS,67432,8:00-5:00,10/11/2016,10/14/2016,central,71,"712 5th Street Suite 102, Clay Center, KS 67432",,8:00 AM-5:00 PM,,ho73396200,false,True,,,,poll0071
CLOUD,Shella Thoman,clerk@cloudcountyks.org,,7852438110,7852438123,811 Washington,,Concordia,KS,66901,8:00-4:30,10/11/2016,10/14/2016,central,76,"811 Washington, Concordia, KS 66901",,8:00 AM-4:30 PM,,ho78837689,false,True,,,,poll0076
COFFEY,Angie Kirchner,angiek@coffeycountyks.org,,6203642191,6203648975,Room 202,110 S 6th,Burlington,KS,66839,8:00-5:00,10/11/2016,10/14/2016,central,81,"Room 202 110 S 6th, Burlington, KS 66839",,8:00 AM-5:00 PM,,ho56118502,false,True,,,,poll0081
COMANCHE,Alice Smith,CM_county_clerk@wan.kdor.state.ks.us,,6205822361,6205822426,201 S New York Avenue,,Coldwater,KS,67029,9:00-12:00 ,10/11/2016,10/14/2016,central,86,"201 S New York Avenue, Coldwater, KS 67029",,9:00 AM-12:00 PM,,ho37839255,false,True,,,,poll0086
COMANCHE,Alice Smith,CM_county_clerk@wan.kdor.state.ks.us,,6205822361,6205822426,201 S New York Avenue,,Coldwater,KS,67029,1:00-5:00,10/11/2016,10/14/2016,central,87,"201 S New York Avenue, Coldwater, KS 67029",,1:00 AM-5:00 PM,,ho37839255,false,True,,,,poll0087
COWLEY,Karen Madison,kmadison@cowleycounty.org,,6202215495,6202215498,321 E. 10th Avenue,,Winfield,KS,67156,8:00-5:00,10/11/2016,10/14/2016,central,96,"321 E. 10th Avenue, Winfield, KS 67156",,8:00 AM-5:00 PM,,ho19711793,false,True,,,,poll0096
CRAWFORD,Don Pyle,countyclerk@ckt.net,,6207246115,6207246007,111 E Forest Avenue,,Girard,KS,66743-0249,8:30-4:30,10/11/2016,10/14/2016,central,101,"111 E Forest Avenue, Girard, KS 66743-0249",,8:30 AM-4:30 PM,,ho44314876,false,True,,,,poll0101
DECATUR,Colleen Geihsler,DC_county_clerk@wan.kdor.state.ks.us,,7854758102,7854758150,120 E Hall St #4,,Oberlin,KS,67749,8:00-5:00,10/11/2016,10/14/2016,central,106,"120 E Hall St #4, Oberlin, KS 67749",,8:00 AM-5:00 PM,,ho88393637,false,True,,,,poll0106
DICKINSON,Barb Jones,DK_county_clerk@wan.kdor.state.ks.us,,7852633774,7852632045,"109 E 1st, Ste. 207",,Abilene,KS,67410,8:00-5:00,10/11/2016,10/14/2016,central,111,"109 E 1st, Ste. 207, Abilene, KS 67410",,8:00 AM-5:00 PM,,ho87225355,false,True,,,,poll0111
DONIPHAN,Peggy Franken,dpcoclerk@rainbowtel.net,,7859853513,7859853723,120 E Chestnut St,,Troy,KS,66087,8:30-5:00,10/11/2016,10/14/2016,central,116,"120 E Chestnut St, Troy, KS 66087",,8:30 AM-5:00 PM,,ho28018905,false,True,,,,poll0116
DOUGLAS,Jameson (Jamie) Shew,jshew@douglas-county.com,,7858325281,7858325192,1100 Massachusetts St,,Lawrence,KS,66044,8:00-5:00,10/11/2016,10/14/2016,central,121,"1100 Massachusetts St, Lawrence, KS 66044",,8:00 AM-5:00 PM,,ho85480065,false,True,,,,poll0121
EDWARDS,Gina Schuette,edwardsclerk@edwards.kscoxmail.com,,6206593000,6206592583,312 Massachusetts,,Kinsley,KS,67547,8:00-5:00,10/11/2016,10/14/2016,central,126,"312 Massachusetts, Kinsley, KS 67547",,8:00 AM-5:00 PM,,ho63905830,false,True,,,,poll0126
ELK,Vicky D. Wedman,ekclerk@sktc.net,,6203742490,6203742771,127 N Pine St,,Howard,KS,67349,8:00-4:30,10/11/2016,10/14/2016,central,131,"127 N Pine St, Howard, KS 67349",,8:00 AM-4:30 PM,,ho97967978,false,True,,,,poll0131
ELLIS,Donna Maskus,dclerk@ellisco.net,,7856289410,7856289413,"1204 Fort St,",,Hays,KS,67601,8:00-5:00,10/11/2016,10/14/2016,central,136,"1204 Fort St,, Hays, KS 67601",,8:00 AM-5:00 PM,,ho19994593,false,True,,,,poll0136
ELLSWORTH,Shelly Vopat,EWCLERK@KANS.COM,,7854724161,7854723818,210 N Kansas,,Ellsworth,KS,67439,8:00-5:00,10/11/2016,10/14/2016,central,141,"210 N Kansas, Ellsworth, KS 67439",,8:00 AM-5:00 PM,,ho84040399,false,True,,,,poll0141
FINNEY,Elsa Ulrich,eulrich@finneycounty.org,,6202723575,6202723890,Finney Co. Admin. Center,311 N. 9th St.,Garden City,KS,67846,8:00-5:00,10/11/2016,10/14/2016,central,146,"Finney Co. Admin. Center 311 N. 9th St., Garden City, KS 67846",,8:00 AM-5:00 PM,,ho14459408,false,True,,,,poll0146
FORD,Debbie Cox,dcox@fordcounty.net,,6202274550,6202274699,100 Gunsmoke,,Dodge City,KS,67801,9:00-5:00,10/11/2016,10/14/2016,central,151,"100 Gunsmoke, Dodge City, KS 67801",,9:00 AM-5:00 PM,,ho97354625,false,True,,,,poll0151
FRANKLIN,Janet Paddock,jpaddock@franklincoks.org,,7852293410,7852293419,315 S Main,,Ottawa,KS,66067,8:00-4:30,10/11/2016,10/14/2016,central,156,"315 S Main, Ottawa, KS 66067",,8:00 AM-4:30 PM,,ho45551726,false,True,,,,poll0156
GEARY,Rebecca Bossemeyer,rebecca.bossemeyer@gearycounty.org,,7852383912,7852385419,200 E. 8th Street,,Junction City,KS,66441,8:30-5:00,10/11/2016,11/7/2016,central,161,"200 E. 8th Street, Junction City, KS 66441",,8:30 AM-5:00 PM,,ho39936985,false,True,,,,poll0161
GOVE,Doug Press,GO_county_clerk@wan.kdor.state.ks.us,,7859382300,7859384486,520 Washington St. Suite 105,,Gove,KS,67736,8:00-12:00 ,10/11/2016,10/14/2016,central,166,"520 Washington St. Suite 105, Gove, KS 67736",,8:00 AM-12:00 PM,,ho41904618,false,True,,,,poll0166
GOVE,Doug Press,GO_county_clerk@wan.kdor.state.ks.us,,7859382300,7859384486,520 Washington St. Suite 105,,Gove,KS,67736,1:00-5:00,10/11/2016,10/14/2016,central,167,"520 Washington St. Suite 105, Gove, KS 67736",,1:00 AM-5:00 PM,,ho41904618,false,True,,,,poll0167
GRAHAM,Jana Irby,grahcocl@ruraltel.net,,7854213453,7854216374,410 N Pomeroy,,Hill City,KS,67642,8:30-5:00,10/11/2016,10/14/2016,central,176,"410 N Pomeroy, Hill City, KS 67642",,8:30 AM-5:00 PM,,ho55790840,false,True,,,,poll0176
GRANT,Sheila Brown,clerk@pld.com,,6203561335,6203563081,108 S Glenn,,Ulysses,KS,67880,9:00-5:00,10/11/2016,10/14/2016,central,181,"108 S Glenn, Ulysses, KS 67880",,9:00 AM-5:00 PM,,ho36308365,false,True,,,,poll0181
GRAY,Ashley Rogers,arogers@grayco.org,,6208553618,6208553107,33 South Main Street,,Cimarron,KS,67835-0487,8:00-5:00,10/11/2016,10/14/2016,central,186,"33 South Main Street, Cimarron, KS 67835-0487",,8:00 AM-5:00 PM,,ho2233058,false,True,,,,poll0186
GREELEY,Jerri Young,gcclerk@fairpoint.net,,6203764256,6203762294,208 E Harper St,,Tribune,KS,67879,9:00-12:00 (Mountain),10/11/2016,10/14/2016,mountain,191,"208 E Harper St, Tribune, KS 67879",,9:00 AM-12:00 PM,,ho70110386,false,True,,,,poll0191
GREELEY,Jerri Young,gcclerk@fairpoint.net,,6203764256,6203762294,208 E Harper St,,Tribune,KS,67879,1:00-5:00 (Mountain),10/11/2016,10/14/2016,mountain,192,"208 E Harper St, Tribune, KS 67879",,1:00 AM-5:00 PM,,ho70110386,false,True,,,,poll0192
GREENWOOD,Kathy Robison,GW_county_clerk@wan.kdor.state.ks.us,,6205838121,6205838124,311 N Main,,Eureka,KS,67045,8:00-5:00,10/11/2016,10/14/2016,central,201,"311 N Main, Eureka, KS 67045",,8:00 AM-5:00 PM,,ho36479759,false,True,,,,poll0201
HAMILTON,Angie Moser,hmcoclerk@gmail.com,,6203845629,6203845853,219 N Main St,,Syracuse,KS,67878,8:30-4:30 (Mountain),10/11/2016,10/14/2016,mountain,206,"219 N Main St, Syracuse, KS 67878",,8:30 AM-4:30 PM,,ho73486943,false,True,,,,poll0206
HARPER,Ruth A. Elliott,clerk@harpercountyks.gov,,6208425555,6208423455,201 N Jennings Avenue,,Anthony,KS,67003,8:00-12:00 ,10/11/2016,10/14/2016,central,211,"201 N Jennings Avenue, Anthony, KS 67003",,8:00 AM-12:00 PM,,ho5482228,false,True,,,,poll0211
HARPER,Ruth A. Elliott,clerk@harpercountyks.gov,,6208425555,6208423455,201 N Jennings Avenue,,Anthony,KS,67003,1:00-5:00,10/11/2016,10/14/2016,central,212,"201 N Jennings Avenue, Anthony, KS 67003",,1:00 AM-5:00 PM,,ho5482228,false,True,,,,poll0212
HARVEY,Rick Piepho,rpiepho@harveycounty.com,,3162846842,3162846856,800 N Main St,,Newton,KS,67114,8:00-5:00,10/11/2016,11/7/2016,central,221,"800 N Main St, Newton, KS 67114",,8:00 AM-5:00 PM,,ho82388413,false,True,,,,poll0221
HASKELL,Pam Carrion,hspc@unitedwireless.com,,6206752263,6206752681,300 Inman St,,Sublette,KS,67877,9:00-5:00,11/7/2016,11/7/2016,central,226,"300 Inman St, Sublette, KS 67877",,9:00 AM-5:00 PM,,ho24914065,false,True,,,,poll0226
HODGEMAN,Sarah Rains,HG_county_clerk@wan.kdor.state.ks.us,,6203576421,6203576313,500 Main,,Jetmore,KS,67854,9:00-12:00,10/11/2016,10/14/2016,central,227,"500 Main, Jetmore, KS 67854",,9:00 AM-12:00 PM,,ho45754666,false,True,,,,poll0227
HODGEMAN,Sarah Rains,HG_county_clerk@wan.kdor.state.ks.us,,6203576421,6203576313,500 Main,,Jetmore,KS,67854,1:00-5:00,10/11/2016,10/14/2016,central,228,"500 Main, Jetmore, KS 67854",,1:00 AM-5:00 PM,,ho45754666,false,True,,,,poll0228
JACKSON,Kathy Mick,JA_county_clerk@wan.kdor.state.ks.us,,7853642891,7853644204,400 New York,,Holton,KS,66436,8:00-4:30,10/11/2016,10/14/2016,central,237,"400 New York, Holton, KS 66436",,8:00 AM-4:30 PM,,ho85119386,false,True,,,,poll0237
JEFFERSON,Linda Buttron,lbuttron@jfcountyks.com,,7858632272,7858633135,300 Jefferson St,,Oskaloosa,KS,66066,8:00-4:30,10/11/2016,10/14/2016,central,242,"300 Jefferson St, Oskaloosa, KS 66066",,8:00 AM-4:30 PM,,ho95871056,false,True,,,,poll0242
JEWELL,Carla J Waugh,JW_county_clerk@wan.kdor.state.ks.us,,7853784020,7853783037,307 N Commercial,,Mankato,KS,66956,8:30-12:00,10/11/2016,10/14/2016,central,247,"307 N Commercial, Mankato, KS 66956",,8:30 AM-12:00 PM,,ho31269569,false,True,,,,poll0247
JEWELL,Carla J Waugh,JW_county_clerk@wan.kdor.state.ks.us,,7853784020,7853783037,307 N Commercial,,Mankato,KS,66956,1:00-4:30,10/11/2016,10/14/2016,central,248,"307 N Commercial, Mankato, KS 66956",,1:00 AM-4:30 PM,,ho31269569,false,True,,,,poll0248
JOHNSON,Ronnie Metsker,Ronnie.Metsker@jocogov.org,,9137823441,9137911753,2101 E Kansas City Rd,,Olathe,KS,66061,8:00-5:00,10/11/2016,10/14/2016,central,257,"2101 E Kansas City Rd, Olathe, KS 66061",,8:00 AM-5:00 PM,,ho65784832,false,True,,,,poll0257
KEARNY,Jana G. Jenkinson,keclerk@pld.com,,6203556422,6203557382,304 N Main St,,Lakin,KS,67860,8:00-5:00,10/11/2016,10/14/2016,central,262,"304 N Main St, Lakin, KS 67860",,8:00 AM-5:00 PM,,ho48011121,false,True,,,,poll0262
KINGMAN,Carol Noblit,KM_county_clerk@wan.kdor.state.ks.us,,6205322521,6205322037,130 N Spruce,,Kingman,KS,67068,8:00-5:00,10/11/2016,10/14/2016,central,267,"130 N Spruce, Kingman, KS 67068",,8:00 AM-5:00 PM,,ho73638989,false,True,,,,poll0267
KIOWA,Kristi Cooper,kristi.cooper@kiowacountyks.org,,6207233366,6207233234,211 East Florida Avenue,,Greensburg,KS,67054,8:30-12:00,10/11/2016,10/14/2016,central,272,"211 East Florida Avenue, Greensburg, KS 67054",,8:30 AM-12:00 PM,,ho24892030,false,True,,,,poll0272
KIOWA,Kristi Cooper,kristi.cooper@kiowacountyks.org,,6207233366,6207233234,211 East Florida Avenue,,Greensburg,KS,67054,1:00-5:00,10/11/2016,10/14/2016,central,273,"211 East Florida Avenue, Greensburg, KS 67054",,1:00 AM-5:00 PM,,ho24892030,false,True,,,,poll0273
LABETTE,Peggy Minor,pminor@labettecounty.com,,6207952138,6207952928,501 Merchant St #9,,Oswego,KS,67356,8:00-5:00,10/11/2016,10/14/2016,central,282,"501 Merchant St #9, Oswego, KS 67356",,8:00 AM-5:00 PM,,ho87186618,false,True,,,,poll0282
LANE,Stephanie M. Benzel,LE_county_clerk@wan.kdor.state.ks.us,,6203975356,6203975419,144 S Lane St,,Dighton,KS,67839,8:00-5:00,10/11/2016,10/14/2016,central,287,"144 S Lane St, Dighton, KS 67839",,8:00 AM-5:00 PM,,ho25637587,false,True,,,,poll0287
LEAVENWORTH,Janet Klasinski,jklasinski@leavenworthcounty.org,,9136840422,9136801489,300 Walnut,,Leavenworth,KS,66048,8:00-5:00,10/11/2016,10/14/2016,central,292,"300 Walnut, Leavenworth, KS 66048",,8:00 AM-5:00 PM,,ho99781800,false,True,,,,poll0292
LINCOLN,Dawn Harlow,lcclerk@lincolncoks.org,,7855244757,7855245008,216 E Lincoln Ave,,Lincoln,KS,67455,8:00-5:00,10/11/2016,10/14/2016,central,297,"216 E Lincoln Ave, Lincoln, KS 67455",,8:00 AM-5:00 PM,,ho10791726,false,True,,,,poll0297
LINN,David L. Lamb,dlamb@linncountyks.com,,9137952668,9137952889,315 Main St,,Mound City,KS,66056,8:00-4:00,10/11/2016,10/14/2016,central,302,"315 Main St, Mound City, KS 66056",,8:00 AM-4:00 PM,,ho53208996,false,True,,,,poll0302
LOGAN,Crystal Rucker,LG_County_Clerk@wan.kdor.state.ks.us,,7856714244,7856713341,710 W 2nd,,Oakley,KS,67748,8:00-5:00,10/11/2016,10/14/2016,central,307,"710 W 2nd, Oakley, KS 67748",,8:00 AM-5:00 PM,,ho35937091,false,True,,,,poll0307
LYON,Tammy Vopat,lyclerk@lyoncounty.org,,6203413245,6203413415,430 Commercial,,Emporia,KS,66801,8:00-5:00,10/11/2016,10/14/2016,central,312,"430 Commercial, Emporia, KS 66801",,8:00 AM-5:00 PM,,ho91932231,false,True,,,,poll0312
MCPHERSON,Cathy Schmidt,cschmidt@mcphersoncountyks.us,,6202413656,6202411168,117 N. Maple,,McPherson,KS,67460,8:00-5:00,10/11/2016,10/14/2016,central,317,"117 N. Maple, McPherson, KS 67460",,8:00 AM-5:00 PM,,ho93723938,false,True,,,,poll0317
MARION,Tina Spencer,tspencer@marioncoks.net,,6203822185,6203828815,Marion County Courthouse,"200 South Third, Suite 104",Marion,KS,66861,8:30-5:00,10/11/2016,10/14/2016,central,322,"Marion County Courthouse 200 South Third, Suite 104, Marion, KS 66861",,8:30 AM-5:00 PM,,ho14727303,false,True,,,,poll0322
MARSHALL,Sonya L. Stohs,msctyclk@bluevalley.net,,7855625361,7855625262,1201 Broadway,,Marysville,KS,66508,8:30-5:00,10/11/2016,10/14/2016,central,327,"1201 Broadway, Marysville, KS 66508",,8:30 AM-5:00 PM,,ho43927063,false,True,,,,poll0327
MEADE,Janet Hale,jhale@meadeco.org,,6208738700,6208738713,200 N Fowler St,,Meade,KS,67864,8:00-12:00,10/11/2016,10/14/2016,central,332,"200 N Fowler St, Meade, KS 67864",,8:00 AM-12:00 PM,,ho19823926,false,True,,,,poll0332
MEADE,Janet Hale,jhale@meadeco.org,,6208738700,6208738713,200 N Fowler St,,Meade,KS,67864,1:00-5:00,10/11/2016,10/14/2016,central,333,"200 N Fowler St, Meade, KS 67864",,1:00 AM-5:00 PM,,ho19823926,false,True,,,,poll0333
MIAMI,Janet White,countyclerk@miamicountyks.org,,9132943976,9132949544,201 S. Pearl,Suite 102,Paola,KS,66071,8:00-4:30,10/11/2016,10/14/2016,central,342,"201 S. Pearl Suite 102, Paola, KS 66071",,8:00 AM-4:30 PM,,ho35035398,false,True,,,,poll0342
MITCHELL,Chris Treaster,mitchell_co@nckcn.com,,7857383652,7857385524,111 S Hersey,,Beloit,KS,67420,8:30-5:00,10/11/2016,10/14/2016,central,347,"111 S Hersey, Beloit, KS 67420",,8:30 AM-5:00 PM,,ho39808350,false,True,,,,poll0347
MONTGOMERY,Charlotte A. Scott-Schmidt,cassschmidt@mgcountyks.org,,6203301200,6203301202,217 E Myrtle St,,Independence,KS,67301,8:30-12:00,10/11/2016,10/14/2016,central,352,"217 E Myrtle St, Independence, KS 67301",,8:30 AM-12:00 PM,,ho606214,false,True,,,,poll0352
MONTGOMERY,Charlotte A. Scott-Schmidt,cassschmidt@mgcountyks.org,,6203301200,6203301202,217 E Myrtle St,,Independence,KS,67301,1:00-5:00,10/11/2016,10/14/2016,central,353,"217 E Myrtle St, Independence, KS 67301",,1:00 AM-5:00 PM,,ho606214,false,True,,,,poll0353
MORRIS,Michelle Garrett,morris@cgtelco.net,,6207675518,6207676861,501 West Main,,Council Grove,KS,66846,8:00-5:00,10/11/2016,10/14/2016,central,362,"501 West Main, Council Grove, KS 66846",,8:00 AM-5:00 PM,,ho29403476,false,True,,,,poll0362
MORTON,Gina Castillo,mortoncountyclerk@elkhart.com,,6206972157,6206972159,1025 Morton St,,Elkhart,KS,67950,9:00-5:00,10/11/2016,10/14/2016,central,367,"1025 Morton St, Elkhart, KS 67950",,9:00 AM-5:00 PM,,ho10227693,false,True,,,,poll0367
NEMAHA,Mary Kay Schultejans,nmclerk@carsoncomm.com,,7853362170,7853363373,607 Nemaha,,Seneca,KS,66538,8:00-4:30,10/11/2016,10/14/2016,central,372,"607 Nemaha, Seneca, KS 66538",,8:00 AM-4:30 PM,,ho13473456,false,True,,,,poll0372
NEOSHO,Randal E. Neely,NO_county_clerk@wan.kdor.state.ks.us,,6202443811,6202443810,100 S Main St.,,Erie,KS,66733,8:00-4:30,10/11/2016,10/14/2016,central,377,"100 S Main St., Erie, KS 66733",,8:00 AM-4:30 PM,,ho10592309,false,True,,,,poll0377
NESS,Renee Kerr,NS_county_clerk@wan.kdor.state.ks.us,,7857982401,7857983180,202 W Sycamore,,Ness City,KS,67560,8:00-12:00,10/11/2016,10/14/2016,central,382,"202 W Sycamore, Ness City, KS 67560",,8:00 AM-12:00 PM,,ho4964011,false,True,,,,poll0382
NESS,Renee Kerr,NS_county_clerk@wan.kdor.state.ks.us,,7857982401,7857983180,202 W Sycamore,,Ness City,KS,67560,1:00-5:00,10/11/2016,10/14/2016,central,383,"202 W Sycamore, Ness City, KS 67560",,1:00 AM-5:00 PM,,ho4964011,false,True,,,,poll0383
NORTON,Robert D. Wyatt,NT_county_clerk@wan.kdor.state.ks.us,,7858775710,7858775794,105 S Kansas Ave,,Norton,KS,67654,8:00-5:00,10/11/2016,10/14/2016,central,392,"105 S Kansas Ave, Norton, KS 67654",,8:00 AM-5:00 PM,,ho27872103,false,True,,,,poll0392
OSAGE,Rhonda Beets,rbeets@osageco.org,,7858284812,7858284749,717 Topeka Ave,,Lyndon,KS,66451-0226,8:00-5:00,10/11/2016,10/14/2016,central,397,"717 Topeka Ave, Lyndon, KS 66451-0226",,8:00 AM-5:00 PM,,ho38412410,false,True,,,,poll0397
OSBORNE,Vienna Janis,OB_county_clerk@wan.kdor.state.ks.us,,7853462431,7853465252,423 W Main St,,Osborne,KS,67473,8:30-5:00,10/11/2016,10/14/2016,central,402,"423 W Main St, Osborne, KS 67473",,8:30 AM-5:00 PM,,ho3045406,false,True,,,,poll0402
OTTAWA,Mary Arganbright,occlerk@nckcn.com,,7853922279,7853922011,307 N Concord Suite 130,,Minneapolis,KS,67467,8:00-12:00,10/11/2016,10/14/2016,central,407,"307 N Concord Suite 130, Minneapolis, KS 67467",,8:00 AM-12:00 PM,,ho58907627,false,True,,,,poll0407
OTTAWA,Mary Arganbright,occlerk@nckcn.com,,7853922279,7853922011,307 N Concord Suite 130,,Minneapolis,KS,67467,1:00-5:00,10/11/2016,10/14/2016,central,408,"307 N Concord Suite 130, Minneapolis, KS 67467",,1:00 AM-5:00 PM,,ho58907627,false,True,,,,poll0408
PAWNEE,Ruth M. Searight,PN_county_clerk@wan.kdor.state.ks.us,,6202853721,6202852559,715 Broadway,,Larned,KS,67550,8:30-5:00,10/11/2016,10/14/2016,central,417,"715 Broadway, Larned, KS 67550",,8:30 AM-5:00 PM,,ho70160908,false,True,,,,poll0417
PHILLIPS,Linda McDowell,PL_county_clerk@wan.kdor.state.ks.us,,7855436825,7855436827,301 State Street,,Phillipsburg,KS,67661,8:00-5:00,10/11/2016,10/14/2016,central,422,"301 State Street, Phillipsburg, KS 67661",,8:00 AM-5:00 PM,,ho9764972,false,True,,,,poll0422
POTTAWATOMIE,Nancy McCarter,nmccarter@Pottcounty.org,,7854573314,7854573507,207 N 1st St,,Westmoreland,KS,66549,8:30-4:30,10/11/2016,10/14/2016,central,427,"207 N 1st St, Westmoreland, KS 66549",,8:30 AM-4:30 PM,,ho20735871,false,True,,,,poll0427
PRATT,Sherry Kruse,clerk@prattcounty.org,,6206724110,6206729541,300 S Ninnescah St,,Pratt,KS,67124,8:00-5:00,10/11/2016,10/14/2016,central,432,"300 S Ninnescah St, Pratt, KS 67124",,8:00 AM-5:00 PM,,ho90758429,false,True,,,,poll0432
RAWLINS,Rachel Finley,rachelfinley12@yahoo.com,,7856263351,7856269019,607 Main,,Atwood,KS,67730,9:00-5:00,10/11/2016,10/14/2016,central,437,"607 Main, Atwood, KS 67730",,9:00 AM-5:00 PM,,ho80890185,false,True,,,,poll0437
RENO,Donna Patton,donna.patton@renogov.org,,6206942732,6206942534,206 West 1st,,Hutchinson,KS,67501,8:00-5:00,10/11/2016,10/14/2016,central,442,"206 West 1st, Hutchinson, KS 67501",,8:00 AM-5:00 PM,,ho10151601,false,True,,,,poll0442
REPUBLIC,Kathleen L. Marsicek,kmarsicek@republiccounty.org,,7855277231,7855272668,1815 M. Street,,Belleville,KS,66935-0429,8:00-5:00,10/11/2016,10/14/2016,central,447,"1815 M. Street, Belleville, KS 66935-0429",,8:00 AM-5:00 PM,,ho20966287,false,True,,,,poll0447
RICE,Alicia Showalter,ashow@ricecocthse.com,,6202572232,6202573039,101 W Commercial,,Lyons,KS,67554,8:00-5:00,10/11/2016,10/14/2016,central,452,"101 W Commercial, Lyons, KS 67554",,8:00 AM-5:00 PM,,ho32829058,false,True,,,,poll0452
RILEY,Rich Vargo,rvargo@rileycountyks.gov,,7855376300,7855376394,110 Courthouse Plaza,,Manhattan,KS,66502,8:00-5:00,10/11/2016,10/14/2016,central,457,"110 Courthouse Plaza, Manhattan, KS 66502",,8:00 AM-5:00 PM,,ho30902449,false,True,,,,poll0457
ROOKS,Clara Strutt,ro_county_clerk@wan.kdor.state.ks.us,,7854256391,7854256015,115 N Walnut,,Stockton,KS,67669,8:00-12:00,10/11/2016,10/14/2016,central,462,"115 N Walnut, Stockton, KS 67669",,8:00 AM-12:00 PM,,ho88652434,false,True,,,,poll0462
ROOKS,Clara Strutt,ro_county_clerk@wan.kdor.state.ks.us,,7854256391,7854256015,115 N Walnut,,Stockton,KS,67669,1:00-5:00,10/11/2016,10/14/2016,central,463,"115 N Walnut, Stockton, KS 67669",,1:00 AM-5:00 PM,,ho88652434,false,True,,,,poll0463
RUSH,Corinne Baldwin,rushclerk@gbta.net,,7852222731,7852223559,715 Elm St,,LaCrosse,KS,67548,8:30-12:00,10/11/2016,10/14/2016,central,472,"715 Elm St, LaCrosse, KS 67548",,8:30 AM-12:00 PM,,ho54482322,false,True,,,,poll0472
RUSH,Corinne Baldwin,rushclerk@gbta.net,,7852222731,7852223559,715 Elm St,,LaCrosse,KS,67548,1:00-5:00,10/11/2016,10/14/2016,central,473,"715 Elm St, LaCrosse, KS 67548",,1:00 AM-5:00 PM,,ho54482322,false,True,,,,poll0473
RUSSELL,Mary Nuss,RS_county_clerk@wan.kdor.state.ks.us,,7854834641,7854835725,401 N Main St,,Russell,KS,67665,8:30-5:00,10/11/2016,10/14/2016,central,482,"401 N Main St, Russell, KS 67665",,8:30 AM-5:00 PM,,ho47284691,false,True,,,,poll0482
SALINE,Donald R. Merriman,don.merriman@saline.org,,7853095820,7853095826,300 W Ash,Ste. #215,Salina,KS,67401,8:00-5:00,10/11/2016,10/14/2016,central,487,"300 W Ash Ste. #215, Salina, KS 67401",,8:00 AM-5:00 PM,,ho75726451,false,True,,,,poll0487
SCOTT,Alice Brokofsky,SC_county_clerk@wan.kdor.state.ks.us,,6208722420,6208727145,303 Court,,Scott City,KS,67871,8:00-5:00,10/11/2016,10/14/2016,central,492,"303 Court, Scott City, KS 67871",,8:00 AM-5:00 PM,,ho12576203,false,True,,,,poll0492
SEDGWICK,Tabitha Lehman,tlehman@sedgwick.gov,,3166607100,3166607125,510 N Main,,Wichita,KS,67203-3798,8:00-5:00,10/11/2016,10/14/2016,central,497,"510 N Main, Wichita, KS 67203-3798",,8:00 AM-5:00 PM,,ho30439346,false,True,,,,poll0497
SEWARD,Stacia D. Long,slong@sewardcountyks.org,,6206263355,6206263211,515 N Washington,Ste 100,Liberal,KS,67901,9:00-5:00,10/11/2016,10/14/2016,central,502,"515 N Washington Ste 100, Liberal, KS 67901",,9:00 AM-5:00 PM,,ho25374915,false,True,,,,poll0502
SHAWNEE,Andrew Howell,electionoffice@snco.us,,7852515900,7852660299,3420 SW Van Buren,,Topeka,KS,66611,8:00-5:00,10/11/2016,10/14/2016,central,507,"3420 SW Van Buren, Topeka, KS 66611",,8:00 AM-5:00 PM,,ho91387856,false,True,,,,poll0507
SHERIDAN,Heather Bracht,sdcoclk@ruraltel.net,,7856753361,7856753487,925 9th Street,,Hoxie,KS,67740,8:00-12:00,10/11/2016,10/14/2016,central,512,"925 9th Street, Hoxie, KS 67740",,8:00 AM-12:00 PM,,ho5808555,false,True,,,,poll0512
SHERIDAN,Heather Bracht,sdcoclk@ruraltel.net,,7856753361,7856753487,925 9th Street,,Hoxie,KS,67740,1:00-5:00,10/11/2016,10/14/2016,central,513,"925 9th Street, Hoxie, KS 67740",,1:00 AM-5:00 PM,,ho5808555,false,True,,,,poll0513
SHERMAN,Ashley Mannis,amannis@shermancounty.org,,7858904802,7858904809,813 Broadway,Rm 102,Goodland,KS,67735,8:00-12:00 (Mountain),10/11/2016,10/14/2016,mountain,522,"813 Broadway Rm 102, Goodland, KS 67735",,8:00 AM-12:00 PM,,ho73030319,false,True,,,,poll0522
SHERMAN,Ashley Mannis,amannis@shermancounty.org,,7858904802,7858904809,813 Broadway,Rm 102,Goodland,KS,67735,1:00-5:00 (Mountain),10/11/2016,10/14/2016,mountain,523,"813 Broadway Rm 102, Goodland, KS 67735",,1:00 AM-5:00 PM,,ho73030319,false,True,,,,poll0523
SMITH,Sharon Wolters,sm_county_clerk@wan.kdor.state.ks.us,,7852825110,7852825114,218 S Grant,,Smith Center,KS,66967,8:00-12:00,10/11/2016,10/14/2016,central,532,"218 S Grant, Smith Center, KS 66967",,8:00 AM-12:00 PM,,ho12746312,false,True,,,,poll0532
SMITH,Sharon Wolters,sm_county_clerk@wan.kdor.state.ks.us,,7852825110,7852825114,218 S Grant,,Smith Center,KS,66967,1:00-5:00,10/11/2016,10/14/2016,central,533,"218 S Grant, Smith Center, KS 66967",,1:00 AM-5:00 PM,,ho12746312,false,True,,,,poll0533
STAFFORD,Nita Keenan,coclerk@gbta.net,,6205493509,6205493481,209 N Broadway,,St. John,KS,67576,8:00-12:00,10/11/2016,10/14/2016,central,542,"209 N Broadway, St. John, KS 67576",,8:00 AM-12:00 PM,,ho64183587,false,True,,,,poll0542
STAFFORD,Nita Keenan,coclerk@gbta.net,,6205493509,6205493481,209 N Broadway,,St. John,KS,67576,1:00-5:00,10/11/2016,10/14/2016,central,543,"209 N Broadway, St. John, KS 67576",,1:00 AM-5:00 PM,,ho64183587,false,True,,,,poll0543
STANTON,Sandy Barton,ST_county_clerk@wan.kdor.state.ks.us,,6204922140,6204922688,201 N Main St,,Johnson,KS,67855,9:00-12:00,10/11/2016,10/14/2016,central,552,"201 N Main St, Johnson, KS 67855",,9:00 AM-12:00 PM,,ho50080543,false,True,,,,poll0552
STANTON,Sandy Barton,ST_county_clerk@wan.kdor.state.ks.us,,6204922140,6204922688,201 N Main St,,Johnson,KS,67855,1:00-5:00,10/11/2016,10/14/2016,central,553,"201 N Main St, Johnson, KS 67855",,1:00 AM-5:00 PM,,ho50080543,false,True,,,,poll0553
STEVENS,Pam Bensel,SV_county_clerk@wan.kdor.state.ks.us,,6205442541,6205444094,200 E 6th,,Hugoton,KS,67951,9:00-5:00,10/11/2016,10/14/2016,central,562,"200 E 6th, Hugoton, KS 67951",,9:00 AM-5:00 PM,,ho58413211,false,True,,,,poll0562
SUMNER,Debra Norris,dnorris@co.sumner.ks.us,,6203263395,6203262116,501 N Washington Ave,,Wellington,KS,67152,8:00-5:00,10/11/2016,10/14/2016,central,567,"501 N Washington Ave, Wellington, KS 67152",,8:00 AM-5:00 PM,,ho88872326,false,True,,,,poll0567
THOMAS,Shelly Harms,TH_county_clerk@wan.kdor.state.ks.us,,7854604500,7854604503,300 N Court,,Colby,KS,67701,8:00-5:00,10/11/2016,10/14/2016,central,572,"300 N Court, Colby, KS 67701",,8:00 AM-5:00 PM,,ho77877776,false,True,,,,poll0572
TREGO,Lori Augustine,TR_county_clerk@wan.kdor.state.ks.us,,7857435773,7857435594,216 Main St,,WaKeeney,KS,67672,8:30-5:00,10/11/2016,10/14/2016,central,577,"216 Main St, WaKeeney, KS 67672",,8:30 AM-5:00 PM,,ho23730737,false,True,,,,poll0577
WABAUNSEE,Jennifer Savage,jensavage@embarqmail.com,,7857652421,7857653704,215 Kansas Ave,,Alma,KS,66401,8:00-4:30,10/11/2016,10/14/2016,central,582,"215 Kansas Ave, Alma, KS 66401",,8:00 AM-4:30 PM,,ho58876664,false,True,,,,poll0582
WALLACE,Jacalyn Mai,WA_county_clerk@wan.kdor.state.ks.us,,7858524282,7858524783,313 N Main St,,Sharon Springs,KS,67758,8:00-12:00 (Mountain),10/11/2016,10/14/2016,mountain,587,"313 N Main St, Sharon Springs, KS 67758",,8:00 AM-12:00 PM,,ho68324648,false,True,,,,poll0587
WALLACE,Jacalyn Mai,WA_county_clerk@wan.kdor.state.ks.us,,7858524282,7858524783,313 N Main St,,Sharon Springs,KS,67758,1:00-5:00 (Mountain),10/11/2016,10/14/2016,mountain,588,"313 N Main St, Sharon Springs, KS 67758",,1:00 AM-5:00 PM,,ho68324648,false,True,,,,poll0588
WASHINGTON,Denae Jueneman,djueneman@washingtoncountyks.gov,,7853252974,7853252303,214 C St,,Washington,KS,66968,8:00-5:00,10/11/2016,10/14/2016,central,597,"214 C St, Washington, KS 66968",,8:00 AM-5:00 PM,,ho212146,false,True,,,,poll0597
WICHITA,Lynda Goodrich,coclerk@wbsnet.org,,6203752731,6203754350,206 S Fourth St,,Leoti,KS,67861,8:00-12:00,10/11/2016,10/14/2016,central,602,"206 S Fourth St, Leoti, KS 67861",,8:00 AM-12:00 PM,,ho61345820,false,True,,,,poll0602
WICHITA,Lynda Goodrich,coclerk@wbsnet.org,,6203752731,6203754350,206 S Fourth St,,Leoti,KS,67861,1:00-5:00,10/11/2016,10/14/2016,central,603,"206 S Fourth St, Leoti, KS 67861",,1:00 AM-5:00 PM,,ho61345820,false,True,,,,poll0603
WILSON,Rhonda Willard,wilsoncoclerk1@twinmounds.com,,6203782186,6203783841,615 Madison,,Fredonia,KS,66736,8:30-5:00,10/11/2016,10/14/2016,central,612,"615 Madison, Fredonia, KS 66736",,8:30 AM-5:00 PM,,ho84042329,false,True,,,,poll0612
WOODSON,Denice Julian,wococlerk@woodsoncounty.net,,6206258605,6206258670,105 W Rutledge,Room 103,Yates Center,KS,66783,8:00-12:00,10/11/2016,10/14/2016,central,617,"105 W Rutledge Room 103, Yates Center, KS 66783",,8:00 AM-12:00 PM,,ho74342879,false,True,,,,poll0617
WOODSON,Denice Julian,wococlerk@woodsoncounty.net,,6206258605,6206258670,105 W Rutledge,Room 103,Yates Center,KS,66783,1:00-5:00,10/11/2016,10/14/2016,central,618,"105 W Rutledge Room 103, Yates Center, KS 66783",,1:00 AM-5:00 PM,,ho74342879,false,True,,,,poll0618
WYANDOTTE,Bruce Newby,bnewby@wycokck.org,,9135738500,9135738580,850 State Avenue,,Kansas City,KS,66101,8:00-5:00,10/11/2016,10/14/2016,central,627,"850 State Avenue, Kansas City, KS 66101",,8:00 AM-5:00 PM,,ho41720604,false,True,,,,poll0627
